Series,Date,Total Count,Positive,Neutral,Negative,Source,Country
ACNIELSEN,1996-05-05 00:00:00,2058.0,61.0,,18.0,,Australia
ACNIELSEN,1996-06-02 00:00:00,2062.0,63.0,,25.0,,Australia
ACNIELSEN,1996-06-16 00:00:00,2063.0,64.0,,23.0,,Australia
ACNIELSEN,1996-06-30 00:00:00,2057.0,61.0,,29.0,,Australia
ACNIELSEN,1996-07-14 00:00:00,2055.0,60.0,,28.0,,Australia
ACNIELSEN,1996-08-11 00:00:00,2059.0,53.0,,36.0,,Australia
ACNIELSEN,1996-10-06 00:00:00,2078.0,57.0,,31.0,,Australia
ACNIELSEN,1997-05-25 00:00:00,2065.0,46.0,,43.0,,Australia
ACNIELSEN,1997-08-17 00:00:00,2053.0,46.0,,42.0,,Australia
ACNIELSEN,1997-10-12 00:00:00,2057.0,45.0,,46.0,,Australia
ACNIELSEN,1997-11-23 00:00:00,2071.0,41.0,,51.0,,Australia
ACNIELSEN,1998-02-15 00:00:00,2059.0,44.0,,44.0,,Australia
ACNIELSEN,1998-03-15 00:00:00,2062.0,47.0,,40.0,,Australia
ACNIELSEN,1998-03-29 00:00:00,2071.0,41.0,,48.0,,Australia
ACNIELSEN,1998-05-24 00:00:00,2054.0,46.0,,44.0,,Australia
ACNIELSEN,1998-06-21 00:00:00,2075.0,40.0,,50.0,,Australia
ACNIELSEN,1998-07-19 00:00:00,2067.0,39.0,,50.0,,Australia
ACNIELSEN,1998-08-15 00:00:00,2072.0,47.0,,44.0,,Australia
ACNIELSEN,1998-09-09 00:00:00,2077.0,49.0,,42.0,,Australia
ACNIELSEN,1998-09-15 00:00:00,2083.0,49.0,,42.0,,Australia
ACNIELSEN,1998-09-16 00:00:00,1960.0,50.0,,43.0,,Australia
ACNIELSEN,1998-09-23 00:00:00,1988.0,50.0,,42.0,,Australia
ACNIELSEN,1998-09-29 00:00:00,1998.0,52.0,,41.0,,Australia
ACNIELSEN,1998-10-15 00:00:00,1998.0,52.0,,41.0,,Australia
ACNIELSEN,1999-02-25 00:00:00,2063.0,52.0,,37.0,,Australia
ACNIELSEN,1999-04-11 00:00:00,2059.0,54.0,,35.0,,Australia
ACNIELSEN,1999-05-16 00:00:00,2060.0,53.0,,40.0,,Australia
ACNIELSEN,1999-06-05 00:00:00,2063.0,51.0,,41.0,,Australia
ACNIELSEN,1999-07-18 00:00:00,2061.0,55.0,,36.0,,Australia
ACNIELSEN,1999-08-15 00:00:00,2063.0,52.0,,39.0,,Australia
ACNIELSEN,1999-10-10 00:00:00,2057.0,61.0,,30.0,,Australia
ACNIELSEN,1999-12-05 00:00:00,2066.0,59.0,,33.0,,Australia
ACNIELSEN,2000-02-13 00:00:00,2061.0,44.0,,47.0,,Australia
ACNIELSEN,2000-03-26 00:00:00,2077.0,47.0,,44.0,,Australia
ACNIELSEN,2000-05-21 00:00:00,2063.0,48.0,,43.0,,Australia
ACNIELSEN,2000-07-16 00:00:00,2057.0,50.0,,42.0,,Australia
ACNIELSEN,2000-08-13 00:00:00,2062.0,51.0,,40.0,,Australia
ACNIELSEN,2000-09-24 00:00:00,2063.0,49.0,,42.0,,Australia
ACNIELSEN,2000-11-05 00:00:00,2066.0,48.0,,45.0,,Australia
ACNIELSEN,2001-02-11 00:00:00,2068.0,43.0,,51.0,,Australia
ACNIELSEN,2001-03-11 00:00:00,2059.0,37.0,,55.0,,Australia
ACNIELSEN,2001-04-08 00:00:00,1868.0,35.0,,56.0,,Australia
ACNIELSEN,2001-05-06 00:00:00,2072.0,39.0,,53.0,,Australia
ACNIELSEN,2001-05-27 00:00:00,2082.0,44.0,,49.0,,Australia
ACNIELSEN,2001-08-12 00:00:00,2065.0,46.0,,45.0,,Australia
ACNIELSEN,2001-09-02 00:00:00,2058.0,57.0,,35.0,,Australia
ACNIELSEN,2001-09-23 00:00:00,2070.0,65.0,,28.0,,Australia
ACNIELSEN,2001-10-10 00:00:00,2059.0,66.0,,28.0,,Australia
ACNIELSEN,2001-10-21 00:00:00,2068.0,62.0,,31.0,,Australia
ACNIELSEN,2001-10-28 00:00:00,1925.0,60.0,,33.0,,Australia
ACNIELSEN,2001-11-08 00:00:00,2024.0,61.0,,34.0,,Australia
ACNIELSEN,2003-01-14 00:00:00,1549.0,62.0,,32.0,,Australia
ACNIELSEN,2003-05-04 00:00:00,1400.0,61.0,,33.0,,Australia
ACNIELSEN,2003-05-18 00:00:00,1413.0,61.0,,33.0,,Australia
ACNIELSEN,2003-09-21 00:00:00,1423.0,59.0,,34.0,,Australia
ACNIELSEN,2003-12-07 00:00:00,1363.0,63.0,,32.0,,Australia
ACNIELSEN,2004-02-29 00:00:00,1426.0,54.0,,38.0,,Australia
ACNIELSEN,2004-03-28 00:00:00,1403.0,55.0,,37.0,,Australia
ACNIELSEN,2004-04-25 00:00:00,1411.0,55.0,,37.0,,Australia
ACNIELSEN,2004-05-23 00:00:00,1409.0,52.0,,41.0,,Australia
ACNIELSEN,2004-06-19 00:00:00,1419.0,54.0,,39.0,,Australia
ACNIELSEN,2004-07-18 00:00:00,1414.0,53.0,,42.0,,Australia
ACNIELSEN,2004-08-15 00:00:00,1413.0,54.0,,40.0,,Australia
ACNIELSEN,2004-09-05 00:00:00,1415.0,55.0,,39.0,,Australia
ACNIELSEN,2004-09-16 00:00:00,1408.0,56.0,,38.0,,Australia
ACNIELSEN,2004-09-23 00:00:00,1417.0,58.0,,36.0,,Australia
ACNIELSEN,2004-09-30 00:00:00,1397.0,57.0,,38.0,,Australia
ACNIELSEN,2004-10-07 00:00:00,2029.0,60.0,,36.0,,Australia
ACNIELSEN,2005-01-22 00:00:00,1413.0,67.0,,28.0,,Australia
ACNIELSEN,2005-02-13 00:00:00,1407.0,62.0,,32.0,,Australia
ACNIELSEN,2005-03-13 00:00:00,1415.0,54.0,,39.0,,Australia
ACNIELSEN,2005-04-10 00:00:00,1384.0,53.0,,38.0,,Australia
ACNIELSEN,2005-05-08 00:00:00,1409.0,53.0,,40.0,,Australia
ACNIELSEN,2005-06-05 00:00:00,1401.0,59.0,,35.0,,Australia
ACNIELSEN,2005-07-03 00:00:00,1416.0,49.0,,44.0,,Australia
ACNIELSEN,2005-07-31 00:00:00,1428.0,51.0,,41.0,,Australia
ACNIELSEN,2005-08-28 00:00:00,1360.0,51.0,,41.0,,Australia
ACNIELSEN,2005-09-25 00:00:00,1418.0,53.0,,40.0,,Australia
ACNIELSEN,2005-10-23 00:00:00,1409.0,49.0,,43.0,,Australia
ACNIELSEN,2005-11-20 00:00:00,1413.0,43.0,,50.0,,Australia
ACNIELSEN,2005-12-18 00:00:00,1423.0,46.0,,45.0,,Australia
ACNIELSEN,2006-01-29 00:00:00,1325.0,52.0,,39.0,,Australia
ACNIELSEN,2006-02-26 00:00:00,1399.0,52.0,,41.0,,Australia
ACNIELSEN,2006-03-26 00:00:00,1442.0,56.0,,35.0,,Australia
ACNIELSEN,2006-04-23 00:00:00,1189.0,49.0,,44.0,,Australia
ACNIELSEN,2006-05-20 00:00:00,1427.0,53.0,,42.0,,Australia
ACNIELSEN,2006-06-17 00:00:00,1425.0,54.0,,38.0,,Australia
ACNIELSEN,2006-07-15 00:00:00,1416.0,52.0,,43.0,,Australia
ACNIELSEN,2006-08-12 00:00:00,1411.0,51.0,,43.0,,Australia
ACNIELSEN,2006-09-09 00:00:00,1415.0,55.0,,38.0,,Australia
ACNIELSEN,2006-10-07 00:00:00,1408.0,53.0,,41.0,,Australia
ACNIELSEN,2006-11-04 00:00:00,1408.0,51.0,,42.0,,Australia
ACNIELSEN,2006-12-02 00:00:00,1414.0,48.0,,47.0,,Australia
ACNIELSEN,2007-02-10 00:00:00,1412.0,49.0,,44.0,,Australia
ACNIELSEN,2007-03-10 00:00:00,1404.0,46.0,,49.0,,Australia
ACNIELSEN,2007-04-21 00:00:00,1107.0,49.0,,45.0,,Australia
ACNIELSEN,2007-05-19 00:00:00,1403.0,51.0,,43.0,,Australia
ACNIELSEN,2007-06-16 00:00:00,1403.0,50.0,,43.0,,Australia
ACNIELSEN,2007-07-14 00:00:00,1412.0,49.0,,44.0,,Australia
ACNIELSEN,2007-08-11 00:00:00,1410.0,50.0,,42.0,,Australia
ACNIELSEN,2007-09-08 00:00:00,1380.0,50.0,,44.0,,Australia
ACNIELSEN,2007-10-06 00:00:00,1405.0,50.0,,44.0,,Australia
ACNIELSEN,2007-10-17 00:00:00,1126.0,52.0,,42.0,,Australia
ACNIELSEN,2007-10-31 00:00:00,1476.0,51.0,,42.0,,Australia
ACNIELSEN,2007-11-14 00:00:00,1465.0,51.0,,43.0,,Australia
ACNIELSEN,2007-11-21 00:00:00,2071.0,50.0,,45.0,,Australia
ACNIELSEN,2008-05-17 00:00:00,1400.0,69.0,,22.0,,Australia
ACNIELSEN,2008-06-14 00:00:00,1401.0,67.0,,27.0,,Australia
ACNIELSEN,2008-07-19 00:00:00,1400.0,66.0,,27.0,,Australia
ACNIELSEN,2008-08-16 00:00:00,1400.0,60.0,,31.0,,Australia
ACNIELSEN,2008-09-20 00:00:00,1400.0,61.0,,31.0,,Australia
ACNIELSEN,2008-10-18 00:00:00,1400.0,71.0,,20.0,,Australia
ACNIELSEN,2008-11-15 00:00:00,1400.0,70.0,,22.0,,Australia
CSES,2005-12-30 00:00:00,1703.0,75.28,,24.72,<http://www.umich.edu/~cses/>,Australia
CSES,2007-12-15 00:00:00,1830.0,70.44,,29.56,CSES,Australia
CSES,2019-06-15 00:00:00,1962.0,50.1,,49.9,CSES Module 5,Australia
ESSENTIALRESEARCH,2010-07-19 00:00:00,,52.0,,30.0,https://www.essentialvision.com.au/tag/prime-minister/page/2,Australia
ESSENTIALRESEARCH,2010-12-20 00:00:00,,43.0,,40.0,https://www.essentialvision.com.au/tag/prime-minister/page/2,Australia
ESSENTIALRESEARCH,2011-03-14 00:00:00,,41.0,,46.0,https://www.essentialvision.com.au/tag/prime-minister/page/2,Australia
ESSENTIALRESEARCH,2011-06-14 00:00:00,,34.0,,54.0,https://www.essentialvision.com.au/tag/prime-minister/page/2,Australia
ESSENTIALRESEARCH,2011-09-12 00:00:00,,28.0,,64.0,https://www.essentialvision.com.au/tag/prime-minister/page/2,Australia
ESSENTIALRESEARCH,2011-12-12 00:00:00,,34.0,,54.0,https://www.essentialvision.com.au/tag/prime-minister/page/2,Australia
ESSENTIALRESEARCH,2012-01-16 00:00:00,,37.0,,52.0,https://www.essentialvision.com.au/tag/prime-minister/page/2,Australia
ESSENTIALRESEARCH,2012-02-13 00:00:00,,36.0,,53.0,https://www.essentialvision.com.au/tag/prime-minister/page/2,Australia
ESSENTIALRESEARCH,2012-03-12 00:00:00,,32.0,,61.0,https://www.essentialvision.com.au/tag/prime-minister/page/2,Australia
ESSENTIALRESEARCH,2012-04-16 00:00:00,,32.0,,58.0,https://www.essentialvision.com.au/tag/prime-minister/page/2,Australia
ESSENTIALRESEARCH,2012-05-14 00:00:00,,31.0,,60.0,https://www.essentialvision.com.au/tag/prime-minister/page/2,Australia
ESSENTIALRESEARCH,2012-06-12 00:00:00,,32.0,,56.0,https://www.essentialvision.com.au/tag/prime-minister/page/2,Australia
ESSENTIALRESEARCH,2012-07-16 00:00:00,,32.0,,58.0,https://www.essentialvision.com.au/tag/prime-minister/page/2,Australia
ESSENTIALRESEARCH,2012-08-13 00:00:00,,31.0,,57.0,https://www.essentialvision.com.au/tag/prime-minister/page/2,Australia
ESSENTIALRESEARCH,2012-09-10 00:00:00,,35.0,,54.0,https://www.essentialvision.com.au/tag/prime-minister/page/2,Australia
ESSENTIALRESEARCH,2012-12-10 00:00:00,,37.0,,53.0,https://www.essentialvision.com.au/tag/prime-minister/page/2,Australia
ESSENTIALRESEARCH,2013-01-14 00:00:00,,41.0,,49.0,https://www.essentialvision.com.au/tag/prime-minister/page/2,Australia
ESSENTIALRESEARCH,2013-09-24 00:00:00,,41.0,,36.0,https://www.essentialvision.com.au/tag/prime-minister,Australia
ESSENTIALRESEARCH,2013-11-12 00:00:00,,45.0,,40.0,https://www.essentialvision.com.au/tag/prime-minister,Australia
ESSENTIALRESEARCH,2014-01-14 00:00:00,,47.0,,43.0,https://www.essentialvision.com.au/tag/prime-minister,Australia
ESSENTIALRESEARCH,2014-02-11 00:00:00,,41.0,,47.0,https://www.essentialvision.com.au/tag/prime-minister,Australia
ESSENTIALRESEARCH,2014-03-11 00:00:00,,40.0,,47.0,https://www.essentialvision.com.au/tag/prime-minister,Australia
ESSENTIALRESEARCH,2015-10-05 00:00:00,900.0,47.0,,17.0,https://www.pollbludger.net/bludgertrack2019/leaders.htm?,Australia
ESSENTIALRESEARCH,2015-11-09 00:00:00,900.0,56.0,,20.0,https://www.pollbludger.net/bludgertrack2019/leaders.htm?,Australia
ESSENTIALRESEARCH,2015-12-07 00:00:00,900.0,56.0,,23.0,https://www.pollbludger.net/bludgertrack2019/leaders.htm?,Australia
ESSENTIALRESEARCH,2016-01-18 00:00:00,900.0,51.0,,25.0,https://www.pollbludger.net/bludgertrack2019/leaders.htm?,Australia
ESSENTIALRESEARCH,2016-02-08 00:00:00,900.0,51.0,,27.0,https://www.pollbludger.net/bludgertrack2019/leaders.htm?,Australia
ESSENTIALRESEARCH,2016-03-07 00:00:00,900.0,45.0,,35.0,https://www.pollbludger.net/bludgertrack2019/leaders.htm?,Australia
ESSENTIALRESEARCH,2016-04-11 00:00:00,900.0,39.0,,39.0,https://www.pollbludger.net/bludgertrack2019/leaders.htm?,Australia
ESSENTIALRESEARCH,2016-05-16 00:00:00,900.0,40.0,,42.0,https://www.pollbludger.net/bludgertrack2019/leaders.htm?,Australia
ESSENTIALRESEARCH,2016-05-30 00:00:00,900.0,41.0,,39.0,https://www.pollbludger.net/bludgertrack2019/leaders.htm?,Australia
ESSENTIALRESEARCH,2016-06-06 00:00:00,900.0,38.0,,40.0,https://www.pollbludger.net/bludgertrack2019/leaders.htm?,Australia
ESSENTIALRESEARCH,2016-06-27 00:00:00,900.0,40.0,,40.0,https://www.pollbludger.net/bludgertrack2019/leaders.htm?,Australia
ESSENTIALRESEARCH,2016-07-11 00:00:00,917.0,37.0,,48.0,https://www.pollbludger.net/bludgertrack2019/leaders.htm?,Australia
ESSENTIALRESEARCH,2016-08-08 00:00:00,888.0,38.0,,43.0,https://www.pollbludger.net/bludgertrack2019/leaders.htm?,Australia
ESSENTIALRESEARCH,2016-10-10 00:00:00,879.0,38.0,,41.0,https://www.pollbludger.net/bludgertrack2019/leaders.htm?,Australia
ESSENTIALRESEARCH,2016-11-07 00:00:00,888.0,36.0,,44.0,https://www.pollbludger.net/bludgertrack2019/leaders.htm?,Australia
ESSENTIALRESEARCH,2016-12-12 00:00:00,890.0,34.0,,46.0,https://www.pollbludger.net/bludgertrack2019/leaders.htm?,Australia
ESSENTIALRESEARCH,2017-01-16 00:00:00,1017.0,37.0,,48.0,https://www.pollbludger.net/bludgertrack2019/leaders.htm?,Australia
ESSENTIALRESEARCH,2017-02-13 00:00:00,897.0,34.0,,49.0,https://www.pollbludger.net/bludgertrack2019/leaders.htm?,Australia
ESSENTIALRESEARCH,2017-03-13 00:00:00,899.0,33.0,,50.0,https://www.pollbludger.net/bludgertrack2019/leaders.htm?,Australia
ESSENTIALRESEARCH,2017-04-10 00:00:00,892.0,35.0,,47.0,https://www.pollbludger.net/bludgertrack2019/leaders.htm?,Australia
ESSENTIALRESEARCH,2017-05-08 00:00:00,891.0,37.0,,48.0,https://www.pollbludger.net/bludgertrack2019/leaders.htm?,Australia
ESSENTIALRESEARCH,2017-06-19 00:00:00,895.0,36.0,,45.0,https://www.pollbludger.net/bludgertrack2019/leaders.htm?,Australia
ESSENTIALRESEARCH,2017-07-17 00:00:00,900.0,37.0,,49.0,https://www.pollbludger.net/bludgertrack2019/leaders.htm?,Australia
ESSENTIALRESEARCH,2017-08-07 00:00:00,894.0,38.0,,46.0,https://www.pollbludger.net/bludgertrack2019/leaders.htm?,Australia
ESSENTIALRESEARCH,2017-09-11 00:00:00,922.0,41.0,,46.0,https://www.pollbludger.net/bludgertrack2019/leaders.htm?,Australia
ESSENTIALRESEARCH,2017-10-09 00:00:00,922.0,42.0,,43.0,https://www.pollbludger.net/bludgertrack2019/leaders.htm?,Australia
ESSENTIALRESEARCH,2017-11-13 00:00:00,909.0,37.0,,49.0,https://www.pollbludger.net/bludgertrack2019/leaders.htm?,Australia
ESSENTIALRESEARCH,2017-12-11 00:00:00,906.0,41.0,,44.0,https://www.pollbludger.net/bludgertrack2019/leaders.htm?,Australia
ESSENTIALRESEARCH,2018-01-22 00:00:00,913.0,38.0,,45.0,https://www.pollbludger.net/bludgertrack2019/leaders.htm?,Australia
ESSENTIALRESEARCH,2018-02-12 00:00:00,884.0,39.0,,42.0,https://www.pollbludger.net/bludgertrack2019/leaders.htm?,Australia
ESSENTIALRESEARCH,2018-03-11 00:00:00,1025.0,41.0,,43.0,https://www.pollbludger.net/bludgertrack2019/leaders.htm?,Australia
ESSENTIALRESEARCH,2018-04-08 00:00:00,1033.0,39.0,,42.0,https://www.pollbludger.net/bludgertrack2019/leaders.htm?,Australia
ESSENTIALRESEARCH,2018-05-06 00:00:00,1033.0,40.0,,42.0,https://www.pollbludger.net/bludgertrack2019/leaders.htm?,Australia
ESSENTIALRESEARCH,2018-06-03 00:00:00,1025.0,42.0,,42.0,https://www.pollbludger.net/bludgertrack2019/leaders.htm?,Australia
ESSENTIALRESEARCH,2018-07-15 00:00:00,1030.0,43.0,,40.0,https://www.pollbludger.net/bludgertrack2019/leaders.htm?,Australia
ESSENTIALRESEARCH,2018-08-12 00:00:00,1032.0,42.0,,42.0,https://www.pollbludger.net/bludgertrack2019/leaders.htm?,Australia
ESSENTIALRESEARCH,2018-09-09 00:00:00,1050.0,37.0,,31.0,https://www.pollbludger.net/bludgertrack2019/leaders.htm?,Australia
ESSENTIALRESEARCH,2018-10-07 00:00:00,1025.0,43.0,,28.0,https://www.pollbludger.net/bludgertrack2019/leaders.htm?,Australia
ESSENTIALRESEARCH,2018-11-04 00:00:00,1028.0,41.0,,37.0,https://www.pollbludger.net/bludgertrack2019/leaders.htm?,Australia
ESSENTIALRESEARCH,2018-12-15 00:00:00,1089.0,42.0,,34.0,Mitosfky Report,Australia
ESSENTIALRESEARCH,2019-01-12 00:00:00,1089.0,43.0,,39.0,https://www.pollbludger.net/bludgertrack2022/leaders.htm,Australia
ESSENTIALRESEARCH,2019-03-11 00:00:00,1089.0,43.0,,41.0,https://www.pollbludger.net/bludgertrack2022/leaders.htm,Australia
ESSENTIALRESEARCH,2019-06-23 00:00:00,1079.0,48.0,,36.0,https://www.pollbludger.net/bludgertrack2022/leaders.htm,Australia
ESSENTIALRESEARCH,2019-07-21 00:00:00,1091.0,48.0,,34.0,https://www.pollbludger.net/bludgertrack2022/leaders.htm,Australia
ESSENTIALRESEARCH,2019-08-18 00:00:00,1102.0,48.0,,34.0,https://www.pollbludger.net/bludgertrack2022/leaders.htm,Australia
ESSENTIALRESEARCH,2019-09-15 00:00:00,1093.0,49.0,,36.0,https://www.pollbludger.net/bludgertrack2022/leaders.htm,Australia
ESSENTIALRESEARCH,2019-10-13 00:00:00,1088.0,47.0,,38.0,https://www.pollbludger.net/bludgertrack2022/leaders.htm,Australia
ESSENTIALRESEARCH,2019-11-10 00:00:00,1075.0,45.0,,41.0,https://www.pollbludger.net/bludgertrack2022/leaders.htm,Australia
ESSENTIALRESEARCH,2019-12-07 00:00:00,1035.0,45.0,,43.0,https://www.pollbludger.net/bludgertrack2022/leaders.htm,Australia
ESSENTIALRESEARCH,2020-01-11 00:00:00,1081.0,40.0,,52.0,https://www.pollbludger.net/bludgertrack2022/leaders.htm,Australia
ESSENTIALRESEARCH,2020-02-08 00:00:00,1056.0,39.0,,52.0,https://www.pollbludger.net/bludgertrack2022/leaders.htm,Australia
ESSENTIALRESEARCH,2020-03-08 00:00:00,1096.0,41.0,,49.0,https://www.pollbludger.net/bludgertrack2022/leaders.htm,Australia
ESSENTIALRESEARCH,2020-04-05 00:00:00,1069.0,59.0,,31.0,https://www.pollbludger.net/bludgertrack2022/leaders.htm,Australia
ESSENTIALRESEARCH,2020-05-03 00:00:00,1093.0,64.0,,27.0,https://www.pollbludger.net/bludgertrack2022/leaders.htm,Australia
ESSENTIALRESEARCH,2020-05-31 00:00:00,1059.0,65.0,,26.0,https://www.pollbludger.net/bludgertrack2022/leaders.htm,Australia
ESSENTIALRESEARCH,2020-07-12 00:00:00,1054.0,63.0,,27.0,https://www.pollbludger.net/bludgertrack2022/leaders.htm,Australia
ESSENTIALRESEARCH,2020-08-09 00:00:00,1010.0,66.0,,23.0,https://www.pollbludger.net/bludgertrack2022/leaders.htm,Australia
ESSENTIALRESEARCH,2020-09-06 00:00:00,1076.0,64.0,,28.0,https://www.pollbludger.net/bludgertrack2022/leaders.htm,Australia
ESSENTIALRESEARCH,2020-10-19 00:00:00,1082.0,63.0,,27.0,https://www.pollbludger.net/bludgertrack2022/leaders.htm,Australia
ESSENTIALRESEARCH,2020-11-16 00:00:00,1010.0,66.0,,25.0,https://www.pollbludger.net/bludgertrack2022/leaders.htm,Australia
ESSENTIALRESEARCH,2020-12-14 00:00:00,1071.0,62.0,,28.0,https://www.pollbludger.net/bludgertrack2022/leaders.htm,Australia
ESSENTIALRESEARCH,2021-01-18 00:00:00,1084.0,61.0,,30.0,https://www.pollbludger.net/bludgertrack2022/leaders.htm,Australia
ESSENTIALRESEARCH,2021-02-15 00:00:00,1109.0,65.0,,28.0,https://www.pollbludger.net/bludgertrack2022/leaders.htm,Australia
ESSENTIALRESEARCH,2021-03-15 00:00:00,1124.0,62.0,,29.0,https://www.pollbludger.net/bludgertrack2022/leaders.htm,Australia
ESSENTIALRESEARCH,2021-03-28 00:00:00,1100.0,57.0,,35.0,https://www.pollbludger.net/bludgertrack2022/leaders.htm,Australia
ESSENTIALRESEARCH,2021-04-12 00:00:00,1368.0,54.0,,37.0,https://www.pollbludger.net/bludgertrack2022/leaders.htm,Australia
ESSENTIALRESEARCH,2021-05-10 00:00:00,1092.0,58.0,,32.0,https://www.pollbludger.net/bludgertrack2022/leaders.htm,Australia
ESSENTIALRESEARCH,2021-06-06 00:00:00,1104.0,57.0,,36.0,https://www.pollbludger.net/bludgertrack2022/leaders.htm,Australia
ESSENTIALRESEARCH,2021-07-04 00:00:00,1099.0,51.0,,40.0,https://www.pollbludger.net/bludgertrack2022/leaders.htm,Australia
ESSENTIALRESEARCH,2021-08-01 00:00:00,1057.0,50.0,,40.0,https://www.pollbludger.net/bludgertrack2022/leaders.htm,Australia
ESSENTIALRESEARCH,2021-08-29 00:00:00,1100.0,50.0,,41.0,https://www.pollbludger.net/bludgertrack2022/leaders.htm,Australia
ESSENTIALRESEARCH,2021-10-10 00:00:00,1097.0,54.0,,37.0,https://www.pollbludger.net/bludgertrack2022/leaders.htm,Australia
ESSENTIALRESEARCH,2021-11-07 00:00:00,1089.0,48.0,,42.0,https://www.pollbludger.net/bludgertrack2022/leaders.htm,Australia
ESSENTIALRESEARCH,2021-12-21 00:00:00,1095.0,46.0,,44.0,https://www.theguardian.com/australia-news/2021/dec/21/morrisons-approval-dives-over-vaccine-rollout-grants-and-brittany-higgins-fallout-poll-suggests,Australia
ESSENTIALRESEARCH,2022-01-15 00:00:00,1028.0,46.0,,46.0,https://www.theguardian.com/australia-news/2022/jan/25/guardian-essential-poll-disillusion-growing-over-coalition-handling-of-pandemic,Australia
ESSENTIALRESEARCH,2022-02-15 00:00:00,,44.0,,49.0,https://essentialreport.com.au/reports/federal-political-insights,Australia
ESSENTIALRESEARCH,2022-03-15 00:00:00,,45.0,,48.0,https://essentialreport.com.au/reports/federal-political-insights,Australia
ESSENTIALRESEARCH,2022-04-15 00:00:00,,44.0,,48.0,https://essentialreport.com.au/reports/federal-political-insights,Australia
ESSENTIALRESEARCH,2022-05-15 00:00:00,,43.0,,49.0,https://essentialreport.com.au/reports/18-may-2022,Australia
ESSENTIALRESEARCH,2022-06-15 00:00:00,,59.0,,18.0,https://essentialreport.com.au/reports/15-june-2022,Australia
ESSENTIALRESEARCH,2022-06-07 00:00:00,,56.0,,24.0,https://essentialreport.com.au/reports/11-july-2022,Australia
ESSENTIALRESEARCH,2022-08-06 00:00:00,1075.0,55.0,,28.0,https://www.pollbludger.net/fed2025/bludgertrack/leaders.htm?,Australia
ESSENTIALRESEARCH,2022-09-30 00:00:00,1070.0,59.0,,25.0,https://www.pollbludger.net/fed2025/bludgertrack/leaders.htm?,Australia
ESSENTIALRESEARCH,2022-10-15 00:00:00,1122.0,58.0,,26.0,https://www.pollbludger.net/fed2025/bludgertrack/leaders.htm?,Australia
ESSENTIALRESEARCH,2022-11-13 00:00:00,1035.0,60.0,,27.0,https://www.pollbludger.net/fed2025/bludgertrack/leaders.htm?,Australia
ESSENTIALRESEARCH,2022-12-10 00:00:00,1042.0,60.0,,27.0,https://www.pollbludger.net/fed2025/bludgertrack/leaders.htm?,Australia
ESSENTIALRESEARCH,2023-01-21 00:00:00,1050.0,55.0,,31.0,https://www.pollbludger.net/fed2025/bludgertrack/leaders.htm?,Australia
ESSENTIALRESEARCH,2023-02-18 00:00:00,1044.0,53.0,,34.0,https://www.pollbludger.net/fed2025/bludgertrack/leaders.htm?,Australia
ESSENTIALRESEARCH,2023-04-01 00:00:00,1133.0,52.0,,35.0,https://www.pollbludger.net/fed2025/bludgertrack/leaders.htm?,Australia
ESSENTIALRESEARCH,2023-04-15 00:00:00,1136.0,56.0,,29.0,https://www.pollbludger.net/fed2025/bludgertrack/leaders.htm?,Australia
ESSENTIALRESEARCH,2023-05-13 00:00:00,1125.0,54.0,,35.0,https://www.pollbludger.net/fed2025/bludgertrack/leaders.htm?,Australia
ESSENTIALRESEARCH,2023-07-22 00:00:00,1150.0,48.0,,41.0,https://www.pollbludger.net/fed2025/bludgertrack/leaders.htm?,Australia
ESSENTIALRESEARCH,2023-09-02 00:00:00,1141.0,46.0,,43.0,https://www.pollbludger.net/fed2025/bludgertrack/leaders.htm?,Australia
ESSENTIALRESEARCH,2023-10-14 00:00:00,1125.0,46.0,,43.0,https://www.pollbludger.net/fed2025/bludgertrack/leaders.htm?,Australia
ESSENTIALRESEARCH,2023-11-25 00:00:00,1151.0,42.0,,47.0,https://www.pollbludger.net/fed2025/bludgertrack/leaders.htm?,Australia
ESSENTIALRESEARCH,2024-01-18 00:00:00,1132.0,45.0,,45.0,https://www.pollbludger.net/fed2025/bludgertrack/leaders.htm?,Australia
ESSENTIALRESEARCH,2024-01-27 00:00:00,1201.0,41.0,,47.0,https://www.pollbludger.net/fed2025/bludgertrack/leaders.htm?,Australia
ESSENTIALRESEARCH,2024-02-25 00:00:00,1201.0,42.0,,47.0,https://www.pollbludger.net/fed2025/bludgertrack/leaders.htm?,Australia
ESSENTIALRESEARCH,2024-04-20 00:00:00,1145.0,43.0,,48.0,https://www.pollbludger.net/fed2025/bludgertrack/leaders.htm?,Australia
ESSENTIALRESEARCH,2024-07-27 00:00:00,1137.0,43.0,,46.0,https://www.pollbludger.net/fed2025/bludgertrack/leaders.htm?,Australia
ESSENTIALRESEARCH,2024-08-24 00:00:00,1137.0,40.0,,50.0,https://www.pollbludger.net/fed2025/bludgertrack/leaders.htm?,Australia
ESSENTIALRESEARCH,2024-09-07 00:00:00,1132.0,40.0,,42.0,https://www.pollbludger.net/fed2025/bludgertrack/leaders.htm?,Australia
ESSENTIALRESEARCH,2024-09-21 00:00:00,1117.0,42.0,,42.0,,Australia
ESSENTIALRESEARCH,2024-10-19 00:00:00,1140.0,44.0,,48.0,https://www.pollbludger.net/fed2025/bludgertrack/leaders.htm?,Australia
ESSENTIALRESEARCH,2024-11-17 00:00:00,1206.0,43.0,,48.0,https://www.pollbludger.net/fed2025/bludgertrack/leaders.htm?,Australia
ESSENTIALRESEARCH,2024-12-14 00:00:00,1151.0,39.0,,50.0,https://www.pollbludger.net/fed2025/bludgertrack/leaders.htm?,Australia
ESSENTIALRESEARCH,2025-01-18 00:00:00,1132.0,45.0,,45.0,https://www.pollbludger.net/fed2025/bludgertrack/leaders.htm?,Australia
ESSENTIALRESEARCH,2025-02-15 00:00:00,1146.0,42.0,,47.0,https://www.pollbludger.net/fed2025/bludgertrack/leaders.htm?,Australia
ESSENTIALRESEARCH,2025-03-01 00:00:00,1150.0,41.0,,41.0,https://www.pollbludger.net/fed2025/bludgertrack/leaders.htm?,Australia
ESSENTIALRESEARCH,2025-03-16 00:00:00,2256.0,46.0,,41.0,https://www.pollbludger.net/fed2025/bludgertrack/leaders.htm?,Australia
ESSENTIALRESEARCH,2025-03-25 00:00:00,1144.0,44.0,,41.0,https://www.pollbludger.net/fed2025/bludgertrack/leaders.htm?,Australia
ESSENTIALRESEARCH,2025-04-12 00:00:00,2254.0,44.0,,39.0,https://www.pollbludger.net/fed2025/bludgertrack/leaders.htm?,Australia
ESSENTIALRESEARCH,2025-07-29 00:00:00,1012.0,50.0,,41.0,https://www.pollbludger.net/fed2028/bludgertrack/leaders.htm?,Australia
ESSENTIALRESEARCH,2025-08-26 00:00:00,1034.0,49.0,,43.0,https://www.pollbludger.net/fed2028/bludgertrack/leaders.htm?,Australia
ESSENTIALRESEARCH,2025-09-29 00:00:00,1001.0,44.0,,46.0,https://www.pollbludger.net/fed2028/bludgertrack/leaders.htm?,Australia
ESSENTIALRESEARCH,2025-10-27 00:00:00,1041.0,45.0,,44.0,https://www.pollbludger.net/fed2028/bludgertrack/leaders.htm?,Australia
ESSENTIALRESEARCH,2025-11-24 00:00:00,1020.0,47.0,,43.0,https://www.pollbludger.net/fed2028/bludgertrack/leaders.htm?,Australia
ESSENTIALRESEARCH,2025-12-20 00:00:00,1030.0,43.0,,45.0,https://www.pollbludger.net/fed2028/bludgertrack/leaders.htm?,Australia
FOX&HEDGEHOG,2026-01-06 00:00:00,1608.0,33.0,,48.0,https://www.pollbludger.net/fed2028/bludgertrack/leaders.htm?,Australia
Freshwater Strategy,2024-09-14 00:00:00,1057.0,34.0,,49.0,https://www.pollbludger.net/fed2025/bludgertrack/leaders.htm?,Australia
Freshwater Strategy,2024-10-19 00:00:00,1034.0,35.0,,49.0,https://www.pollbludger.net/fed2025/bludgertrack/leaders.htm?,Australia
Freshwater Strategy,2024-11-16 00:00:00,1034.0,33.0,,50.0,https://www.pollbludger.net/fed2025/bludgertrack/leaders.htm?,Australia
Freshwater Strategy,2024-12-14 00:00:00,1051.0,34.0,,51.0,https://www.pollbludger.net/fed2025/bludgertrack/leaders.htm?,Australia
FreshwaterStrategy,2022-12-17 00:00:00,1209.0,48.0,,30.0,https://www.pollbludger.net/fed2025/bludgertrack/leaders.htm?,Australia
FreshwaterStrategy,2023-05-16 00:00:00,1005.0,42.0,,37.0,https://www.pollbludger.net/fed2025/bludgertrack/leaders.htm?,Australia
FreshwaterStrategy,2023-09-23 00:00:00,1003.0,38.0,,41.0,https://www.pollbludger.net/fed2025/bludgertrack/leaders.htm?,Australia
FreshwaterStrategy,2023-12-16 00:00:00,1109.0,37.0,,42.0,https://www.pollbludger.net/fed2025/bludgertrack/leaders.htm?,Australia
FreshwaterStrategy,2024-01-10 00:00:00,1007.0,38.0,,43.0,https://www.pollbludger.net/fed2025/bludgertrack/leaders.htm?,Australia
FreshwaterStrategy,2024-02-17 00:00:00,1049.0,37.0,,44.0,https://www.pollbludger.net/fed2025/bludgertrack/leaders.htm?,Australia
FreshwaterStrategy,2024-03-10 00:00:00,1051.0,37.0,,45.0,https://www.pollbludger.net/fed2025/bludgertrack/leaders.htm?,Australia
FreshwaterStrategy,2024-04-13 00:00:00,1055.0,38.0,,45.0,https://www.pollbludger.net/fed2025/bludgertrack/leaders.htm?,Australia
FreshwaterStrategy,2024-05-18 00:00:00,1056.0,37.0,,45.0,https://www.pollbludger.net/fed2025/bludgertrack/leaders.htm?,Australia
FreshwaterStrategy,2024-06-18 00:00:00,1060.0,34.0,,45.0,https://www.pollbludger.net/fed2025/bludgertrack/leaders.htm?,Australia
FreshwaterStrategy,2024-07-18 00:00:00,1060.0,34.0,,36.0,,Australia
FreshwaterStrategy,2024-08-18 00:00:00,1061.0,35.0,,37.0,,Australia
FreshwaterStrategy,2024-09-14 00:00:00,1057.0,34.0,,34.0,,Australia
FreshwaterStrategy,2024-10-19 00:00:00,1034.0,35.0,,49.0,https://www.pollbludger.net/fed2025/bludgertrack/leaders.htm?,Australia
FreshwaterStrategy,2024-11-16 00:00:00,1034.0,33.0,,50.0,https://www.pollbludger.net/fed2025/bludgertrack/leaders.htm?,Australia
FreshwaterStrategy,2024-12-14 00:00:00,1051.0,34.0,,51.0,https://www.pollbludger.net/fed2025/bludgertrack/leaders.htm?,Australia
FreshwaterStrategy,2024-01-19 00:00:00,1063.0,32.0,,50.0,https://www.pollbludger.net/fed2025/bludgertrack/leaders.htm?,Australia
FreshwaterStrategy,2025-02-23 00:00:00,1038.0,35.0,,46.0,https://www.pollbludger.net/fed2025/bludgertrack/leaders.htm?,Australia
FreshwaterStrategy,2025-03-14 00:00:00,1051.0,37.0,,47.0,https://www.pollbludger.net/fed2025/bludgertrack/leaders.htm?,Australia
FreshwaterStrategy,2025-03-29 00:00:00,1059.0,38.0,,48.0,https://www.pollbludger.net/fed2025/bludgertrack/leaders.htm?,Australia
FreshwaterStrategy,2025-04-15 00:00:00,1062.0,37.0,,48.0,https://www.pollbludger.net/fed2025/bludgertrack/leaders.htm?,Australia
FreshwaterStrategy,2025-04-30 00:00:00,2055.0,41.0,,44.0,https://www.pollbludger.net/fed2025/bludgertrack/leaders.htm?,Australia
GALLUPWORLD_LDR,2025-07-07 00:00:00,1000.0,56.0,,43.0,https://docs.google.com/spreadsheets/d/1b8ctKb4iBpuO26QFEHqHspeQwGDiTIMa/edit?usp=sharing&ouid=103621415253554080783&rtpof=true&sd=true,Australia
GALLUPWORLD_LSHP,2005-12-15 00:00:00,1000.0,50.25,,45.75,https://drive.google.com/drive/folders/0B1t8CP92v4NSZ1BqcVgzUzlaUm8,Australia
GALLUPWORLD_LSHP,2007-04-15 00:00:00,1000.0,48.38,,46.06,https://drive.google.com/drive/folders/0B1t8CP92v4NSZ1BqcVgzUzlaUm8,Australia
GALLUPWORLD_LSHP,2008-06-05 00:00:00,1000.0,68.66,,25.27,https://drive.google.com/drive/folders/0B1t8CP92v4NSZ1BqcVgzUzlaUm8,Australia
GALLUPWORLD_LSHP,2010-03-10 00:00:00,1000.0,58.2,,40.1,https://drive.google.com/drive/folders/0B1t8CP92v4NSZ1BqcVgzUzlaUm8,Australia
GALLUPWORLD_LSHP,2011-04-16 00:00:00,1000.0,48.02,,47.62,https://drive.google.com/drive/folders/0B1t8CP92v4NSZ1BqcVgzUzlaUm8,Australia
GALLUPWORLD_LSHP,2012-09-11 00:00:00,1002.0,35.8,,58.7,https://analyticscampus-gallup-com.proxyiub.uits.iu.edu/Tables,Australia
GALLUPWORLD_LSHP,2013-04-14 00:00:00,1002.0,38.4,,57.7,https://analyticscampus-gallup-com.proxyiub.uits.iu.edu/Tables,Australia
GALLUPWORLD_LSHP,2014-05-01 00:00:00,2002.0,41.2,,50.0,https://analyticscampus-gallup-com.proxyiub.uits.iu.edu/Tables,Australia
GALLUPWORLD_LSHP,2015-06-22 00:00:00,1001.0,44.2,,52.5,https://analyticscampus.gallup.com/Tables,Australia
GALLUPWORLD_LSHP,2016-06-15 00:00:00,1004.0,43.2,,49.5,https://analyticscampus-gallup-com.proxyiub.uits.iu.edu/Tables,Australia
GALLUPWORLD_LSHP,2017-07-17 00:00:00,1003.0,40.8,,51.5,https://analyticscampus-gallup-com.proxyiub.uits.iu.edu/Tables,Australia
GALLUPWORLD_LSHP,2018-07-29 00:00:00,1001.0,46.9,,48.7,https://analyticscampus-gallup-com.proxyiub.uits.iu.edu/Tables,Australia
GALLUPWORLD_LSHP,2019-05-27 00:00:00,1047.0,45.2,,47.9,https://analyticscampus-gallup-com.proxyiub.uits.iu.edu/Tables,Australia
GALLUPWORLD_LSHP,2020-03-22 00:00:00,1003.0,41.0,,57.0,GallupAnalytics_Export_20210217_131017,Australia
GALLUPWORLD_LSHP,2021-06-18 00:00:00,1000.0,55.0,,44.0,https://analyticscampus-gallup-com.proxyiub.uits.iu.edu/Tables,Australia
GALLUPWORLD_LSHP,2021-06-18 00:00:00,1000.0,54.0,,45.0,GallupAnalytics_Export_20240723_084745,Australia
GALLUPWORLD_LSHP,2022-09-11 00:00:00,1000.0,58.0,,40.0,GallupAnalytics_Export_20240723_084745,Australia
GALLUPWORLD_LSHP,2023-07-08 00:00:00,1002.0,60.0,,39.0,GallupAnalytics_Export_20240723_084745,Australia
GALLUPWORLD_LSHP,2025-07-07 00:00:00,1000.0,52.0,,47.0,https://docs.google.com/spreadsheets/d/1s9hN0gQ130Uu5Qj0zEX8oOh-8tAIyprw/edit?usp=sharing&ouid=103621415253554080783&rtpof=true&sd=true,Australia
IPSOS,2007-11-21 00:00:00,,50.0,,45.0,https://www.ipsos.com/en/australian-federal-election-results,Australia
IPSOS,2010-08-19 00:00:00,,50.0,,41.0,https://www.ipsos.com/en/australian-federal-election-results,Australia
IPSOS,2013-09-05 00:00:00,,43.0,,52.0,https://www.ipsos.com/en/australian-federal-election-results,Australia
IPSOS,2015-10-17 00:00:00,1400.0,68.0,,17.0,https://www.pollbludger.net/bludgertrack2019/leaders.htm?,Australia
IPSOS,2015-11-14 00:00:00,1400.0,69.0,,16.0,https://www.pollbludger.net/bludgertrack2019/leaders.htm?,Australia
IPSOS,2016-02-13 00:00:00,1400.0,62.0,,24.0,https://www.pollbludger.net/bludgertrack2019/leaders.htm?,Australia
IPSOS,2016-03-12 00:00:00,1400.0,55.0,,32.0,https://www.pollbludger.net/bludgertrack2019/leaders.htm?,Australia
IPSOS,2016-04-16 00:00:00,1400.0,51.0,,38.0,https://www.pollbludger.net/bludgertrack2019/leaders.htm?,Australia
IPSOS,2016-05-07 00:00:00,1400.0,48.0,,40.0,https://www.pollbludger.net/bludgertrack2019/leaders.htm?,Australia
IPSOS,2016-05-21 00:00:00,1400.0,48.0,,38.0,https://www.pollbludger.net/bludgertrack2019/leaders.htm?,Australia
IPSOS,2016-06-04 00:00:00,1400.0,45.0,,42.0,https://www.pollbludger.net/bludgertrack2019/leaders.htm?,Australia
IPSOS,2016-06-18 00:00:00,1400.0,47.0,,42.0,https://www.pollbludger.net/bludgertrack2019/leaders.htm?,Australia
IPSOS,2016-06-30 00:00:00,1400.0,49.0,,41.0,https://www.pollbludger.net/bludgertrack2019/leaders.htm?,Australia
IPSOS,2016-11-26 00:00:00,1403.0,45.0,,45.0,https://www.pollbludger.net/bludgertrack2019/leaders.htm?,Australia
IPSOS,2017-03-25 00:00:00,1400.0,40.0,,48.0,https://www.pollbludger.net/bludgertrack2019/leaders.htm?,Australia
IPSOS,2017-04-15 00:00:00,1401.0,45.0,,44.0,https://www.pollbludger.net/bludgertrack2019/leaders.htm?,Australia
IPSOS,2017-09-09 00:00:00,1400.0,42.0,,47.0,https://www.pollbludger.net/bludgertrack2019/leaders.htm?,Australia
IPSOS,2017-12-02 00:00:00,1401.0,42.0,,49.0,https://www.pollbludger.net/bludgertrack2019/leaders.htm?,Australia
IPSOS,2018-04-05 00:00:00,1166.0,47.0,,43.0,https://www.pollbludger.net/bludgertrack2019/leaders.htm?,Australia
IPSOS,2018-05-13 00:00:00,1200.0,51.0,,39.0,https://www.pollbludger.net/bludgertrack2019/leaders.htm?,Australia
IPSOS,2018-06-27 00:00:00,1200.0,50.0,,44.0,https://www.pollbludger.net/bludgertrack2019/leaders.htm?,Australia
IPSOS,2018-07-21 00:00:00,1200.0,55.0,,38.0,https://www.pollbludger.net/bludgertrack2019/leaders.htm?,Australia
IPSOS,2018-08-19 00:00:00,1200.0,46.0,,48.0,https://www.pollbludger.net/bludgertrack2019/leaders.htm?,Australia
IPSOS,2018-09-16 00:00:00,1200.0,46.0,,36.0,https://www.pollbludger.net/bludgertrack2019/leaders.htm?,Australia
IPSOS,2018-10-21 00:00:00,1200.0,50.0,,33.0,https://www.pollbludger.net/bludgertrack2019/leaders.htm?,Australia
IPSOS,2018-11-17 00:00:00,1200.0,48.0,,36.0,https://www.pollbludger.net/bludgertrack2022/leaders.htm,Australia
IPSOS,2018-12-15 00:00:00,1200.0,47.0,,39.0,https://www.pollbludger.net/bludgertrack2022/leaders.htm,Australia
IPSOS,2019-02-15 00:00:00,1200.0,49.0,,40.0,https://www.pollbludger.net/bludgertrack2022/leaders.htm,Australia
IPSOS,2019-04-06 00:00:00,1200.0,48.0,,39.0,https://www.pollbludger.net/bludgertrack2022/leaders.htm,Australia
IPSOS,2019-05-04 00:00:00,1207.0,47.0,,44.0,https://www.pollbludger.net/bludgertrack2022/leaders.htm,Australia
IPSOS,2019-05-15 00:00:00,1842.0,48.0,,43.0,https://www.pollbludger.net/bludgertrack2022/leaders.htm,Australia
IPSOS,2022-04-02 00:00:00,,33.0,,48.0,https://www.ipsos.com/en-au/ipsos-national-poll-report-6,Australia
IPSOS,2022-04-23 00:00:00,,34.0,,48.0,https://www.ipsos.com/en-au/ipsos-national-poll-report-5,Australia
IPSOS,2022-05-07 00:00:00,,32.0,,51.0,https://www.ipsos.com/en-au/ipsos-national-poll-report-0,Australia
IPSOS,2022-05-18 00:00:00,,34.0,,51.0,https://www.ipsos.com/en-au/ipsos-national-poll-report-1,Australia
MORGAN,1968-08-15 00:00:00,1000.0,63.0,,,http://www.roymorgan.com/morganpoll,Australia
MORGAN,1969-02-15 00:00:00,1000.0,62.0,,,http://www.roymorgan.com/morganpoll,Australia
MORGAN,1969-04-15 00:00:00,1000.0,64.0,,,http://www.roymorgan.com/morganpoll,Australia
MORGAN,1969-08-31 00:00:00,1000.0,58.0,,,http://www.roymorgan.com/morganpoll,Australia
MORGAN,1969-10-31 00:00:00,1000.0,48.0,,,http://www.roymorgan.com/morganpoll,Australia
MORGAN,1970-06-30 00:00:00,1000.0,46.0,,,http://www.roymorgan.com/morganpoll,Australia
MORGAN,1970-10-31 00:00:00,1000.0,44.0,,,http://www.roymorgan.com/morganpoll,Australia
MORGAN,1971-04-15 00:00:00,1000.0,55.0,,,http://www.roymorgan.com/morganpoll,Australia
MORGAN,1971-06-30 00:00:00,1000.0,53.0,,,http://www.roymorgan.com/morganpoll,Australia
MORGAN,1971-08-31 00:00:00,1000.0,40.0,,,http://www.roymorgan.com/morganpoll,Australia
MORGAN,1971-09-30 00:00:00,1000.0,35.0,,,http://www.roymorgan.com/morganpoll,Australia
MORGAN,1971-11-30 00:00:00,1000.0,36.4,,,http://www.roymorgan.com/morganpoll,Australia
MORGAN,1972-01-15 00:00:00,1000.0,28.0,,,http://www.roymorgan.com/morganpoll,Australia
MORGAN,1972-02-15 00:00:00,1000.0,28.0,,,http://www.roymorgan.com/morganpoll,Australia
MORGAN,1972-04-15 00:00:00,1000.0,25.5,,,http://www.roymorgan.com/morganpoll,Australia
MORGAN,1972-06-30 00:00:00,1000.0,31.0,,,http://www.roymorgan.com/morganpoll,Australia
MORGAN,1972-07-31 00:00:00,1000.0,28.0,,,http://www.roymorgan.com/morganpoll,Australia
MORGAN,1972-08-31 00:00:00,1000.0,29.0,,,http://www.roymorgan.com/morganpoll,Australia
MORGAN,1972-09-30 00:00:00,1000.0,31.0,,,http://www.roymorgan.com/morganpoll,Australia
MORGAN,1972-10-31 00:00:00,1000.0,32.0,,,http://www.roymorgan.com/morganpoll,Australia
MORGAN,1972-11-30 00:00:00,1000.0,33.0,,,http://www.roymorgan.com/morganpoll,Australia
MORGAN,1973-02-15 00:00:00,1000.0,62.0,,,http://www.roymorgan.com/morganpoll,Australia
MORGAN,1973-06-30 00:00:00,1000.0,47.0,,,http://www.roymorgan.com/morganpoll,Australia
MORGAN,1973-07-31 00:00:00,1000.0,48.0,,,http://www.roymorgan.com/morganpoll,Australia
MORGAN,1973-08-31 00:00:00,1000.0,47.0,,,http://www.roymorgan.com/morganpoll,Australia
MORGAN,1973-09-30 00:00:00,1000.0,45.7,,,http://www.roymorgan.com/morganpoll,Australia
MORGAN,1973-10-31 00:00:00,1000.0,43.0,,,http://www.roymorgan.com/morganpoll,Australia
MORGAN,1973-11-30 00:00:00,1000.0,47.5,,,http://www.roymorgan.com/morganpoll,Australia
MORGAN,1973-12-31 00:00:00,1000.0,45.0,,,http://www.roymorgan.com/morganpoll,Australia
MORGAN,1974-01-15 00:00:00,1000.0,46.0,,,http://www.roymorgan.com/morganpoll,Australia
MORGAN,1974-02-15 00:00:00,1000.0,44.0,,,http://www.roymorgan.com/morganpoll,Australia
MORGAN,1974-03-15 00:00:00,1000.0,46.0,,,http://www.roymorgan.com/morganpoll,Australia
MORGAN,1974-04-15 00:00:00,1000.0,49.7,,,http://www.roymorgan.com/morganpoll,Australia
MORGAN,1974-05-31 00:00:00,1000.0,56.0,,,http://www.roymorgan.com/morganpoll,Australia
MORGAN,1974-06-30 00:00:00,1000.0,51.5,,,http://www.roymorgan.com/morganpoll,Australia
MORGAN,1974-07-31 00:00:00,1000.0,46.0,,,http://www.roymorgan.com/morganpoll,Australia
MORGAN,1974-08-31 00:00:00,1000.0,41.0,,,http://www.roymorgan.com/morganpoll,Australia
MORGAN,1974-09-30 00:00:00,1000.0,45.0,,,http://www.roymorgan.com/morganpoll,Australia
MORGAN,1974-10-31 00:00:00,1000.0,38.0,,,http://www.roymorgan.com/morganpoll,Australia
MORGAN,1974-11-30 00:00:00,1000.0,36.3,,,http://www.roymorgan.com/morganpoll,Australia
MORGAN,1974-12-31 00:00:00,1000.0,35.0,,,http://www.roymorgan.com/morganpoll,Australia
MORGAN,1975-01-15 00:00:00,1000.0,39.0,,,http://www.roymorgan.com/morganpoll,Australia
MORGAN,1975-02-15 00:00:00,1000.0,40.5,,,http://www.roymorgan.com/morganpoll,Australia
MORGAN,1975-03-15 00:00:00,1000.0,49.5,,,http://www.roymorgan.com/morganpoll,Australia
MORGAN,1975-04-15 00:00:00,1000.0,44.0,,,http://www.roymorgan.com/morganpoll,Australia
MORGAN,1975-05-31 00:00:00,1000.0,40.0,,,http://www.roymorgan.com/morganpoll,Australia
MORGAN,1975-06-30 00:00:00,1000.0,39.0,,,http://www.roymorgan.com/morganpoll,Australia
MORGAN,1975-07-31 00:00:00,1000.0,29.0,,,http://www.roymorgan.com/morganpoll,Australia
MORGAN,1975-08-31 00:00:00,1000.0,34.0,,,http://www.roymorgan.com/morganpoll,Australia
MORGAN,1975-09-30 00:00:00,1000.0,35.0,,,http://www.roymorgan.com/morganpoll,Australia
MORGAN,1975-10-31 00:00:00,1000.0,36.3,,,http://www.roymorgan.com/morganpoll,Australia
MORGAN,1975-11-30 00:00:00,1000.0,39.6,,,http://www.roymorgan.com/morganpoll,Australia
MORGAN,1975-12-31 00:00:00,1000.0,39.0,,,http://www.roymorgan.com/morganpoll,Australia
MORGAN,1976-01-15 00:00:00,1000.0,50.0,,,http://www.roymorgan.com/morganpoll,Australia
MORGAN,1976-02-15 00:00:00,1000.0,49.0,,,http://www.roymorgan.com/morganpoll,Australia
MORGAN,1976-03-15 00:00:00,1000.0,49.3,,,http://www.roymorgan.com/morganpoll,Australia
MORGAN,1976-04-15 00:00:00,1000.0,52.0,,,http://www.roymorgan.com/morganpoll,Australia
MORGAN,1976-05-31 00:00:00,1000.0,49.0,,,http://www.roymorgan.com/morganpoll,Australia
MORGAN,1976-06-30 00:00:00,1000.0,48.5,,,http://www.roymorgan.com/morganpoll,Australia
MORGAN,1976-07-31 00:00:00,1000.0,46.0,,,http://www.roymorgan.com/morganpoll,Australia
MORGAN,1976-08-31 00:00:00,1000.0,47.0,,,http://www.roymorgan.com/morganpoll,Australia
MORGAN,1976-09-30 00:00:00,1000.0,49.0,,,http://www.roymorgan.com/morganpoll,Australia
MORGAN,1976-10-31 00:00:00,1000.0,47.5,,,http://www.roymorgan.com/morganpoll,Australia
MORGAN,1976-11-30 00:00:00,1000.0,47.0,,,http://www.roymorgan.com/morganpoll,Australia
MORGAN,1976-12-31 00:00:00,1000.0,39.0,,,http://www.roymorgan.com/morganpoll,Australia
MORGAN,1977-01-15 00:00:00,1000.0,39.0,,,http://www.roymorgan.com/morganpoll,Australia
MORGAN,1977-02-15 00:00:00,1000.0,37.5,,,http://www.roymorgan.com/morganpoll,Australia
MORGAN,1977-03-15 00:00:00,1000.0,37.0,,,http://www.roymorgan.com/morganpoll,Australia
MORGAN,1977-04-15 00:00:00,1000.0,41.0,,,http://www.roymorgan.com/morganpoll,Australia
MORGAN,1977-05-31 00:00:00,1000.0,39.0,,,http://www.roymorgan.com/morganpoll,Australia
MORGAN,1977-06-30 00:00:00,1000.0,39.5,,,http://www.roymorgan.com/morganpoll,Australia
MORGAN,1977-07-31 00:00:00,1000.0,38.5,,,http://www.roymorgan.com/morganpoll,Australia
MORGAN,1977-08-31 00:00:00,1000.0,38.3,,,http://www.roymorgan.com/morganpoll,Australia
MORGAN,1977-09-30 00:00:00,1000.0,39.0,,,http://www.roymorgan.com/morganpoll,Australia
MORGAN,1977-10-31 00:00:00,1000.0,39.3,,,http://www.roymorgan.com/morganpoll,Australia
MORGAN,1977-11-30 00:00:00,1000.0,38.3,,,http://www.roymorgan.com/morganpoll,Australia
MORGAN,1977-12-31 00:00:00,1000.0,41.0,,,http://www.roymorgan.com/morganpoll,Australia
MORGAN,1978-01-15 00:00:00,1000.0,47.0,,,http://www.roymorgan.com/morganpoll,Australia
MORGAN,1978-02-15 00:00:00,1000.0,57.0,,,http://www.roymorgan.com/morganpoll,Australia
MORGAN,1978-03-15 00:00:00,1000.0,47.0,,,http://www.roymorgan.com/morganpoll,Australia
MORGAN,1978-04-15 00:00:00,1000.0,45.0,,,http://www.roymorgan.com/morganpoll,Australia
MORGAN,1978-05-31 00:00:00,1000.0,46.0,,,http://www.roymorgan.com/morganpoll,Australia
MORGAN,1978-06-30 00:00:00,1000.0,43.5,,,http://www.roymorgan.com/morganpoll,Australia
MORGAN,1978-07-31 00:00:00,1000.0,39.5,,,http://www.roymorgan.com/morganpoll,Australia
MORGAN,1978-08-31 00:00:00,1000.0,35.5,,,http://www.roymorgan.com/morganpoll,Australia
MORGAN,1978-09-30 00:00:00,1000.0,33.0,,,http://www.roymorgan.com/morganpoll,Australia
MORGAN,1978-10-31 00:00:00,1000.0,34.0,,,http://www.roymorgan.com/morganpoll,Australia
MORGAN,1978-11-30 00:00:00,1000.0,36.5,,,http://www.roymorgan.com/morganpoll,Australia
MORGAN,1978-12-31 00:00:00,1000.0,34.0,,,http://www.roymorgan.com/morganpoll,Australia
MORGAN,1979-01-31 00:00:00,1000.0,35.0,,,http://www.roymorgan.com/morganpoll,Australia
MORGAN,1979-02-28 00:00:00,1000.0,39.0,,,http://www.roymorgan.com/morganpoll,Australia
MORGAN,1979-03-31 00:00:00,1000.0,31.0,,,http://www.roymorgan.com/morganpoll,Australia
MORGAN,1979-04-30 00:00:00,1000.0,36.5,,,http://www.roymorgan.com/morganpoll,Australia
MORGAN,1979-05-31 00:00:00,1000.0,32.5,,,http://www.roymorgan.com/morganpoll,Australia
MORGAN,1979-06-30 00:00:00,1000.0,30.5,,,http://www.roymorgan.com/morganpoll,Australia
MORGAN,1979-07-31 00:00:00,1000.0,29.0,,,http://www.roymorgan.com/morganpoll,Australia
MORGAN,1979-08-31 00:00:00,1000.0,30.0,,,http://www.roymorgan.com/morganpoll,Australia
MORGAN,1979-09-30 00:00:00,1000.0,33.5,,,http://www.roymorgan.com/morganpoll,Australia
MORGAN,1979-10-31 00:00:00,1000.0,34.5,,,http://www.roymorgan.com/morganpoll,Australia
MORGAN,1979-11-30 00:00:00,1000.0,35.5,,,http://www.roymorgan.com/morganpoll,Australia
MORGAN,1979-12-31 00:00:00,1000.0,37.0,,,http://www.roymorgan.com/morganpoll,Australia
MORGAN,1980-01-31 00:00:00,1000.0,41.0,,,http://www.roymorgan.com/morganpoll,Australia
MORGAN,1980-02-29 00:00:00,1000.0,41.5,,,http://www.roymorgan.com/morganpoll,Australia
MORGAN,1980-03-31 00:00:00,1000.0,39.0,,,http://www.roymorgan.com/morganpoll,Australia
MORGAN,1980-04-30 00:00:00,1000.0,38.0,,,http://www.roymorgan.com/morganpoll,Australia
MORGAN,1980-05-31 00:00:00,1000.0,42.0,,,http://www.roymorgan.com/morganpoll,Australia
MORGAN,1980-06-30 00:00:00,1000.0,42.0,,,http://www.roymorgan.com/morganpoll,Australia
MORGAN,1980-07-31 00:00:00,1000.0,38.5,,,http://www.roymorgan.com/morganpoll,Australia
MORGAN,1980-08-31 00:00:00,1000.0,38.5,,,http://www.roymorgan.com/morganpoll,Australia
MORGAN,1980-09-30 00:00:00,1000.0,48.3,,,http://www.roymorgan.com/morganpoll,Australia
MORGAN,1980-10-31 00:00:00,1000.0,41.3,,,http://www.roymorgan.com/morganpoll,Australia
MORGAN,1980-11-30 00:00:00,1000.0,47.0,,,http://www.roymorgan.com/morganpoll,Australia
MORGAN,1980-12-31 00:00:00,1000.0,45.0,,,http://www.roymorgan.com/morganpoll,Australia
MORGAN,1981-01-31 00:00:00,1000.0,42.0,,,http://www.roymorgan.com/morganpoll,Australia
MORGAN,1981-02-28 00:00:00,1000.0,43.5,,,http://www.roymorgan.com/morganpoll,Australia
MORGAN,1981-03-31 00:00:00,1000.0,44.5,,,http://www.roymorgan.com/morganpoll,Australia
MORGAN,1981-04-30 00:00:00,1000.0,39.7,,,http://www.roymorgan.com/morganpoll,Australia
MORGAN,1981-05-31 00:00:00,1000.0,31.0,,,http://www.roymorgan.com/morganpoll,Australia
MORGAN,1981-06-30 00:00:00,1000.0,30.5,,,http://www.roymorgan.com/morganpoll,Australia
MORGAN,1981-07-31 00:00:00,1000.0,34.0,,,http://www.roymorgan.com/morganpoll,Australia
MORGAN,1981-08-31 00:00:00,1000.0,34.0,,,http://www.roymorgan.com/morganpoll,Australia
MORGAN,1981-09-30 00:00:00,1000.0,32.0,,,http://www.roymorgan.com/morganpoll,Australia
MORGAN,1981-10-31 00:00:00,1000.0,36.5,,,http://www.roymorgan.com/morganpoll,Australia
MORGAN,1981-11-30 00:00:00,1000.0,40.0,,,http://www.roymorgan.com/morganpoll,Australia
MORGAN,1981-12-31 00:00:00,1000.0,40.0,,,http://www.roymorgan.com/morganpoll,Australia
MORGAN,1982-01-31 00:00:00,1000.0,40.0,,,http://www.roymorgan.com/morganpoll,Australia
MORGAN,1982-02-28 00:00:00,1000.0,37.0,,,http://www.roymorgan.com/morganpoll,Australia
MORGAN,1982-03-31 00:00:00,1000.0,32.0,,,http://www.roymorgan.com/morganpoll,Australia
MORGAN,1982-04-30 00:00:00,1000.0,36.0,,,http://www.roymorgan.com/morganpoll,Australia
MORGAN,1982-05-31 00:00:00,1000.0,41.0,,,http://www.roymorgan.com/morganpoll,Australia
MORGAN,1982-06-30 00:00:00,1000.0,39.0,,,http://www.roymorgan.com/morganpoll,Australia
MORGAN,1982-07-31 00:00:00,1000.0,42.0,,,http://www.roymorgan.com/morganpoll,Australia
MORGAN,1982-08-31 00:00:00,1000.0,39.0,,,http://www.roymorgan.com/morganpoll,Australia
MORGAN,1982-09-30 00:00:00,1000.0,36.0,,,http://www.roymorgan.com/morganpoll,Australia
MORGAN,1982-10-31 00:00:00,1000.0,38.5,,,http://www.roymorgan.com/morganpoll,Australia
MORGAN,1982-11-30 00:00:00,1000.0,36.0,,,http://www.roymorgan.com/morganpoll,Australia
MORGAN,1982-12-31 00:00:00,1000.0,36.0,,,http://www.roymorgan.com/morganpoll,Australia
MORGAN,1983-01-31 00:00:00,1000.0,38.5,,,http://www.roymorgan.com/morganpoll,Australia
MORGAN,1983-02-28 00:00:00,1000.0,39.0,,,http://www.roymorgan.com/morganpoll,Australia
MORGAN,1983-03-31 00:00:00,1000.0,54.5,,,http://www.roymorgan.com/morganpoll,Australia
MORGAN,1983-04-30 00:00:00,1000.0,66.0,,,http://www.roymorgan.com/morganpoll,Australia
MORGAN,1983-05-31 00:00:00,1000.0,65.0,,,http://www.roymorgan.com/morganpoll,Australia
MORGAN,1983-06-30 00:00:00,1000.0,64.0,,,http://www.roymorgan.com/morganpoll,Australia
MORGAN,1983-07-31 00:00:00,1000.0,54.5,,,http://www.roymorgan.com/morganpoll,Australia
MORGAN,1983-08-31 00:00:00,1000.0,57.0,,,http://www.roymorgan.com/morganpoll,Australia
MORGAN,1983-09-30 00:00:00,1000.0,63.5,,,http://www.roymorgan.com/morganpoll,Australia
MORGAN,1983-10-31 00:00:00,1000.0,67.5,,,http://www.roymorgan.com/morganpoll,Australia
MORGAN,1983-11-30 00:00:00,1000.0,65.0,,,http://www.roymorgan.com/morganpoll,Australia
MORGAN,1983-12-31 00:00:00,1000.0,66.0,,,http://www.roymorgan.com/morganpoll,Australia
MORGAN,1984-01-31 00:00:00,1000.0,72.5,,,http://www.roymorgan.com/morganpoll,Australia
MORGAN,1984-02-29 00:00:00,1000.0,71.5,,,http://www.roymorgan.com/morganpoll,Australia
MORGAN,1984-03-31 00:00:00,1000.0,74.0,,,http://www.roymorgan.com/morganpoll,Australia
MORGAN,1984-04-30 00:00:00,1000.0,74.0,,,http://www.roymorgan.com/morganpoll,Australia
MORGAN,1984-05-31 00:00:00,1000.0,69.5,,,http://www.roymorgan.com/morganpoll,Australia
MORGAN,1984-06-30 00:00:00,1000.0,68.0,,,http://www.roymorgan.com/morganpoll,Australia
MORGAN,1984-07-31 00:00:00,1000.0,69.5,,,http://www.roymorgan.com/morganpoll,Australia
MORGAN,1984-08-31 00:00:00,1000.0,68.5,,,http://www.roymorgan.com/morganpoll,Australia
MORGAN,1984-09-30 00:00:00,1000.0,67.5,,,http://www.roymorgan.com/morganpoll,Australia
MORGAN,1984-10-31 00:00:00,1000.0,67.8,,,http://www.roymorgan.com/morganpoll,Australia
MORGAN,1984-11-30 00:00:00,1000.0,68.7,,,http://www.roymorgan.com/morganpoll,Australia
MORGAN,1984-12-31 00:00:00,1000.0,63.0,,,http://www.roymorgan.com/morganpoll,Australia
MORGAN,1985-01-31 00:00:00,1000.0,63.0,,,http://www.roymorgan.com/morganpoll,Australia
MORGAN,1985-02-28 00:00:00,1000.0,59.3,,,http://www.roymorgan.com/morganpoll,Australia
MORGAN,1985-03-31 00:00:00,1000.0,59.5,,,http://www.roymorgan.com/morganpoll,Australia
MORGAN,1985-04-30 00:00:00,1000.0,53.5,,,http://www.roymorgan.com/morganpoll,Australia
MORGAN,1985-05-31 00:00:00,1000.0,51.5,,,http://www.roymorgan.com/morganpoll,Australia
MORGAN,1985-06-30 00:00:00,1000.0,49.0,,,http://www.roymorgan.com/morganpoll,Australia
MORGAN,1985-07-31 00:00:00,1000.0,47.7,,,http://www.roymorgan.com/morganpoll,Australia
MORGAN,1985-08-31 00:00:00,1000.0,54.0,,,http://www.roymorgan.com/morganpoll,Australia
MORGAN,1985-09-30 00:00:00,1000.0,55.3,,,http://www.roymorgan.com/morganpoll,Australia
MORGAN,1985-10-31 00:00:00,1000.0,56.0,,,http://www.roymorgan.com/morganpoll,Australia
MORGAN,1985-11-30 00:00:00,1000.0,57.5,,,http://www.roymorgan.com/morganpoll,Australia
MORGAN,1985-12-31 00:00:00,1000.0,59.0,,,http://www.roymorgan.com/morganpoll,Australia
MORGAN,1986-01-31 00:00:00,1000.0,61.5,,,http://www.roymorgan.com/morganpoll,Australia
MORGAN,1986-02-28 00:00:00,1000.0,57.0,,,http://www.roymorgan.com/morganpoll,Australia
MORGAN,1986-03-31 00:00:00,1000.0,58.5,,,http://www.roymorgan.com/morganpoll,Australia
MORGAN,1986-04-30 00:00:00,1000.0,57.0,,,http://www.roymorgan.com/morganpoll,Australia
MORGAN,1986-05-31 00:00:00,1000.0,59.5,,,http://www.roymorgan.com/morganpoll,Australia
MORGAN,1986-06-30 00:00:00,1000.0,55.0,,,http://www.roymorgan.com/morganpoll,Australia
MORGAN,1986-07-31 00:00:00,1000.0,49.0,,,http://www.roymorgan.com/morganpoll,Australia
MORGAN,1986-08-31 00:00:00,1000.0,46.5,,,http://www.roymorgan.com/morganpoll,Australia
MORGAN,1986-09-30 00:00:00,1000.0,46.7,,,http://www.roymorgan.com/morganpoll,Australia
MORGAN,1986-10-31 00:00:00,1000.0,47.0,,,http://www.roymorgan.com/morganpoll,Australia
MORGAN,1986-11-30 00:00:00,1000.0,47.0,,,http://www.roymorgan.com/morganpoll,Australia
MORGAN,1986-12-31 00:00:00,1000.0,48.0,,,http://www.roymorgan.com/morganpoll,Australia
MORGAN,1987-01-31 00:00:00,1000.0,50.0,,,http://www.roymorgan.com/morganpoll,Australia
MORGAN,1987-02-28 00:00:00,1000.0,49.0,,,http://www.roymorgan.com/morganpoll,Australia
MORGAN,1987-03-31 00:00:00,1000.0,49.7,,,http://www.roymorgan.com/morganpoll,Australia
MORGAN,1987-04-30 00:00:00,1000.0,55.0,,,http://www.roymorgan.com/morganpoll,Australia
MORGAN,1987-05-31 00:00:00,1000.0,58.5,,,http://www.roymorgan.com/morganpoll,Australia
MORGAN,1987-06-30 00:00:00,1000.0,56.3,,,http://www.roymorgan.com/morganpoll,Australia
MORGAN,1987-07-31 00:00:00,1000.0,58.3,,,http://www.roymorgan.com/morganpoll,Australia
MORGAN,1987-08-31 00:00:00,1000.0,60.0,,,http://www.roymorgan.com/morganpoll,Australia
MORGAN,1987-09-30 00:00:00,1000.0,54.0,,,http://www.roymorgan.com/morganpoll,Australia
MORGAN,1987-10-31 00:00:00,1000.0,56.5,,,http://www.roymorgan.com/morganpoll,Australia
MORGAN,1987-11-30 00:00:00,1000.0,56.5,,,http://www.roymorgan.com/morganpoll,Australia
MORGAN,1987-12-31 00:00:00,1000.0,57.0,,,http://www.roymorgan.com/morganpoll,Australia
MORGAN,1988-01-31 00:00:00,1000.0,56.5,,,http://www.roymorgan.com/morganpoll,Australia
MORGAN,1988-02-29 00:00:00,1000.0,50.5,,,http://www.roymorgan.com/morganpoll,Australia
MORGAN,1988-03-31 00:00:00,1000.0,44.0,,,http://www.roymorgan.com/morganpoll,Australia
MORGAN,1988-04-30 00:00:00,1000.0,46.0,,,http://www.roymorgan.com/morganpoll,Australia
MORGAN,1988-07-31 00:00:00,1000.0,54.0,,,http://www.roymorgan.com/morganpoll,Australia
MORGAN,1988-08-31 00:00:00,1000.0,60.0,,,http://www.roymorgan.com/morganpoll,Australia
MORGAN,1988-09-30 00:00:00,1000.0,58.0,,,http://www.roymorgan.com/morganpoll,Australia
MORGAN,1988-10-31 00:00:00,1000.0,55.5,,,http://www.roymorgan.com/morganpoll,Australia
MORGAN,1988-11-30 00:00:00,1000.0,59.0,,,http://www.roymorgan.com/morganpoll,Australia
MORGAN,1988-12-31 00:00:00,1000.0,56.0,,,http://www.roymorgan.com/morganpoll,Australia
MORGAN,1989-01-31 00:00:00,1000.0,56.0,,,http://www.roymorgan.com/morganpoll,Australia
MORGAN,1989-02-28 00:00:00,1000.0,51.5,,,http://www.roymorgan.com/morganpoll,Australia
MORGAN,1989-03-31 00:00:00,1000.0,47.5,,,http://www.roymorgan.com/morganpoll,Australia
MORGAN,1989-04-30 00:00:00,1000.0,50.0,,,http://www.roymorgan.com/morganpoll,Australia
MORGAN,1989-05-31 00:00:00,1000.0,48.2,,,http://www.roymorgan.com/morganpoll,Australia
MORGAN,1989-06-30 00:00:00,1000.0,45.5,,,http://www.roymorgan.com/morganpoll,Australia
MORGAN,1989-07-31 00:00:00,1000.0,45.5,,,http://www.roymorgan.com/morganpoll,Australia
MORGAN,1989-08-31 00:00:00,1000.0,50.3,,,http://www.roymorgan.com/morganpoll,Australia
MORGAN,1989-09-30 00:00:00,1000.0,46.7,,,http://www.roymorgan.com/morganpoll,Australia
MORGAN,1989-10-31 00:00:00,1000.0,43.5,,,http://www.roymorgan.com/morganpoll,Australia
MORGAN,1989-11-30 00:00:00,1000.0,42.0,,,http://www.roymorgan.com/morganpoll,Australia
MORGAN,1989-12-31 00:00:00,1000.0,46.0,,,http://www.roymorgan.com/morganpoll,Australia
MORGAN,1990-01-31 00:00:00,1000.0,50.0,,,http://www.roymorgan.com/morganpoll,Australia
MORGAN,1990-02-28 00:00:00,1000.0,48.7,,,http://www.roymorgan.com/morganpoll,Australia
MORGAN,1990-03-31 00:00:00,1000.0,48.6,,,http://www.roymorgan.com/morganpoll,Australia
MORGAN,1990-04-30 00:00:00,1000.0,53.5,,,http://www.roymorgan.com/morganpoll,Australia
MORGAN,1990-05-31 00:00:00,1000.0,48.0,,,http://www.roymorgan.com/morganpoll,Australia
MORGAN,1990-06-30 00:00:00,1000.0,44.5,,,http://www.roymorgan.com/morganpoll,Australia
MORGAN,1990-07-31 00:00:00,1000.0,43.0,,,http://www.roymorgan.com/morganpoll,Australia
MORGAN,1990-08-31 00:00:00,1000.0,45.5,,,http://www.roymorgan.com/morganpoll,Australia
MORGAN,1990-09-30 00:00:00,1000.0,41.7,,,http://www.roymorgan.com/morganpoll,Australia
MORGAN,1990-10-31 00:00:00,1000.0,34.5,,,http://www.roymorgan.com/morganpoll,Australia
MORGAN,1990-11-30 00:00:00,1000.0,35.3,,,http://www.roymorgan.com/morganpoll,Australia
MORGAN,1990-12-31 00:00:00,1000.0,38.0,,,http://www.roymorgan.com/morganpoll,Australia
MORGAN,1991-01-31 00:00:00,1000.0,42.5,,,http://www.roymorgan.com/morganpoll,Australia
MORGAN,1991-02-28 00:00:00,1000.0,49.0,,,http://www.roymorgan.com/morganpoll,Australia
MORGAN,1991-03-31 00:00:00,1000.0,41.3,,,http://www.roymorgan.com/morganpoll,Australia
MORGAN,1991-04-30 00:00:00,1000.0,36.5,,,http://www.roymorgan.com/morganpoll,Australia
MORGAN,1991-05-31 00:00:00,1000.0,38.5,,,http://www.roymorgan.com/morganpoll,Australia
MORGAN,1991-06-30 00:00:00,1000.0,40.3,,,http://www.roymorgan.com/morganpoll,Australia
MORGAN,1991-07-31 00:00:00,1000.0,37.5,,,http://www.roymorgan.com/morganpoll,Australia
MORGAN,1991-08-31 00:00:00,1000.0,38.3,,,http://www.roymorgan.com/morganpoll,Australia
MORGAN,1991-09-30 00:00:00,1000.0,40.0,,,http://www.roymorgan.com/morganpoll,Australia
MORGAN,1991-10-31 00:00:00,1000.0,36.5,,,http://www.roymorgan.com/morganpoll,Australia
MORGAN,1991-11-30 00:00:00,1000.0,34.0,,,http://www.roymorgan.com/morganpoll,Australia
MORGAN,1991-12-15 00:00:00,1000.0,26.0,,,http://www.roymorgan.com/morganpoll,Australia
MORGAN,1992-01-31 00:00:00,1000.0,28.0,,,http://www.roymorgan.com/morganpoll,Australia
MORGAN,1992-02-29 00:00:00,1000.0,34.0,,,http://www.roymorgan.com/morganpoll,Australia
MORGAN,1992-03-31 00:00:00,1000.0,39.5,,,http://www.roymorgan.com/morganpoll,Australia
MORGAN,1992-04-30 00:00:00,1000.0,39.5,,,http://www.roymorgan.com/morganpoll,Australia
MORGAN,1992-05-31 00:00:00,1000.0,34.2,,,http://www.roymorgan.com/morganpoll,Australia
MORGAN,1992-06-30 00:00:00,1000.0,33.0,,,http://www.roymorgan.com/morganpoll,Australia
MORGAN,1992-07-31 00:00:00,1000.0,29.5,,,http://www.roymorgan.com/morganpoll,Australia
MORGAN,1992-08-31 00:00:00,1000.0,33.0,,,http://www.roymorgan.com/morganpoll,Australia
MORGAN,1992-09-30 00:00:00,1000.0,34.5,,,http://www.roymorgan.com/morganpoll,Australia
MORGAN,1992-10-31 00:00:00,1000.0,37.7,,,http://www.roymorgan.com/morganpoll,Australia
MORGAN,1992-11-30 00:00:00,1000.0,40.5,,,http://www.roymorgan.com/morganpoll,Australia
MORGAN,1992-12-31 00:00:00,1000.0,39.0,,,http://www.roymorgan.com/morganpoll,Australia
MORGAN,1993-01-31 00:00:00,1000.0,39.0,,,http://www.roymorgan.com/morganpoll,Australia
MORGAN,1993-02-28 00:00:00,1000.0,35.7,,,http://www.roymorgan.com/morganpoll,Australia
MORGAN,1993-03-31 00:00:00,1000.0,38.7,,,http://www.roymorgan.com/morganpoll,Australia
MORGAN,1993-04-30 00:00:00,1000.0,46.5,,,http://www.roymorgan.com/morganpoll,Australia
MORGAN,1993-05-31 00:00:00,1000.0,40.0,,,http://www.roymorgan.com/morganpoll,Australia
MORGAN,1993-06-30 00:00:00,1000.0,38.5,,,http://www.roymorgan.com/morganpoll,Australia
MORGAN,1993-07-31 00:00:00,1000.0,33.0,,,http://www.roymorgan.com/morganpoll,Australia
MORGAN,1993-08-31 00:00:00,1000.0,27.0,,,http://www.roymorgan.com/morganpoll,Australia
MORGAN,1993-09-30 00:00:00,1000.0,27.0,,,http://www.roymorgan.com/morganpoll,Australia
MORGAN,1993-10-31 00:00:00,1000.0,29.5,,,http://www.roymorgan.com/morganpoll,Australia
MORGAN,1993-11-30 00:00:00,1000.0,31.5,,,http://www.roymorgan.com/morganpoll,Australia
MORGAN,1993-12-31 00:00:00,1000.0,30.0,,,http://www.roymorgan.com/morganpoll,Australia
MORGAN,1994-01-31 00:00:00,1000.0,37.0,,,http://www.roymorgan.com/morganpoll,Australia
MORGAN,1994-02-28 00:00:00,1000.0,37.0,,,http://www.roymorgan.com/morganpoll,Australia
MORGAN,1994-03-31 00:00:00,1000.0,36.5,,,http://www.roymorgan.com/morganpoll,Australia
MORGAN,1994-04-30 00:00:00,1000.0,42.0,,,http://www.roymorgan.com/morganpoll,Australia
MORGAN,1994-05-31 00:00:00,1000.0,40.5,,,http://www.roymorgan.com/morganpoll,Australia
MORGAN,1994-06-30 00:00:00,1000.0,39.5,,,http://www.roymorgan.com/morganpoll,Australia
MORGAN,1994-07-31 00:00:00,1000.0,37.7,,,http://www.roymorgan.com/morganpoll,Australia
MORGAN,1994-08-31 00:00:00,1000.0,39.3,,,http://www.roymorgan.com/morganpoll,Australia
MORGAN,1994-09-30 00:00:00,1000.0,41.0,,,http://www.roymorgan.com/morganpoll,Australia
MORGAN,1994-10-31 00:00:00,1000.0,41.7,,,http://www.roymorgan.com/morganpoll,Australia
MORGAN,1994-11-30 00:00:00,1000.0,45.5,,,http://www.roymorgan.com/morganpoll,Australia
MORGAN,1994-12-31 00:00:00,1000.0,42.0,,,http://www.roymorgan.com/morganpoll,Australia
MORGAN,1995-01-31 00:00:00,1000.0,39.3,,,http://www.roymorgan.com/morganpoll,Australia
MORGAN,1995-02-28 00:00:00,1000.0,33.0,,,http://www.roymorgan.com/morganpoll,Australia
MORGAN,1995-03-31 00:00:00,1000.0,34.0,,,http://www.roymorgan.com/morganpoll,Australia
MORGAN,1995-04-30 00:00:00,1000.0,35.0,,,http://www.roymorgan.com/morganpoll,Australia
MORGAN,1995-05-31 00:00:00,1000.0,36.0,,,http://www.roymorgan.com/morganpoll,Australia
MORGAN,1995-06-30 00:00:00,1000.0,35.0,,,http://www.roymorgan.com/morganpoll,Australia
MORGAN,1995-07-31 00:00:00,1000.0,34.7,,,http://www.roymorgan.com/morganpoll,Australia
MORGAN,1995-08-31 00:00:00,1000.0,35.0,,,http://www.roymorgan.com/morganpoll,Australia
MORGAN,1995-09-30 00:00:00,1000.0,36.0,,,http://www.roymorgan.com/morganpoll,Australia
MORGAN,1995-10-31 00:00:00,1000.0,35.0,,,http://www.roymorgan.com/morganpoll,Australia
MORGAN,1995-11-30 00:00:00,1000.0,36.0,,,http://www.roymorgan.com/morganpoll,Australia
MORGAN,1995-12-31 00:00:00,1000.0,36.5,,,http://www.roymorgan.com/morganpoll,Australia
MORGAN,1996-03-23 00:00:00,603.0,46.66,,24.0,http://www.roymorgan.com/news/polls/2010/4520/,Australia
MORGAN,1996-03-23 00:00:00,1970.0,49.0,,13.0,http://www.roymorgan.com/news/polls/rmmelw1/documents/2883-coalition.pdf,Australia
MORGAN,1996-03-23 00:00:00,1010.0,52.37,,38.0,http://www.roymorgan.com/news/polls/2004/3791/,Australia
MORGAN,1996-04-06 00:00:00,719.0,46.4,,26.0,http://www.roymorgan.com/news/polls/2010/4537/,Australia
MORGAN,1996-04-06 00:00:00,,54.0,,13.0,"http://www.roymorgan.com/news/polls/2007/4200/ Approval numbers from series history, but couldn't find exact press release, so sample number is unknown.",Australia
MORGAN,1996-04-06 00:00:00,1311.0,52.11,,40.0,http://www.roymorgan.com/news/polls/2004/3795/,Australia
MORGAN,1996-04-20 00:00:00,2114.0,54.0,,16.0,http://www.roymorgan.com/news/polls/rmmelw1/documents/2894-coalition.pdf,Australia
MORGAN,1996-04-20 00:00:00,517.0,51.85,,34.0,http://www.roymorgan.com/news/polls/2004/3804/,Australia
MORGAN,1996-04-20 00:00:00,680.0,46.14,,37.0,http://www.roymorgan.com/news/polls/2010/4544/,Australia
MORGAN,1996-05-05 00:00:00,564.0,51.59,,40.0,http://www.roymorgan.com/news/polls/2005/3904/,Australia
MORGAN,1996-05-05 00:00:00,1985.0,57.0,,17.0,http://www.roymorgan.com/news/polls/rmmelw1/documents/2900-coalition.pdf,Australia
MORGAN,1996-05-05 00:00:00,618.0,45.88,,35.0,http://www.roymorgan.com/news/polls/2010/4547/,Australia
MORGAN,1996-05-18 00:00:00,1920.0,67.0,,15.0,http://www.roymorgan.com/news/polls/rmmelw1/documents/2903-mrhoward.pdf,Australia
MORGAN,1996-05-18 00:00:00,,51.33,,44.0,"http://www.roymorgan.com/news/polls/2007/4200/ Approval numbers from series history, but couldn't find exact press release, so sample number is unknown.",Australia
MORGAN,1996-05-18 00:00:00,530.0,45.62,,37.0,http://www.roymorgan.com/news/polls/2010/4576/,Australia
MORGAN,1996-06-02 00:00:00,1938.0,60.0,,23.0,http://www.roymorgan.com/news/polls/rmmelw1/documents/2910-FedGovt.pdf,Australia
MORGAN,1996-06-02 00:00:00,1078.0,45.36,,38.0,http://www.roymorgan.com/news/polls/2010/4617/,Australia
MORGAN,1996-06-02 00:00:00,578.0,51.07,,42.0,http://www.roymorgan.com/news/polls/2006/4054/,Australia
MORGAN,1997-04-23 00:00:00,553.0,51.0,,43.0,http://www.roymorgan.com/news/polls/rmmelw1/documents/2977-MAnyelectors.pdf,Australia
MORGAN,1997-04-23 00:00:00,551.0,50.81,,39.0,http://www.roymorgan.com/news/polls/2007/4123/,Australia
MORGAN,1997-04-23 00:00:00,561.0,45.1,,42.0,http://www.roymorgan.com/news/polls/2011/4628/,Australia
MORGAN,1998-02-15 00:00:00,,24.0,,46.0,"http://www.roymorgan.com/news/polls/1999/3185/ Approval numbers from series history, but couldn't find exact press release, so sample number is unknown.",Australia
MORGAN,1998-02-15 00:00:00,582.0,50.55,,42.0,http://www.roymorgan.com/news/polls/2007/4164/,Australia
MORGAN,1998-02-15 00:00:00,519.0,44.84,,40.0,http://www.roymorgan.com/news/polls/2011/4634/,Australia
MORGAN,1999-02-15 00:00:00,633.0,50.29,,51.0,http://www.roymorgan.com/news/polls/2007/4200/,Australia
MORGAN,1999-02-15 00:00:00,523.0,44.59,,47.0,http://www.roymorgan.com/news/polls/2011/4646/,Australia
MORGAN,1999-02-15 00:00:00,4376.0,33.0,,40.0,http://www.roymorgan.com/news/polls/1999/3185/,Australia
MORGAN,2001-09-16 00:00:00,560.0,50.03,,14.0,http://www.roymorgan.com/news/polls/2008/4273/,Australia
MORGAN,2002-09-17 00:00:00,603.0,52.0,,14.0,http://www.roymorgan.com/news/polls/2002/3557/,Australia
MORGAN,2003-03-25 00:00:00,408.0,56.0,,40.0,http://www.roymorgan.com/news/polls/2003/3616/,Australia
MORGAN,2003-04-12 00:00:00,795.0,49.26,,23.0,http://www.roymorgan.com/news/polls/2008/4329/,Australia
MORGAN,2003-05-18 00:00:00,482.0,65.0,,30.0,http://www.roymorgan.com/news/polls/2003/3633/,Australia
MORGAN,2004-06-03 00:00:00,569.0,48.0,,45.0,http://www.roymorgan.com/news/polls/2004/3748/,Australia
MORGAN,2004-07-15 00:00:00,1264.0,55.0,,38.0,http://www.roymorgan.com/news/polls/2004/3755/,Australia
MORGAN,2004-08-08 00:00:00,560.0,58.0,,34.0,http://www.roymorgan.com/news/polls/2004/3765/,Australia
MORGAN,2004-08-12 00:00:00,563.0,47.0,,44.0,http://www.roymorgan.com/news/polls/2004/3770/,Australia
MORGAN,2004-08-19 00:00:00,578.0,47.0,,47.0,http://www.roymorgan.com/news/polls/2004/3771/,Australia
MORGAN,2004-09-02 00:00:00,586.0,50.0,,43.0,http://www.roymorgan.com/news/polls/2004/3776/,Australia
MORGAN,2004-09-16 00:00:00,1055.0,51.0,,43.0,http://www.roymorgan.com/news/polls/2004/3783/,Australia
MORGAN,2004-09-23 00:00:00,993.0,54.0,,38.0,http://www.roymorgan.com/news/polls/2004/3787/,Australia
MorningConsult,2019-08-06 00:00:00,3000.0,45.0,,41.0,https://MorningConsult.com/form/global-leader-approval/?mkt_tok=eyJpIjoiWkRnd05XUXlOVFZqT1dWaCIsInQiOiJBYnZQTHVSYjlnU1o3bUxXenNuWkRUdjFwaGtTaFZXb2NJekx5Ujlhdk5ybHl5eFlOY2ZIZXRONWNOa0E2Y2o1OW5CajRUK0k5S0hWZW0ra3NYS29FYXNGbEN4cmNjMFBIcWFkVmxVa0hwbW0xY2ZCdVJ1YWRqZzNCck41dkF4QiJ9,Australia
MorningConsult,2019-08-13 00:00:00,3000.0,41.0,,40.0,https://MorningConsult.com/form/global-leader-approval/?mkt_tok=eyJpIjoiWkRnd05XUXlOVFZqT1dWaCIsInQiOiJBYnZQTHVSYjlnU1o3bUxXenNuWkRUdjFwaGtTaFZXb2NJekx5Ujlhdk5ybHl5eFlOY2ZIZXRONWNOa0E2Y2o1OW5CajRUK0k5S0hWZW0ra3NYS29FYXNGbEN4cmNjMFBIcWFkVmxVa0hwbW0xY2ZCdVJ1YWRqZzNCck41dkF4QiJ9,Australia
MorningConsult,2019-08-20 00:00:00,3000.0,42.0,,43.0,https://MorningConsult.com/form/global-leader-approval/?mkt_tok=eyJpIjoiWkRnd05XUXlOVFZqT1dWaCIsInQiOiJBYnZQTHVSYjlnU1o3bUxXenNuWkRUdjFwaGtTaFZXb2NJekx5Ujlhdk5ybHl5eFlOY2ZIZXRONWNOa0E2Y2o1OW5CajRUK0k5S0hWZW0ra3NYS29FYXNGbEN4cmNjMFBIcWFkVmxVa0hwbW0xY2ZCdVJ1YWRqZzNCck41dkF4QiJ9,Australia
MorningConsult,2019-08-27 00:00:00,3000.0,45.0,,42.0,https://MorningConsult.com/form/global-leader-approval/?mkt_tok=eyJpIjoiWkRnd05XUXlOVFZqT1dWaCIsInQiOiJBYnZQTHVSYjlnU1o3bUxXenNuWkRUdjFwaGtTaFZXb2NJekx5Ujlhdk5ybHl5eFlOY2ZIZXRONWNOa0E2Y2o1OW5CajRUK0k5S0hWZW0ra3NYS29FYXNGbEN4cmNjMFBIcWFkVmxVa0hwbW0xY2ZCdVJ1YWRqZzNCck41dkF4QiJ9,Australia
MorningConsult,2019-09-03 00:00:00,3000.0,46.0,,38.0,https://MorningConsult.com/form/global-leader-approval/?mkt_tok=eyJpIjoiWkRnd05XUXlOVFZqT1dWaCIsInQiOiJBYnZQTHVSYjlnU1o3bUxXenNuWkRUdjFwaGtTaFZXb2NJekx5Ujlhdk5ybHl5eFlOY2ZIZXRONWNOa0E2Y2o1OW5CajRUK0k5S0hWZW0ra3NYS29FYXNGbEN4cmNjMFBIcWFkVmxVa0hwbW0xY2ZCdVJ1YWRqZzNCck41dkF4QiJ9,Australia
MorningConsult,2019-09-10 00:00:00,3000.0,42.0,,42.0,https://MorningConsult.com/form/global-leader-approval/?mkt_tok=eyJpIjoiWkRnd05XUXlOVFZqT1dWaCIsInQiOiJBYnZQTHVSYjlnU1o3bUxXenNuWkRUdjFwaGtTaFZXb2NJekx5Ujlhdk5ybHl5eFlOY2ZIZXRONWNOa0E2Y2o1OW5CajRUK0k5S0hWZW0ra3NYS29FYXNGbEN4cmNjMFBIcWFkVmxVa0hwbW0xY2ZCdVJ1YWRqZzNCck41dkF4QiJ9,Australia
MorningConsult,2019-09-17 00:00:00,3000.0,44.0,,42.0,https://MorningConsult.com/form/global-leader-approval/?mkt_tok=eyJpIjoiWkRnd05XUXlOVFZqT1dWaCIsInQiOiJBYnZQTHVSYjlnU1o3bUxXenNuWkRUdjFwaGtTaFZXb2NJekx5Ujlhdk5ybHl5eFlOY2ZIZXRONWNOa0E2Y2o1OW5CajRUK0k5S0hWZW0ra3NYS29FYXNGbEN4cmNjMFBIcWFkVmxVa0hwbW0xY2ZCdVJ1YWRqZzNCck41dkF4QiJ9,Australia
MorningConsult,2019-09-24 00:00:00,3000.0,43.0,,42.0,https://MorningConsult.com/form/global-leader-approval/?mkt_tok=eyJpIjoiWkRnd05XUXlOVFZqT1dWaCIsInQiOiJBYnZQTHVSYjlnU1o3bUxXenNuWkRUdjFwaGtTaFZXb2NJekx5Ujlhdk5ybHl5eFlOY2ZIZXRONWNOa0E2Y2o1OW5CajRUK0k5S0hWZW0ra3NYS29FYXNGbEN4cmNjMFBIcWFkVmxVa0hwbW0xY2ZCdVJ1YWRqZzNCck41dkF4QiJ9,Australia
MorningConsult,2019-10-01 00:00:00,3000.0,42.0,,45.0,https://MorningConsult.com/form/global-leader-approval/?mkt_tok=eyJpIjoiWkRnd05XUXlOVFZqT1dWaCIsInQiOiJBYnZQTHVSYjlnU1o3bUxXenNuWkRUdjFwaGtTaFZXb2NJekx5Ujlhdk5ybHl5eFlOY2ZIZXRONWNOa0E2Y2o1OW5CajRUK0k5S0hWZW0ra3NYS29FYXNGbEN4cmNjMFBIcWFkVmxVa0hwbW0xY2ZCdVJ1YWRqZzNCck41dkF4QiJ9,Australia
MorningConsult,2019-10-08 00:00:00,3000.0,40.0,,46.0,https://MorningConsult.com/form/global-leader-approval/?mkt_tok=eyJpIjoiWkRnd05XUXlOVFZqT1dWaCIsInQiOiJBYnZQTHVSYjlnU1o3bUxXenNuWkRUdjFwaGtTaFZXb2NJekx5Ujlhdk5ybHl5eFlOY2ZIZXRONWNOa0E2Y2o1OW5CajRUK0k5S0hWZW0ra3NYS29FYXNGbEN4cmNjMFBIcWFkVmxVa0hwbW0xY2ZCdVJ1YWRqZzNCck41dkF4QiJ9,Australia
MorningConsult,2019-10-15 00:00:00,3000.0,41.0,,45.0,https://MorningConsult.com/form/global-leader-approval/?mkt_tok=eyJpIjoiWkRnd05XUXlOVFZqT1dWaCIsInQiOiJBYnZQTHVSYjlnU1o3bUxXenNuWkRUdjFwaGtTaFZXb2NJekx5Ujlhdk5ybHl5eFlOY2ZIZXRONWNOa0E2Y2o1OW5CajRUK0k5S0hWZW0ra3NYS29FYXNGbEN4cmNjMFBIcWFkVmxVa0hwbW0xY2ZCdVJ1YWRqZzNCck41dkF4QiJ9,Australia
MorningConsult,2019-10-22 00:00:00,3000.0,40.0,,46.0,https://MorningConsult.com/form/global-leader-approval/?mkt_tok=eyJpIjoiWkRnd05XUXlOVFZqT1dWaCIsInQiOiJBYnZQTHVSYjlnU1o3bUxXenNuWkRUdjFwaGtTaFZXb2NJekx5Ujlhdk5ybHl5eFlOY2ZIZXRONWNOa0E2Y2o1OW5CajRUK0k5S0hWZW0ra3NYS29FYXNGbEN4cmNjMFBIcWFkVmxVa0hwbW0xY2ZCdVJ1YWRqZzNCck41dkF4QiJ9,Australia
MorningConsult,2019-10-29 00:00:00,3000.0,38.0,,47.0,https://MorningConsult.com/form/global-leader-approval/?mkt_tok=eyJpIjoiWkRnd05XUXlOVFZqT1dWaCIsInQiOiJBYnZQTHVSYjlnU1o3bUxXenNuWkRUdjFwaGtTaFZXb2NJekx5Ujlhdk5ybHl5eFlOY2ZIZXRONWNOa0E2Y2o1OW5CajRUK0k5S0hWZW0ra3NYS29FYXNGbEN4cmNjMFBIcWFkVmxVa0hwbW0xY2ZCdVJ1YWRqZzNCck41dkF4QiJ9,Australia
MorningConsult,2019-11-05 00:00:00,3000.0,39.0,,46.0,https://MorningConsult.com/form/global-leader-approval/?mkt_tok=eyJpIjoiWkRnd05XUXlOVFZqT1dWaCIsInQiOiJBYnZQTHVSYjlnU1o3bUxXenNuWkRUdjFwaGtTaFZXb2NJekx5Ujlhdk5ybHl5eFlOY2ZIZXRONWNOa0E2Y2o1OW5CajRUK0k5S0hWZW0ra3NYS29FYXNGbEN4cmNjMFBIcWFkVmxVa0hwbW0xY2ZCdVJ1YWRqZzNCck41dkF4QiJ9,Australia
MorningConsult,2019-11-12 00:00:00,3000.0,41.0,,45.0,https://MorningConsult.com/form/global-leader-approval/?mkt_tok=eyJpIjoiWkRnd05XUXlOVFZqT1dWaCIsInQiOiJBYnZQTHVSYjlnU1o3bUxXenNuWkRUdjFwaGtTaFZXb2NJekx5Ujlhdk5ybHl5eFlOY2ZIZXRONWNOa0E2Y2o1OW5CajRUK0k5S0hWZW0ra3NYS29FYXNGbEN4cmNjMFBIcWFkVmxVa0hwbW0xY2ZCdVJ1YWRqZzNCck41dkF4QiJ9,Australia
MorningConsult,2019-11-19 00:00:00,3000.0,38.0,,47.0,https://MorningConsult.com/form/global-leader-approval/?mkt_tok=eyJpIjoiWkRnd05XUXlOVFZqT1dWaCIsInQiOiJBYnZQTHVSYjlnU1o3bUxXenNuWkRUdjFwaGtTaFZXb2NJekx5Ujlhdk5ybHl5eFlOY2ZIZXRONWNOa0E2Y2o1OW5CajRUK0k5S0hWZW0ra3NYS29FYXNGbEN4cmNjMFBIcWFkVmxVa0hwbW0xY2ZCdVJ1YWRqZzNCck41dkF4QiJ9,Australia
MorningConsult,2019-11-26 00:00:00,3000.0,37.0,,49.0,https://MorningConsult.com/form/global-leader-approval/?mkt_tok=eyJpIjoiWkRnd05XUXlOVFZqT1dWaCIsInQiOiJBYnZQTHVSYjlnU1o3bUxXenNuWkRUdjFwaGtTaFZXb2NJekx5Ujlhdk5ybHl5eFlOY2ZIZXRONWNOa0E2Y2o1OW5CajRUK0k5S0hWZW0ra3NYS29FYXNGbEN4cmNjMFBIcWFkVmxVa0hwbW0xY2ZCdVJ1YWRqZzNCck41dkF4QiJ9,Australia
MorningConsult,2019-12-03 00:00:00,3000.0,38.0,,48.0,https://MorningConsult.com/form/global-leader-approval/?mkt_tok=eyJpIjoiWkRnd05XUXlOVFZqT1dWaCIsInQiOiJBYnZQTHVSYjlnU1o3bUxXenNuWkRUdjFwaGtTaFZXb2NJekx5Ujlhdk5ybHl5eFlOY2ZIZXRONWNOa0E2Y2o1OW5CajRUK0k5S0hWZW0ra3NYS29FYXNGbEN4cmNjMFBIcWFkVmxVa0hwbW0xY2ZCdVJ1YWRqZzNCck41dkF4QiJ9,Australia
MorningConsult,2019-12-10 00:00:00,3000.0,37.0,,48.0,https://MorningConsult.com/form/global-leader-approval/?mkt_tok=eyJpIjoiWkRnd05XUXlOVFZqT1dWaCIsInQiOiJBYnZQTHVSYjlnU1o3bUxXenNuWkRUdjFwaGtTaFZXb2NJekx5Ujlhdk5ybHl5eFlOY2ZIZXRONWNOa0E2Y2o1OW5CajRUK0k5S0hWZW0ra3NYS29FYXNGbEN4cmNjMFBIcWFkVmxVa0hwbW0xY2ZCdVJ1YWRqZzNCck41dkF4QiJ9,Australia
MorningConsult,2019-12-17 00:00:00,3000.0,36.0,,50.0,https://MorningConsult.com/form/global-leader-approval/?mkt_tok=eyJpIjoiWkRnd05XUXlOVFZqT1dWaCIsInQiOiJBYnZQTHVSYjlnU1o3bUxXenNuWkRUdjFwaGtTaFZXb2NJekx5Ujlhdk5ybHl5eFlOY2ZIZXRONWNOa0E2Y2o1OW5CajRUK0k5S0hWZW0ra3NYS29FYXNGbEN4cmNjMFBIcWFkVmxVa0hwbW0xY2ZCdVJ1YWRqZzNCck41dkF4QiJ9,Australia
MorningConsult,2019-12-24 00:00:00,3000.0,35.0,,52.0,https://MorningConsult.com/form/global-leader-approval/?mkt_tok=eyJpIjoiWkRnd05XUXlOVFZqT1dWaCIsInQiOiJBYnZQTHVSYjlnU1o3bUxXenNuWkRUdjFwaGtTaFZXb2NJekx5Ujlhdk5ybHl5eFlOY2ZIZXRONWNOa0E2Y2o1OW5CajRUK0k5S0hWZW0ra3NYS29FYXNGbEN4cmNjMFBIcWFkVmxVa0hwbW0xY2ZCdVJ1YWRqZzNCck41dkF4QiJ9,Australia
MorningConsult,2019-12-31 00:00:00,3000.0,38.0,,51.0,https://MorningConsult.com/form/global-leader-approval/?mkt_tok=eyJpIjoiWkRnd05XUXlOVFZqT1dWaCIsInQiOiJBYnZQTHVSYjlnU1o3bUxXenNuWkRUdjFwaGtTaFZXb2NJekx5Ujlhdk5ybHl5eFlOY2ZIZXRONWNOa0E2Y2o1OW5CajRUK0k5S0hWZW0ra3NYS29FYXNGbEN4cmNjMFBIcWFkVmxVa0hwbW0xY2ZCdVJ1YWRqZzNCck41dkF4QiJ9,Australia
MorningConsult,2020-01-07 00:00:00,3000.0,33.0,,60.0,https://MorningConsult.com/form/coronavirus-outbreak-tracker/,Australia
MorningConsult,2020-01-14 00:00:00,3000.0,33.0,,57.0,https://MorningConsult.com/form/coronavirus-outbreak-tracker/,Australia
MorningConsult,2020-01-21 00:00:00,3000.0,34.0,,56.0,https://MorningConsult.com/form/coronavirus-outbreak-tracker/,Australia
MorningConsult,2020-01-28 00:00:00,3000.0,34.0,,56.0,https://MorningConsult.com/form/coronavirus-outbreak-tracker/,Australia
MorningConsult,2020-02-04 00:00:00,3000.0,32.0,,58.0,https://MorningConsult.com/form/coronavirus-outbreak-tracker/,Australia
MorningConsult,2020-02-11 00:00:00,3000.0,34.0,,56.0,https://MorningConsult.com/form/coronavirus-outbreak-tracker/,Australia
MorningConsult,2020-02-18 00:00:00,3000.0,32.0,,58.0,https://MorningConsult.com/form/coronavirus-outbreak-tracker/,Australia
MorningConsult,2020-02-25 00:00:00,3000.0,34.0,,56.0,https://MorningConsult.com/form/coronavirus-outbreak-tracker/,Australia
MorningConsult,2020-03-03 00:00:00,3000.0,33.0,,58.0,https://MorningConsult.com/form/coronavirus-outbreak-tracker/,Australia
MorningConsult,2020-03-10 00:00:00,3000.0,33.0,,57.0,https://MorningConsult.com/form/coronavirus-outbreak-tracker/,Australia
MorningConsult,2020-03-17 00:00:00,3000.0,35.0,,54.0,https://MorningConsult.com/form/coronavirus-outbreak-tracker/,Australia
MorningConsult,2020-03-24 00:00:00,3000.0,45.0,,46.0,https://MorningConsult.com/form/coronavirus-outbreak-tracker/,Australia
MorningConsult,2020-03-31 00:00:00,3000.0,51.0,,40.0,https://MorningConsult.com/form/coronavirus-outbreak-tracker/,Australia
MorningConsult,2020-04-07 00:00:00,3000.0,57.0,,35.0,https://MorningConsult.com/form/coronavirus-outbreak-tracker/,Australia
MorningConsult,2020-04-14 00:00:00,3000.0,58.0,,34.0,https://MorningConsult.com/form/coronavirus-outbreak-tracker/,Australia
MorningConsult,2020-04-21 00:00:00,3000.0,63.0,,29.0,https://MorningConsult.com/form/coronavirus-outbreak-tracker/,Australia
MorningConsult,2020-04-28 00:00:00,3000.0,64.0,,29.0,https://MorningConsult.com/form/coronavirus-outbreak-tracker/,Australia
MorningConsult,2020-05-05 00:00:00,3000.0,65.0,,27.0,https://MorningConsult.com/form/coronavirus-outbreak-tracker/,Australia
MorningConsult,2020-05-12 00:00:00,3000.0,65.0,,28.0,https://MorningConsult.com/form/coronavirus-outbreak-tracker/,Australia
MorningConsult,2020-05-19 00:00:00,3000.0,66.0,,26.0,https://MorningConsult.com/form/coronavirus-outbreak-tracker/,Australia
MorningConsult,2020-05-26 00:00:00,3000.0,64.0,,28.0,https://MorningConsult.com/form/coronavirus-outbreak-tracker/,Australia
MorningConsult,2020-06-02 00:00:00,3000.0,64.0,,29.0,https://MorningConsult.com/form/coronavirus-outbreak-tracker/,Australia
MorningConsult,2020-06-09 00:00:00,3000.0,64.0,,28.0,https://MorningConsult.com/form/coronavirus-outbreak-tracker/,Australia
MorningConsult,2020-06-16 00:00:00,3000.0,64.0,,29.0,https://MorningConsult.com/form/coronavirus-outbreak-tracker/,Australia
MorningConsult,2020-06-23 00:00:00,3000.0,63.0,,30.0,https://MorningConsult.com/form/coronavirus-outbreak-tracker/,Australia
MorningConsult,2020-06-30 00:00:00,3000.0,65.0,,31.0,https://MorningConsult.com/form/coronavirus-outbreak-tracker/,Australia
MorningConsult,2020-07-07 00:00:00,3000.0,64.0,,28.0,https://MorningConsult.com/form/coronavirus-outbreak-tracker/,Australia
MorningConsult,2020-07-14 00:00:00,3000.0,66.0,,29.0,https://MorningConsult.com/form/coronavirus-outbreak-tracker/,Australia
MorningConsult,2020-07-21 00:00:00,3000.0,64.0,,30.0,https://MorningConsult.com/form/coronavirus-outbreak-tracker/,Australia
MorningConsult,2020-07-28 00:00:00,3000.0,63.0,,30.0,https://MorningConsult.com/form/global-leader-approval/?mkt_tok=eyJpIjoiWkRnd05XUXlOVFZqT1dWaCIsInQiOiJBYnZQTHVSYjlnU1o3bUxXenNuWkRUdjFwaGtTaFZXb2NJekx5Ujlhdk5ybHl5eFlOY2ZIZXRONWNOa0E2Y2o1OW5CajRUK0k5S0hWZW0ra3NYS29FYXNGbEN4cmNjMFBIcWFkVmxVa0hwbW0xY2ZCdVJ1YWRqZzNCck41dkF4QiJ9,Australia
MorningConsult,2020-08-04 00:00:00,3000.0,63.0,,30.0,https://MorningConsult.com/form/global-leader-approval/?mkt_tok=eyJpIjoiWkRnd05XUXlOVFZqT1dWaCIsInQiOiJBYnZQTHVSYjlnU1o3bUxXenNuWkRUdjFwaGtTaFZXb2NJekx5Ujlhdk5ybHl5eFlOY2ZIZXRONWNOa0E2Y2o1OW5CajRUK0k5S0hWZW0ra3NYS29FYXNGbEN4cmNjMFBIcWFkVmxVa0hwbW0xY2ZCdVJ1YWRqZzNCck41dkF4QiJ9,Australia
MorningConsult,2020-08-11 00:00:00,3000.0,62.0,,30.0,https://MorningConsult.com/form/global-leader-approval/?mkt_tok=eyJpIjoiWkRnd05XUXlOVFZqT1dWaCIsInQiOiJBYnZQTHVSYjlnU1o3bUxXenNuWkRUdjFwaGtTaFZXb2NJekx5Ujlhdk5ybHl5eFlOY2ZIZXRONWNOa0E2Y2o1OW5CajRUK0k5S0hWZW0ra3NYS29FYXNGbEN4cmNjMFBIcWFkVmxVa0hwbW0xY2ZCdVJ1YWRqZzNCck41dkF4QiJ9,Australia
MorningConsult,2020-08-18 00:00:00,3000.0,62.0,,30.0,https://MorningConsult.com/form/global-leader-approval/?mkt_tok=eyJpIjoiWkRnd05XUXlOVFZqT1dWaCIsInQiOiJBYnZQTHVSYjlnU1o3bUxXenNuWkRUdjFwaGtTaFZXb2NJekx5Ujlhdk5ybHl5eFlOY2ZIZXRONWNOa0E2Y2o1OW5CajRUK0k5S0hWZW0ra3NYS29FYXNGbEN4cmNjMFBIcWFkVmxVa0hwbW0xY2ZCdVJ1YWRqZzNCck41dkF4QiJ9,Australia
MorningConsult,2020-08-25 00:00:00,3000.0,61.0,,32.0,https://MorningConsult.com/form/global-leader-approval/?mkt_tok=eyJpIjoiWkRnd05XUXlOVFZqT1dWaCIsInQiOiJBYnZQTHVSYjlnU1o3bUxXenNuWkRUdjFwaGtTaFZXb2NJekx5Ujlhdk5ybHl5eFlOY2ZIZXRONWNOa0E2Y2o1OW5CajRUK0k5S0hWZW0ra3NYS29FYXNGbEN4cmNjMFBIcWFkVmxVa0hwbW0xY2ZCdVJ1YWRqZzNCck41dkF4QiJ9,Australia
MorningConsult,2020-09-01 00:00:00,3000.0,62.0,,30.0,https://MorningConsult.com/form/global-leader-approval/?mkt_tok=eyJpIjoiWkRnd05XUXlOVFZqT1dWaCIsInQiOiJBYnZQTHVSYjlnU1o3bUxXenNuWkRUdjFwaGtTaFZXb2NJekx5Ujlhdk5ybHl5eFlOY2ZIZXRONWNOa0E2Y2o1OW5CajRUK0k5S0hWZW0ra3NYS29FYXNGbEN4cmNjMFBIcWFkVmxVa0hwbW0xY2ZCdVJ1YWRqZzNCck41dkF4QiJ9,Australia
MorningConsult,2020-09-08 00:00:00,3000.0,61.0,,31.0,https://MorningConsult.com/form/global-leader-approval/?mkt_tok=eyJpIjoiWkRnd05XUXlOVFZqT1dWaCIsInQiOiJBYnZQTHVSYjlnU1o3bUxXenNuWkRUdjFwaGtTaFZXb2NJekx5Ujlhdk5ybHl5eFlOY2ZIZXRONWNOa0E2Y2o1OW5CajRUK0k5S0hWZW0ra3NYS29FYXNGbEN4cmNjMFBIcWFkVmxVa0hwbW0xY2ZCdVJ1YWRqZzNCck41dkF4QiJ9,Australia
MorningConsult,2020-09-15 00:00:00,3000.0,60.0,,31.0,https://MorningConsult.com/form/global-leader-approval/?mkt_tok=eyJpIjoiWkRnd05XUXlOVFZqT1dWaCIsInQiOiJBYnZQTHVSYjlnU1o3bUxXenNuWkRUdjFwaGtTaFZXb2NJekx5Ujlhdk5ybHl5eFlOY2ZIZXRONWNOa0E2Y2o1OW5CajRUK0k5S0hWZW0ra3NYS29FYXNGbEN4cmNjMFBIcWFkVmxVa0hwbW0xY2ZCdVJ1YWRqZzNCck41dkF4QiJ9,Australia
MorningConsult,2020-09-22 00:00:00,3000.0,59.0,,33.0,https://MorningConsult.com/form/global-leader-approval/?mkt_tok=eyJpIjoiWkRnd05XUXlOVFZqT1dWaCIsInQiOiJBYnZQTHVSYjlnU1o3bUxXenNuWkRUdjFwaGtTaFZXb2NJekx5Ujlhdk5ybHl5eFlOY2ZIZXRONWNOa0E2Y2o1OW5CajRUK0k5S0hWZW0ra3NYS29FYXNGbEN4cmNjMFBIcWFkVmxVa0hwbW0xY2ZCdVJ1YWRqZzNCck41dkF4QiJ9,Australia
MorningConsult,2020-09-29 00:00:00,3000.0,61.0,,32.0,https://MorningConsult.com/form/global-leader-approval/?mkt_tok=eyJpIjoiWkRnd05XUXlOVFZqT1dWaCIsInQiOiJBYnZQTHVSYjlnU1o3bUxXenNuWkRUdjFwaGtTaFZXb2NJekx5Ujlhdk5ybHl5eFlOY2ZIZXRONWNOa0E2Y2o1OW5CajRUK0k5S0hWZW0ra3NYS29FYXNGbEN4cmNjMFBIcWFkVmxVa0hwbW0xY2ZCdVJ1YWRqZzNCck41dkF4QiJ9,Australia
MorningConsult,2020-10-06 00:00:00,3000.0,62.0,,31.0,https://MorningConsult.com/form/global-leader-approval/?mkt_tok=eyJpIjoiWkRnd05XUXlOVFZqT1dWaCIsInQiOiJBYnZQTHVSYjlnU1o3bUxXenNuWkRUdjFwaGtTaFZXb2NJekx5Ujlhdk5ybHl5eFlOY2ZIZXRONWNOa0E2Y2o1OW5CajRUK0k5S0hWZW0ra3NYS29FYXNGbEN4cmNjMFBIcWFkVmxVa0hwbW0xY2ZCdVJ1YWRqZzNCck41dkF4QiJ9,Australia
MorningConsult,2020-10-13 00:00:00,3000.0,59.0,,33.0,https://MorningConsult.com/form/global-leader-approval/?mkt_tok=eyJpIjoiWkRnd05XUXlOVFZqT1dWaCIsInQiOiJBYnZQTHVSYjlnU1o3bUxXenNuWkRUdjFwaGtTaFZXb2NJekx5Ujlhdk5ybHl5eFlOY2ZIZXRONWNOa0E2Y2o1OW5CajRUK0k5S0hWZW0ra3NYS29FYXNGbEN4cmNjMFBIcWFkVmxVa0hwbW0xY2ZCdVJ1YWRqZzNCck41dkF4QiJ9,Australia
MorningConsult,2020-10-20 00:00:00,3000.0,60.0,,33.0,https://MorningConsult.com/form/global-leader-approval/?mkt_tok=eyJpIjoiWkRnd05XUXlOVFZqT1dWaCIsInQiOiJBYnZQTHVSYjlnU1o3bUxXenNuWkRUdjFwaGtTaFZXb2NJekx5Ujlhdk5ybHl5eFlOY2ZIZXRONWNOa0E2Y2o1OW5CajRUK0k5S0hWZW0ra3NYS29FYXNGbEN4cmNjMFBIcWFkVmxVa0hwbW0xY2ZCdVJ1YWRqZzNCck41dkF4QiJ9,Australia
MorningConsult,2020-10-27 00:00:00,3000.0,60.0,,33.0,https://MorningConsult.com/form/global-leader-approval/?mkt_tok=eyJpIjoiWkRnd05XUXlOVFZqT1dWaCIsInQiOiJBYnZQTHVSYjlnU1o3bUxXenNuWkRUdjFwaGtTaFZXb2NJekx5Ujlhdk5ybHl5eFlOY2ZIZXRONWNOa0E2Y2o1OW5CajRUK0k5S0hWZW0ra3NYS29FYXNGbEN4cmNjMFBIcWFkVmxVa0hwbW0xY2ZCdVJ1YWRqZzNCck41dkF4QiJ9,Australia
MorningConsult,2020-11-03 00:00:00,3000.0,61.0,,32.0,https://MorningConsult.com/form/global-leader-approval/?mkt_tok=eyJpIjoiWkRnd05XUXlOVFZqT1dWaCIsInQiOiJBYnZQTHVSYjlnU1o3bUxXenNuWkRUdjFwaGtTaFZXb2NJekx5Ujlhdk5ybHl5eFlOY2ZIZXRONWNOa0E2Y2o1OW5CajRUK0k5S0hWZW0ra3NYS29FYXNGbEN4cmNjMFBIcWFkVmxVa0hwbW0xY2ZCdVJ1YWRqZzNCck41dkF4QiJ9,Australia
MorningConsult,2020-11-10 00:00:00,3000.0,64.0,,29.0,https://MorningConsult.com/form/global-leader-approval/?mkt_tok=eyJpIjoiWkRnd05XUXlOVFZqT1dWaCIsInQiOiJBYnZQTHVSYjlnU1o3bUxXenNuWkRUdjFwaGtTaFZXb2NJekx5Ujlhdk5ybHl5eFlOY2ZIZXRONWNOa0E2Y2o1OW5CajRUK0k5S0hWZW0ra3NYS29FYXNGbEN4cmNjMFBIcWFkVmxVa0hwbW0xY2ZCdVJ1YWRqZzNCck41dkF4QiJ9,Australia
MorningConsult,2020-11-17 00:00:00,3000.0,62.0,,31.0,https://MorningConsult.com/form/global-leader-approval/?mkt_tok=eyJpIjoiWkRnd05XUXlOVFZqT1dWaCIsInQiOiJBYnZQTHVSYjlnU1o3bUxXenNuWkRUdjFwaGtTaFZXb2NJekx5Ujlhdk5ybHl5eFlOY2ZIZXRONWNOa0E2Y2o1OW5CajRUK0k5S0hWZW0ra3NYS29FYXNGbEN4cmNjMFBIcWFkVmxVa0hwbW0xY2ZCdVJ1YWRqZzNCck41dkF4QiJ9,Australia
MorningConsult,2020-11-24 00:00:00,3000.0,65.0,,27.0,https://MorningConsult.com/form/global-leader-approval/?mkt_tok=eyJpIjoiWkRnd05XUXlOVFZqT1dWaCIsInQiOiJBYnZQTHVSYjlnU1o3bUxXenNuWkRUdjFwaGtTaFZXb2NJekx5Ujlhdk5ybHl5eFlOY2ZIZXRONWNOa0E2Y2o1OW5CajRUK0k5S0hWZW0ra3NYS29FYXNGbEN4cmNjMFBIcWFkVmxVa0hwbW0xY2ZCdVJ1YWRqZzNCck41dkF4QiJ9,Australia
MorningConsult,2020-12-01 00:00:00,3000.0,63.0,,31.0,https://MorningConsult.com/form/global-leader-approval/?mkt_tok=eyJpIjoiWkRnd05XUXlOVFZqT1dWaCIsInQiOiJBYnZQTHVSYjlnU1o3bUxXenNuWkRUdjFwaGtTaFZXb2NJekx5Ujlhdk5ybHl5eFlOY2ZIZXRONWNOa0E2Y2o1OW5CajRUK0k5S0hWZW0ra3NYS29FYXNGbEN4cmNjMFBIcWFkVmxVa0hwbW0xY2ZCdVJ1YWRqZzNCck41dkF4QiJ9,Australia
MorningConsult,2020-12-08 00:00:00,3000.0,65.0,,27.0,https://MorningConsult.com/form/global-leader-approval/?mkt_tok=eyJpIjoiWkRnd05XUXlOVFZqT1dWaCIsInQiOiJBYnZQTHVSYjlnU1o3bUxXenNuWkRUdjFwaGtTaFZXb2NJekx5Ujlhdk5ybHl5eFlOY2ZIZXRONWNOa0E2Y2o1OW5CajRUK0k5S0hWZW0ra3NYS29FYXNGbEN4cmNjMFBIcWFkVmxVa0hwbW0xY2ZCdVJ1YWRqZzNCck41dkF4QiJ9,Australia
MorningConsult,2020-12-15 00:00:00,3000.0,62.0,,31.0,https://MorningConsult.com/form/global-leader-approval/?mkt_tok=eyJpIjoiWkRnd05XUXlOVFZqT1dWaCIsInQiOiJBYnZQTHVSYjlnU1o3bUxXenNuWkRUdjFwaGtTaFZXb2NJekx5Ujlhdk5ybHl5eFlOY2ZIZXRONWNOa0E2Y2o1OW5CajRUK0k5S0hWZW0ra3NYS29FYXNGbEN4cmNjMFBIcWFkVmxVa0hwbW0xY2ZCdVJ1YWRqZzNCck41dkF4QiJ9,Australia
MorningConsult,2020-12-22 00:00:00,3000.0,60.0,,32.0,https://MorningConsult.com/form/global-leader-approval/?mkt_tok=eyJpIjoiWkRnd05XUXlOVFZqT1dWaCIsInQiOiJBYnZQTHVSYjlnU1o3bUxXenNuWkRUdjFwaGtTaFZXb2NJekx5Ujlhdk5ybHl5eFlOY2ZIZXRONWNOa0E2Y2o1OW5CajRUK0k5S0hWZW0ra3NYS29FYXNGbEN4cmNjMFBIcWFkVmxVa0hwbW0xY2ZCdVJ1YWRqZzNCck41dkF4QiJ9,Australia
MorningConsult,2020-12-29 00:00:00,3000.0,64.0,,29.0,https://MorningConsult.com/form/global-leader-approval/?mkt_tok=eyJpIjoiWkRnd05XUXlOVFZqT1dWaCIsInQiOiJBYnZQTHVSYjlnU1o3bUxXenNuWkRUdjFwaGtTaFZXb2NJekx5Ujlhdk5ybHl5eFlOY2ZIZXRONWNOa0E2Y2o1OW5CajRUK0k5S0hWZW0ra3NYS29FYXNGbEN4cmNjMFBIcWFkVmxVa0hwbW0xY2ZCdVJ1YWRqZzNCck41dkF4QiJ9,Australia
MorningConsult,2021-01-05 00:00:00,3000.0,60.0,,32.0,https://MorningConsult.com/form/global-leader-approval/?mkt_tok=eyJpIjoiWkRnd05XUXlOVFZqT1dWaCIsInQiOiJBYnZQTHVSYjlnU1o3bUxXenNuWkRUdjFwaGtTaFZXb2NJekx5Ujlhdk5ybHl5eFlOY2ZIZXRONWNOa0E2Y2o1OW5CajRUK0k5S0hWZW0ra3NYS29FYXNGbEN4cmNjMFBIcWFkVmxVa0hwbW0xY2ZCdVJ1YWRqZzNCck41dkF4QiJ9,Australia
MorningConsult,2021-01-12 00:00:00,3000.0,60.0,,33.0,https://MorningConsult.com/form/global-leader-approval/?mkt_tok=eyJpIjoiWkRnd05XUXlOVFZqT1dWaCIsInQiOiJBYnZQTHVSYjlnU1o3bUxXenNuWkRUdjFwaGtTaFZXb2NJekx5Ujlhdk5ybHl5eFlOY2ZIZXRONWNOa0E2Y2o1OW5CajRUK0k5S0hWZW0ra3NYS29FYXNGbEN4cmNjMFBIcWFkVmxVa0hwbW0xY2ZCdVJ1YWRqZzNCck41dkF4QiJ9,Australia
MorningConsult,2021-01-19 00:00:00,3000.0,60.0,,31.0,https://MorningConsult.com/form/global-leader-approval/?mkt_tok=eyJpIjoiWkRnd05XUXlOVFZqT1dWaCIsInQiOiJBYnZQTHVSYjlnU1o3bUxXenNuWkRUdjFwaGtTaFZXb2NJekx5Ujlhdk5ybHl5eFlOY2ZIZXRONWNOa0E2Y2o1OW5CajRUK0k5S0hWZW0ra3NYS29FYXNGbEN4cmNjMFBIcWFkVmxVa0hwbW0xY2ZCdVJ1YWRqZzNCck41dkF4QiJ9,Australia
MorningConsult,2021-01-26 00:00:00,3000.0,61.0,,31.0,https://MorningConsult.com/form/global-leader-approval/?mkt_tok=eyJpIjoiWkRnd05XUXlOVFZqT1dWaCIsInQiOiJBYnZQTHVSYjlnU1o3bUxXenNuWkRUdjFwaGtTaFZXb2NJekx5Ujlhdk5ybHl5eFlOY2ZIZXRONWNOa0E2Y2o1OW5CajRUK0k5S0hWZW0ra3NYS29FYXNGbEN4cmNjMFBIcWFkVmxVa0hwbW0xY2ZCdVJ1YWRqZzNCck41dkF4QiJ9,Australia
MorningConsult,2021-02-02 00:00:00,3000.0,61.0,,32.0,https://MorningConsult.com/form/global-leader-approval/?mkt_tok=eyJpIjoiWkRnd05XUXlOVFZqT1dWaCIsInQiOiJBYnZQTHVSYjlnU1o3bUxXenNuWkRUdjFwaGtTaFZXb2NJekx5Ujlhdk5ybHl5eFlOY2ZIZXRONWNOa0E2Y2o1OW5CajRUK0k5S0hWZW0ra3NYS29FYXNGbEN4cmNjMFBIcWFkVmxVa0hwbW0xY2ZCdVJ1YWRqZzNCck41dkF4QiJ9,Australia
MorningConsult,2021-02-09 00:00:00,3000.0,61.0,,31.0,https://MorningConsult.com/form/global-leader-approval/?mkt_tok=eyJpIjoiWkRnd05XUXlOVFZqT1dWaCIsInQiOiJBYnZQTHVSYjlnU1o3bUxXenNuWkRUdjFwaGtTaFZXb2NJekx5Ujlhdk5ybHl5eFlOY2ZIZXRONWNOa0E2Y2o1OW5CajRUK0k5S0hWZW0ra3NYS29FYXNGbEN4cmNjMFBIcWFkVmxVa0hwbW0xY2ZCdVJ1YWRqZzNCck41dkF4QiJ9,Australia
MorningConsult,2021-02-16 00:00:00,3000.0,60.0,,32.0,https://MorningConsult.com/form/global-leader-approval/?mkt_tok=eyJpIjoiWkRnd05XUXlOVFZqT1dWaCIsInQiOiJBYnZQTHVSYjlnU1o3bUxXenNuWkRUdjFwaGtTaFZXb2NJekx5Ujlhdk5ybHl5eFlOY2ZIZXRONWNOa0E2Y2o1OW5CajRUK0k5S0hWZW0ra3NYS29FYXNGbEN4cmNjMFBIcWFkVmxVa0hwbW0xY2ZCdVJ1YWRqZzNCck41dkF4QiJ9,Australia
MorningConsult,2021-02-23 00:00:00,3000.0,57.0,,36.0,https://MorningConsult.com/form/global-leader-approval/?mkt_tok=eyJpIjoiWkRnd05XUXlOVFZqT1dWaCIsInQiOiJBYnZQTHVSYjlnU1o3bUxXenNuWkRUdjFwaGtTaFZXb2NJekx5Ujlhdk5ybHl5eFlOY2ZIZXRONWNOa0E2Y2o1OW5CajRUK0k5S0hWZW0ra3NYS29FYXNGbEN4cmNjMFBIcWFkVmxVa0hwbW0xY2ZCdVJ1YWRqZzNCck41dkF4QiJ9,Australia
MorningConsult,2021-03-02 00:00:00,3000.0,56.0,,36.0,https://MorningConsult.com/form/global-leader-approval/?mkt_tok=eyJpIjoiWkRnd05XUXlOVFZqT1dWaCIsInQiOiJBYnZQTHVSYjlnU1o3bUxXenNuWkRUdjFwaGtTaFZXb2NJekx5Ujlhdk5ybHl5eFlOY2ZIZXRONWNOa0E2Y2o1OW5CajRUK0k5S0hWZW0ra3NYS29FYXNGbEN4cmNjMFBIcWFkVmxVa0hwbW0xY2ZCdVJ1YWRqZzNCck41dkF4QiJ9,Australia
MorningConsult,2021-03-09 00:00:00,3000.0,56.0,,37.0,https://MorningConsult.com/form/global-leader-approval/?mkt_tok=eyJpIjoiWkRnd05XUXlOVFZqT1dWaCIsInQiOiJBYnZQTHVSYjlnU1o3bUxXenNuWkRUdjFwaGtTaFZXb2NJekx5Ujlhdk5ybHl5eFlOY2ZIZXRONWNOa0E2Y2o1OW5CajRUK0k5S0hWZW0ra3NYS29FYXNGbEN4cmNjMFBIcWFkVmxVa0hwbW0xY2ZCdVJ1YWRqZzNCck41dkF4QiJ9,Australia
MorningConsult,2021-03-16 00:00:00,3000.0,57.0,,36.0,https://MorningConsult.com/form/global-leader-approval/?mkt_tok=eyJpIjoiWkRnd05XUXlOVFZqT1dWaCIsInQiOiJBYnZQTHVSYjlnU1o3bUxXenNuWkRUdjFwaGtTaFZXb2NJekx5Ujlhdk5ybHl5eFlOY2ZIZXRONWNOa0E2Y2o1OW5CajRUK0k5S0hWZW0ra3NYS29FYXNGbEN4cmNjMFBIcWFkVmxVa0hwbW0xY2ZCdVJ1YWRqZzNCck41dkF4QiJ9,Australia
MorningConsult,2021-03-23 00:00:00,3000.0,55.0,,37.0,https://MorningConsult.com/form/global-leader-approval/?mkt_tok=eyJpIjoiWkRnd05XUXlOVFZqT1dWaCIsInQiOiJBYnZQTHVSYjlnU1o3bUxXenNuWkRUdjFwaGtTaFZXb2NJekx5Ujlhdk5ybHl5eFlOY2ZIZXRONWNOa0E2Y2o1OW5CajRUK0k5S0hWZW0ra3NYS29FYXNGbEN4cmNjMFBIcWFkVmxVa0hwbW0xY2ZCdVJ1YWRqZzNCck41dkF4QiJ9,Australia
MorningConsult,2021-03-30 00:00:00,3000.0,54.0,,39.0,https://MorningConsult.com/form/global-leader-approval/?mkt_tok=eyJpIjoiWkRnd05XUXlOVFZqT1dWaCIsInQiOiJBYnZQTHVSYjlnU1o3bUxXenNuWkRUdjFwaGtTaFZXb2NJekx5Ujlhdk5ybHl5eFlOY2ZIZXRONWNOa0E2Y2o1OW5CajRUK0k5S0hWZW0ra3NYS29FYXNGbEN4cmNjMFBIcWFkVmxVa0hwbW0xY2ZCdVJ1YWRqZzNCck41dkF4QiJ9,Australia
MorningConsult,2021-04-06 00:00:00,3000.0,53.0,,38.0,https://MorningConsult.com/form/global-leader-approval/?mkt_tok=eyJpIjoiWkRnd05XUXlOVFZqT1dWaCIsInQiOiJBYnZQTHVSYjlnU1o3bUxXenNuWkRUdjFwaGtTaFZXb2NJekx5Ujlhdk5ybHl5eFlOY2ZIZXRONWNOa0E2Y2o1OW5CajRUK0k5S0hWZW0ra3NYS29FYXNGbEN4cmNjMFBIcWFkVmxVa0hwbW0xY2ZCdVJ1YWRqZzNCck41dkF4QiJ9,Australia
MorningConsult,2021-04-13 00:00:00,3000.0,54.0,,37.0,https://MorningConsult.com/form/global-leader-approval/?mkt_tok=eyJpIjoiWkRnd05XUXlOVFZqT1dWaCIsInQiOiJBYnZQTHVSYjlnU1o3bUxXenNuWkRUdjFwaGtTaFZXb2NJekx5Ujlhdk5ybHl5eFlOY2ZIZXRONWNOa0E2Y2o1OW5CajRUK0k5S0hWZW0ra3NYS29FYXNGbEN4cmNjMFBIcWFkVmxVa0hwbW0xY2ZCdVJ1YWRqZzNCck41dkF4QiJ9,Australia
MorningConsult,2021-04-20 00:00:00,3000.0,53.0,,39.0,https://MorningConsult.com/form/global-leader-approval/?mkt_tok=eyJpIjoiWkRnd05XUXlOVFZqT1dWaCIsInQiOiJBYnZQTHVSYjlnU1o3bUxXenNuWkRUdjFwaGtTaFZXb2NJekx5Ujlhdk5ybHl5eFlOY2ZIZXRONWNOa0E2Y2o1OW5CajRUK0k5S0hWZW0ra3NYS29FYXNGbEN4cmNjMFBIcWFkVmxVa0hwbW0xY2ZCdVJ1YWRqZzNCck41dkF4QiJ9,Australia
MorningConsult,2021-04-27 00:00:00,3000.0,52.0,,41.0,https://MorningConsult.com/form/global-leader-approval/?mkt_tok=eyJpIjoiWkRnd05XUXlOVFZqT1dWaCIsInQiOiJBYnZQTHVSYjlnU1o3bUxXenNuWkRUdjFwaGtTaFZXb2NJekx5Ujlhdk5ybHl5eFlOY2ZIZXRONWNOa0E2Y2o1OW5CajRUK0k5S0hWZW0ra3NYS29FYXNGbEN4cmNjMFBIcWFkVmxVa0hwbW0xY2ZCdVJ1YWRqZzNCck41dkF4QiJ9,Australia
MorningConsult,2021-05-04 00:00:00,3000.0,53.0,,39.0,https://MorningConsult.com/form/global-leader-approval/?mkt_tok=eyJpIjoiWkRnd05XUXlOVFZqT1dWaCIsInQiOiJBYnZQTHVSYjlnU1o3bUxXenNuWkRUdjFwaGtTaFZXb2NJekx5Ujlhdk5ybHl5eFlOY2ZIZXRONWNOa0E2Y2o1OW5CajRUK0k5S0hWZW0ra3NYS29FYXNGbEN4cmNjMFBIcWFkVmxVa0hwbW0xY2ZCdVJ1YWRqZzNCck41dkF4QiJ9,Australia
MorningConsult,2021-05-11 00:00:00,3000.0,52.0,,40.0,https://MorningConsult.com/form/global-leader-approval/?mkt_tok=eyJpIjoiWkRnd05XUXlOVFZqT1dWaCIsInQiOiJBYnZQTHVSYjlnU1o3bUxXenNuWkRUdjFwaGtTaFZXb2NJekx5Ujlhdk5ybHl5eFlOY2ZIZXRONWNOa0E2Y2o1OW5CajRUK0k5S0hWZW0ra3NYS29FYXNGbEN4cmNjMFBIcWFkVmxVa0hwbW0xY2ZCdVJ1YWRqZzNCck41dkF4QiJ9,Australia
MorningConsult,2021-05-18 00:00:00,3000.0,53.0,,39.0,https://MorningConsult.com/form/global-leader-approval/?mkt_tok=eyJpIjoiWkRnd05XUXlOVFZqT1dWaCIsInQiOiJBYnZQTHVSYjlnU1o3bUxXenNuWkRUdjFwaGtTaFZXb2NJekx5Ujlhdk5ybHl5eFlOY2ZIZXRONWNOa0E2Y2o1OW5CajRUK0k5S0hWZW0ra3NYS29FYXNGbEN4cmNjMFBIcWFkVmxVa0hwbW0xY2ZCdVJ1YWRqZzNCck41dkF4QiJ9,Australia
MorningConsult,2021-05-25 00:00:00,3000.0,54.0,,38.0,https://MorningConsult.com/form/global-leader-approval/?mkt_tok=eyJpIjoiWkRnd05XUXlOVFZqT1dWaCIsInQiOiJBYnZQTHVSYjlnU1o3bUxXenNuWkRUdjFwaGtTaFZXb2NJekx5Ujlhdk5ybHl5eFlOY2ZIZXRONWNOa0E2Y2o1OW5CajRUK0k5S0hWZW0ra3NYS29FYXNGbEN4cmNjMFBIcWFkVmxVa0hwbW0xY2ZCdVJ1YWRqZzNCck41dkF4QiJ9,Australia
MorningConsult,2021-06-01 00:00:00,3000.0,55.0,,38.0,https://MorningConsult.com/form/global-leader-approval/#section-101,Australia
MorningConsult,2021-06-08 00:00:00,2265.0,52.0,,41.0,https://MorningConsult.com/form/global-leader-approval/,Australia
MorningConsult,2021-06-15 00:00:00,2265.0,54.0,,38.0,https://MorningConsult.com/form/global-leader-approval/,Australia
MorningConsult,2021-06-22 00:00:00,2265.0,53.0,,40.0,https://MorningConsult.com/form/global-leader-approval/,Australia
MorningConsult,2021-06-29 00:00:00,2265.0,53.0,,40.0,https://MorningConsult.com/form/global-leader-approval/,Australia
MorningConsult,2021-07-06 00:00:00,2265.0,49.0,,44.0,https://MorningConsult.com/form/global-leader-approval/,Australia
MorningConsult,2021-07-13 00:00:00,2265.0,51.0,,42.0,https://MorningConsult.com/form/global-leader-approval/,Australia
MorningConsult,2021-07-20 00:00:00,2265.0,50.0,,43.0,https://MorningConsult.com/form/global-leader-approval/,Australia
MorningConsult,2021-07-27 00:00:00,2265.0,49.0,,44.0,https://MorningConsult.com/form/global-leader-approval/https://MorningConsult.com/form/global-leader-approval/,Australia
MorningConsult,2021-08-03 00:00:00,2265.0,50.0,,44.0,https://MorningConsult.com/form/global-leader-approval/,Australia
MorningConsult,2021-08-10 00:00:00,2265.0,49.0,,45.0,https://MorningConsult.com/form/global-leader-approval/,Australia
MorningConsult,2021-08-17 00:00:00,2265.0,48.0,,45.0,https://MorningConsult.com/form/global-leader-approval/,Australia
MorningConsult,2021-08-24 00:00:00,2265.0,48.0,,46.0,https://MorningConsult.com/form/global-leader-approval/,Australia
MorningConsult,2021-08-31 00:00:00,2265.0,48.0,,46.0,https://MorningConsult.com/form/global-leader-approval/,Australia
MorningConsult,2021-09-07 00:00:00,2265.0,48.0,,45.0,https://MorningConsult.com/form/global-leader-approval/,Australia
MorningConsult,2021-09-14 00:00:00,2265.0,47.0,,45.0,https://MorningConsult.com/form/global-leader-approval/,Australia
MorningConsult,2021-09-21 00:00:00,2265.0,48.0,,44.0,https://MorningConsult.com/form/global-leader-approval/,Australia
MorningConsult,2021-09-28 00:00:00,2265.0,48.0,,46.0,https://MorningConsult.com/form/global-leader-approval/#section-101,Australia
MorningConsult,2021-10-05 00:00:00,2265.0,46.0,,48.0,https://MorningConsult.com/form/global-leader-approval/,Australia
MorningConsult,2021-10-12 00:00:00,2265.0,48.0,,45.0,https://MorningConsult.com/form/global-leader-approval/,Australia
MorningConsult,2021-10-19 00:00:00,2265.0,46.0,,47.0,https://MorningConsult.com/form/global-leader-approval/,Australia
MorningConsult,2021-10-26 00:00:00,2265.0,49.0,,45.0,https://MorningConsult.com/form/global-leader-approval/,Australia
MorningConsult,2021-11-02 00:00:00,2265.0,47.0,,46.0,https://MorningConsult.com/form/global-leader-approval/,Australia
MorningConsult,2021-11-09 00:00:00,2265.0,45.0,,48.0,https://MorningConsult.com/form/global-leader-approval/,Australia
MorningConsult,2021-11-16 00:00:00,2265.0,45.0,,48.0,https://MorningConsult.com/form/global-leader-approval/,Australia
MorningConsult,2021-11-22 00:00:00,3000.0,53.0,,47.0,https://MorningConsult.com/form/global-leader-approval/,Australia
MorningConsult,2021-11-29 00:00:00,3000.0,54.0,,46.0,https://MorningConsult.com/form/global-leader-approval/,Australia
MorningConsult,2021-12-01 00:00:00,3000.0,45.0,,48.0,https://MorningConsult.com/form/global-leader-approval/,Australia
MorningConsult,2021-12-06 00:00:00,3000.0,46.0,,47.0,https://MorningConsult.com/form/global-leader-approval/,Australia
MorningConsult,2021-12-08 00:00:00,3000.0,47.0,,47.0,https://MorningConsult.com/form/global-leader-approval/,Australia
MorningConsult,2021-12-10 00:00:00,3000.0,46.0,,47.0,https://MorningConsult.com/form/global-leader-approval/,Australia
MorningConsult,2021-12-12 00:00:00,3000.0,45.0,,48.0,https://MorningConsult.com/form/global-leader-approval/,Australia
MorningConsult,2021-12-14 00:00:00,3000.0,45.0,,48.0,https://MorningConsult.com/form/global-leader-approval/,Australia
MorningConsult,2021-12-16 00:00:00,3000.0,45.0,,47.0,https://MorningConsult.com/form/global-leader-approval/,Australia
MorningConsult,2021-12-18 00:00:00,3000.0,46.0,,48.0,https://MorningConsult.com/form/global-leader-approval/,Australia
MorningConsult,2021-12-20 00:00:00,3000.0,46.0,,48.0,https://MorningConsult.com/form/global-leader-approval/,Australia
MorningConsult,2021-12-22 00:00:00,3000.0,46.0,,48.0,https://MorningConsult.com/form/global-leader-approval/,Australia
MorningConsult,2021-12-24 00:00:00,3000.0,46.0,,47.0,https://MorningConsult.com/form/global-leader-approval/,Australia
MorningConsult,2021-12-26 00:00:00,3000.0,46.0,,47.0,https://MorningConsult.com/form/global-leader-approval/,Australia
MorningConsult,2021-12-28 00:00:00,3000.0,45.0,,47.0,https://MorningConsult.com/form/global-leader-approval/,Australia
MorningConsult,2021-12-30 00:00:00,3000.0,44.0,,49.0,https://MorningConsult.com/form/global-leader-approval/,Australia
MorningConsult,2022-01-01 00:00:00,3000.0,43.0,,50.0,https://MorningConsult.com/form/global-leader-approval/,Australia
MorningConsult,2022-01-02 00:00:00,3000.0,43.0,,51.0,https://MorningConsult.com/form/global-leader-approval/,Australia
MorningConsult,2022-01-04 00:00:00,3000.0,43.0,,51.0,https://MorningConsult.com/form/global-leader-approval/,Australia
MorningConsult,2022-01-05 00:00:00,3000.0,44.0,,50.0,https://MorningConsult.com/form/global-leader-approval/,Australia
MorningConsult,2022-01-07 00:00:00,3000.0,44.0,,49.0,https://MorningConsult.com/form/global-leader-approval/,Australia
MorningConsult,2022-01-09 00:00:00,3000.0,44.0,,49.0,https://MorningConsult.com/form/global-leader-approval/,Australia
MorningConsult,2022-01-10 00:00:00,3000.0,44.0,,49.0,https://MorningConsult.com/form/global-leader-approval/,Australia
MorningConsult,2022-01-12 00:00:00,3000.0,43.0,,50.0,https://MorningConsult.com/form/global-leader-approval/,Australia
MorningConsult,2022-01-13 00:00:00,3000.0,42.0,,50.0,https://MorningConsult.com/form/global-leader-approval/,Australia
MorningConsult,2022-01-16 00:00:00,3000.0,41.0,,52.0,https://MorningConsult.com/form/global-leader-approval/,Australia
MorningConsult,2022-01-17 00:00:00,3000.0,42.0,,50.0,https://MorningConsult.com/form/global-leader-approval/,Australia
MorningConsult,2022-01-18 00:00:00,3000.0,41.0,,52.0,https://MorningConsult.com/form/global-leader-approval/,Australia
MorningConsult,2022-01-25 00:00:00,3000.0,42.0,,51.0,https://MorningConsult.com/form/global-leader-approval/,Australia
MorningConsult,2022-02-01 00:00:00,3000.0,41.0,,52.0,https://MorningConsult.com/form/global-leader-approval/,Australia
MorningConsult,2022-02-08 00:00:00,3000.0,41.0,,52.0,https://MorningConsult.com/form/global-leader-approval/,Australia
MorningConsult,2022-02-15 00:00:00,3000.0,42.0,,52.0,https://MorningConsult.com/form/global-leader-approval/,Australia
MorningConsult,2022-02-22 00:00:00,3000.0,40.0,,53.0,https://MorningConsult.com/form/global-leader-approval/,Australia
MorningConsult,2022-03-01 00:00:00,3000.0,40.0,,54.0,https://MorningConsult.com/form/global-leader-approval/,Australia
MorningConsult,2022-03-08 00:00:00,3000.0,40.0,,54.0,https://MorningConsult.com/form/global-leader-approval/,Australia
MorningConsult,2022-03-15 00:00:00,3000.0,41.0,,53.0,https://MorningConsult.com/form/global-leader-approval/,Australia
MorningConsult,2022-03-22 00:00:00,3000.0,39.0,,55.0,https://MorningConsult.com/form/global-leader-approval/,Australia
MorningConsult,2022-03-29 00:00:00,3000.0,42.0,,51.0,https://MorningConsult.com/form/global-leader-approval/,Australia
MorningConsult,2022-04-05 00:00:00,3000.0,41.0,,52.0,https://MorningConsult.com/form/global-leader-approval/,Australia
MorningConsult,2022-04-12 00:00:00,3000.0,40.0,,53.0,https://MorningConsult.com/form/global-leader-approval/,Australia
MorningConsult,2022-04-19 00:00:00,3000.0,41.0,,53.0,https://MorningConsult.com/form/global-leader-approval/,Australia
MorningConsult,2022-04-26 00:00:00,3000.0,41.0,,54.0,https://MorningConsult.com/form/global-leader-approval/,Australia
MorningConsult,2022-05-23 00:00:00,,42.0,,30.0,https://MorningConsult.com/global-leader-approval/,Australia
MorningConsult,2022-05-30 00:00:00,,51.0,,24.0,https://MorningConsult.com/global-leader-approval/,Australia
MorningConsult,2022-06-06 00:00:00,,54.0,,25.0,https://MorningConsult.com/global-leader-approval/,Australia
MorningConsult,2022-06-13 00:00:00,,54.0,,28.0,https://MorningConsult.com/global-leader-approval/,Australia
MorningConsult,2022-06-20 00:00:00,,57.0,,26.0,https://MorningConsult.com/global-leader-approval/,Australia
MorningConsult,2022-06-27 00:00:00,,56.0,,26.0,https://MorningConsult.com/global-leader-approval/,Australia
MorningConsult,2022-07-04 00:00:00,,57.0,,25.0,https://MorningConsult.com/global-leader-approval/,Australia
MorningConsult,2022-07-11 00:00:00,,60.0,,24.0,https://MorningConsult.com/global-leader-approval/,Australia
MorningConsult,2022-07-18 00:00:00,,57.0,,27.0,https://MorningConsult.com/global-leader-approval/,Australia
MorningConsult,2022-07-25 00:00:00,,59.0,,26.0,https://MorningConsult.com/global-leader-approval/,Australia
MorningConsult,2022-08-01 00:00:00,,57.0,,26.0,https://MorningConsult.com/global-leader-approval/,Australia
MorningConsult,2022-08-08 00:00:00,,57.0,,28.0,https://MorningConsult.com/global-leader-approval/,Australia
MorningConsult,2022-08-15 00:00:00,,56.0,,28.0,https://MorningConsult.com/global-leader-approval/,Australia
MorningConsult,2022-08-22 00:00:00,,58.0,,28.0,https://MorningConsult.com/global-leader-approval/,Australia
MorningConsult,2022-08-29 00:00:00,,58.0,,28.0,https://MorningConsult.com/global-leader-approval/,Australia
MorningConsult,2022-09-05 00:00:00,,60.0,,28.0,https://MorningConsult.com/global-leader-approval/,Australia
MorningConsult,2022-09-12 00:00:00,,60.0,,27.0,https://MorningConsult.com/global-leader-approval/,Australia
MorningConsult,2022-09-19 00:00:00,,59.0,,28.0,https://MorningConsult.com/global-leader-approval/,Australia
MorningConsult,2022-09-26 00:00:00,,58.0,,29.0,https://MorningConsult.com/global-leader-approval/,Australia
MorningConsult,2022-10-03 00:00:00,,58.0,,28.0,https://MorningConsult.com/global-leader-approval/,Australia
MorningConsult,2022-10-10 00:00:00,,56.0,,29.0,https://MorningConsult.com/global-leader-approval/,Australia
MorningConsult,2022-10-17 00:00:00,,57.0,,30.0,https://MorningConsult.com/global-leader-approval/,Australia
MorningConsult,2022-10-24 00:00:00,,58.0,,29.0,https://MorningConsult.com/global-leader-approval/,Australia
MorningConsult,2022-10-31 00:00:00,,56.0,,30.0,https://MorningConsult.com/global-leader-approval/,Australia
MorningConsult,2022-11-07 00:00:00,,57.0,,32.0,https://MorningConsult.com/global-leader-approval/,Australia
MorningConsult,2022-11-14 00:00:00,,55.0,,32.0,https://MorningConsult.com/global-leader-approval/,Australia
MorningConsult,2022-11-21 00:00:00,,56.0,,30.0,https://MorningConsult.com/global-leader-approval/,Australia
MorningConsult,2022-11-28 00:00:00,,56.0,,30.0,https://MorningConsult.com/global-leader-approval/,Australia
MorningConsult,2022-12-05 00:00:00,,57.0,,30.0,https://MorningConsult.com/global-leader-approval/,Australia
MorningConsult,2022-12-13 00:00:00,,57.0,,30.0,https://MorningConsult.com/global-leader-approval/,Australia
MorningConsult,2022-12-20 00:00:00,,59.0,,29.0,https://MorningConsult.com/global-leader-approval/,Australia
MorningConsult,2022-12-27 00:00:00,,59.0,,28.0,https://MorningConsult.com/global-leader-approval/,Australia
MorningConsult,2023-01-03 00:00:00,,60.0,,28.0,https://MorningConsult.com/global-leader-approval/,Australia
MorningConsult,2023-01-10 00:00:00,,59.0,,28.0,https://MorningConsult.com/global-leader-approval/,Australia
MorningConsult,2023-01-17 00:00:00,,59.0,,28.0,https://MorningConsult.com/global-leader-approval/,Australia
MorningConsult,2023-01-24 00:00:00,,58.0,,29.0,https://MorningConsult.com/global-leader-approval/,Australia
MorningConsult,2023-01-31 00:00:00,,58.0,,30.0,https://MorningConsult.com/global-leader-approval/,Australia
MorningConsult,2023-02-07 00:00:00,,57.0,,31.0,https://MorningConsult.com/global-leader-approval/,Australia
MorningConsult,2023-02-14 00:00:00,,56.0,,32.0,https://MorningConsult.com/global-leader-approval/,Australia
MorningConsult,2023-02-21 00:00:00,,57.0,,31.0,https://MorningConsult.com/global-leader-approval/,Australia
MorningConsult,2023-02-28 00:00:00,,57.0,,31.0,https://MorningConsult.com/global-leader-approval/,Australia
MorningConsult,2023-03-07 00:00:00,,57.0,,31.0,https://MorningConsult.com/global-leader-approval/,Australia
MorningConsult,2023-03-14 00:00:00,,57.0,,31.0,https://MorningConsult.com/global-leader-approval/,Australia
MorningConsult,2023-03-21 00:00:00,,55.0,,33.0,https://MorningConsult.com/global-leader-approval/,Australia
MorningConsult,2023-03-28 00:00:00,,55.0,,32.0,https://MorningConsult.com/global-leader-approval/,Australia
MorningConsult,2023-04-04 00:00:00,,54.0,,34.0,https://MorningConsult.com/global-leader-approval/,Australia
MorningConsult,2023-04-11 00:00:00,,56.0,,33.0,https://MorningConsult.com/global-leader-approval/,Australia
MorningConsult,2023-04-18 00:00:00,,55.0,,33.0,https://MorningConsult.com/global-leader-approval/,Australia
MorningConsult,2023-04-25 00:00:00,,55.0,,33.0,https://MorningConsult.com/global-leader-approval/,Australia
MorningConsult,2023-05-02 00:00:00,,54.0,,34.0,https://MorningConsult.com/global-leader-approval/,Australia
MorningConsult,2023-05-09 00:00:00,,55.0,,32.0,https://MorningConsult.com/global-leader-approval/,Australia
MorningConsult,2023-05-16 00:00:00,,53.0,,35.0,https://MorningConsult.com/global-leader-approval/,Australia
MorningConsult,2023-05-23 00:00:00,,54.0,,34.0,https://MorningConsult.com/global-leader-approval/,Australia
MorningConsult,2023-05-30 00:00:00,,56.0,,33.0,https://MorningConsult.com/global-leader-approval/,Australia
MorningConsult,2023-06-06 00:00:00,,52.0,,36.0,https://MorningConsult.com/global-leader-approval/,Australia
MorningConsult,2023-06-13 00:00:00,,53.0,,35.0,https://MorningConsult.com/global-leader-approval/,Australia
MorningConsult,2023-06-20 00:00:00,,54.0,,35.0,https://MorningConsult.com/global-leader-approval/,Australia
MorningConsult,2023-06-27 00:00:00,,53.0,,34.0,https://MorningConsult.com/global-leader-approval/,Australia
MorningConsult,2023-07-01 00:00:00,,55.0,,32.0,https://MorningConsult.com/global-leader-approval/,Australia
MorningConsult,2023-07-08 00:00:00,,54.0,,33.0,https://MorningConsult.com/global-leader-approval/,Australia
MorningConsult,2023-07-15 00:00:00,,53.0,,35.0,https://MorningConsult.com/global-leader-approval/,Australia
MorningConsult,2023-07-22 00:00:00,,52.0,,36.0,https://MorningConsult.com/global-leader-approval/,Australia
MorningConsult,2023-07-29 00:00:00,,52.0,,37.0,https://MorningConsult.com/global-leader-approval/,Australia
MorningConsult,2023-08-05 00:00:00,,52.0,,36.0,https://MorningConsult.com/global-leader-approval/,Australia
MorningConsult,2023-08-12 00:00:00,,55.0,,34.0,https://MorningConsult.com/global-leader-approval/,Australia
MorningConsult,2023-08-19 00:00:00,,55.0,,33.0,https://MorningConsult.com/global-leader-approval/,Australia
MorningConsult,2024-04-04 00:00:00,,48.0,11.0,41.0,MorningConsult 4/4/2024 - Google Docs,Australia
MorningConsult,2024-05-07 00:00:00,,50.0,11.0,40.0,pro.MorningConsult.com/trackers/global-leader-approval,Australia
MorningConsult,2024-07-16 00:00:00,,42.0,,45.0,https://www.statista.com/statistics/1456852/world-leader-approval-ratings/,Australia
MorningConsult,2024-09-04 00:00:00,,46.0,12.0,43.0,https://pro.morningconsult.com/trackers/global-leader-approval#leader-approval-over-time,Australia
MorningConsult,2024-10-02 00:00:00,,45.0,12.0,43.0,https://pro.morningconsult.com/trackers/global-leader-approval,Australia
MorningConsult,2024-11-05 00:00:00,,41.0,12.0,46.0,https://pro.morningconsult.com/trackers/global-leader-approval,Australia
MorningConsult,2024-12-03 00:00:00,,40.0,13.0,47.0,https://archive.ph/f9Y4k,Australia
MorningConsult,2025-01-08 00:00:00,,45.0,,42.0,https://drive.google.com/drive/u/0/folders/1HNOcv-Nu85QqbpjbpXAQ5PMsOr_3-P2V,Australia
MorningConsult,2025-01-27 00:00:00,,46.0,11.0,42.0,https://pro.morningconsult.com/trackers/global-leader-approval,Australia
MorningConsult,2025-04-07 00:00:00,,54.0,,35.0,https://drive.google.com/drive/home,Australia
MorningConsult,2025-06-09 00:00:00,,53.0,,36.0,https://drive.google.com/drive/u/0/folders/1HNOcv-Nu85QqbpjbpXAQ5PMsOr_3-P2V,Australia
MorningConsult,2025-07-10 00:00:00,,54.0,,31.0,https://drive.google.com/drive/home,Australia
MorningConsult,2025-08-09 00:00:00,,57.0,,33.0,https://archive.ph/NOUh9,Australia
MorningConsult,2025-09-09 00:00:00,,55.0,,35.0,https://docs.google.com/spreadsheets/d/1MRd2odFYYnEFTVTD1AKI-ZZipom839M4/edit?gid=1503732994#gid=1503732994,Australia
MorningConsult,2025-10-07 00:00:00,,47.0,,42.0,https://docs.google.com/spreadsheets/d/1MFkq72SqHbZqdvAWCaev0GRtYYT_L7gl/edit?gid=1755455314#gid=1755455314,Australia
MorningConsult,2025-11-13 00:00:00,,58.0,,33.0,https://docs.google.com/spreadsheets/d/15ct5kwKoq1ScwoKpQpKBk-6Cd0zlu0vet8r-SJcSEeY/edit?gid=57014441#gid=57014441,Australia
MorningConsult,2025-12-15 00:00:00,,47.0,,43.0,https://archive.ph/JY3ZF,Australia
MorningConsult,2026-01-04 00:00:00,,45.0,,47.0,https://archive.ph/0b9Jg,Australia
MorningConsult,2026-02-15 00:00:00,,38.0,,51.0,https://pro.morningconsult.com/trackers/global-leader-approval,Australia
NEWSPOLL,1985-01-12 00:00:00,1200.0,56.0,,35.0,,Australia
NEWSPOLL,1985-12-15 00:00:00,1200.0,60.0,,30.0,,Australia
NEWSPOLL,1986-01-26 00:00:00,1200.0,62.0,,32.0,,Australia
NEWSPOLL,1986-02-23 00:00:00,1200.0,55.0,,38.0,,Australia
NEWSPOLL,1986-03-23 00:00:00,1200.0,51.0,,37.0,,Australia
NEWSPOLL,1986-04-20 00:00:00,1200.0,59.0,,31.0,,Australia
NEWSPOLL,1986-05-18 00:00:00,1200.0,52.0,,38.0,,Australia
NEWSPOLL,1986-06-22 00:00:00,1200.0,50.0,,43.0,,Australia
NEWSPOLL,1986-07-20 00:00:00,1200.0,46.0,,47.0,,Australia
NEWSPOLL,1986-08-24 00:00:00,1200.0,50.0,,43.0,,Australia
NEWSPOLL,1986-09-21 00:00:00,1200.0,43.0,,51.0,,Australia
NEWSPOLL,1986-10-19 00:00:00,1200.0,44.0,,49.0,,Australia
NEWSPOLL,1986-11-16 00:00:00,1200.0,45.0,,49.0,,Australia
NEWSPOLL,1986-12-14 00:00:00,1200.0,42.0,,50.0,,Australia
NEWSPOLL,1987-02-15 00:00:00,1200.0,45.0,,49.0,,Australia
NEWSPOLL,1987-02-15 00:00:00,1200.0,47.0,,45.0,,Australia
NEWSPOLL,1987-03-15 00:00:00,1200.0,44.0,,48.0,,Australia
NEWSPOLL,1987-03-29 00:00:00,1200.0,46.0,,46.0,,Australia
NEWSPOLL,1987-04-12 00:00:00,1200.0,49.0,,43.0,,Australia
NEWSPOLL,1987-05-03 00:00:00,1200.0,48.0,,42.0,,Australia
NEWSPOLL,1987-05-17 00:00:00,1200.0,55.0,,37.0,,Australia
NEWSPOLL,1987-06-07 00:00:00,1200.0,54.0,,42.0,,Australia
NEWSPOLL,1987-06-14 00:00:00,1200.0,56.0,,39.0,,Australia
NEWSPOLL,1987-06-21 00:00:00,1200.0,53.0,,42.0,,Australia
NEWSPOLL,1987-06-28 00:00:00,1200.0,53.0,,42.0,,Australia
NEWSPOLL,1987-07-05 00:00:00,1200.0,52.0,,43.0,,Australia
NEWSPOLL,1987-07-08 00:00:00,1200.0,54.0,,42.0,,Australia
NEWSPOLL,1987-07-09 00:00:00,1200.0,53.0,,43.0,,Australia
NEWSPOLL,1987-08-23 00:00:00,1200.0,56.0,,37.0,,Australia
NEWSPOLL,1987-09-20 00:00:00,1200.0,55.0,,40.0,,Australia
NEWSPOLL,1987-10-18 00:00:00,1200.0,49.0,,44.0,,Australia
NEWSPOLL,1987-11-08 00:00:00,1200.0,53.0,,40.0,,Australia
NEWSPOLL,1987-11-29 00:00:00,1200.0,53.0,,42.0,,Australia
NEWSPOLL,1987-12-13 00:00:00,1200.0,56.0,,38.0,,Australia
NEWSPOLL,1988-02-28 00:00:00,1200.0,45.0,,47.0,,Australia
NEWSPOLL,1988-03-27 00:00:00,1200.0,43.0,,49.0,,Australia
NEWSPOLL,1988-05-15 00:00:00,1200.0,46.0,,46.0,,Australia
NEWSPOLL,1988-05-29 00:00:00,1200.0,47.0,,45.0,,Australia
NEWSPOLL,1988-06-26 00:00:00,1200.0,51.0,,41.0,,Australia
NEWSPOLL,1988-07-24 00:00:00,1200.0,50.0,,42.0,,Australia
NEWSPOLL,1988-08-21 00:00:00,1200.0,53.0,,41.0,,Australia
NEWSPOLL,1988-09-25 00:00:00,1200.0,52.0,,42.0,,Australia
NEWSPOLL,1988-10-23 00:00:00,1200.0,51.0,,41.0,,Australia
NEWSPOLL,1988-11-20 00:00:00,1200.0,54.0,,39.0,,Australia
NEWSPOLL,1988-12-11 00:00:00,1200.0,53.0,,40.0,,Australia
NEWSPOLL,1989-02-19 00:00:00,1200.0,46.0,,47.0,,Australia
NEWSPOLL,1989-04-24 00:00:00,1200.0,44.0,,50.0,,Australia
NEWSPOLL,1989-05-07 00:00:00,1200.0,48.0,,45.0,,Australia
NEWSPOLL,1989-05-19 00:00:00,1200.0,42.0,,51.0,,Australia
NEWSPOLL,1989-05-21 00:00:00,1200.0,42.0,,50.0,,Australia
NEWSPOLL,1989-06-18 00:00:00,1200.0,40.0,,53.0,,Australia
NEWSPOLL,1989-06-25 00:00:00,1200.0,34.0,,59.0,,Australia
NEWSPOLL,1989-07-23 00:00:00,1200.0,40.0,,52.0,,Australia
NEWSPOLL,1989-08-27 00:00:00,1200.0,45.0,,49.0,,Australia
NEWSPOLL,1989-09-24 00:00:00,1200.0,41.0,,51.0,,Australia
NEWSPOLL,1989-10-22 00:00:00,1200.0,39.0,,53.0,,Australia
NEWSPOLL,1989-11-26 00:00:00,1200.0,38.0,,54.0,,Australia
NEWSPOLL,1989-12-10 00:00:00,1200.0,41.0,,51.0,,Australia
NEWSPOLL,1990-02-18 00:00:00,1200.0,43.0,,49.0,,Australia
NEWSPOLL,1990-03-04 00:00:00,1200.0,41.0,,52.0,,Australia
NEWSPOLL,1990-03-18 00:00:00,1200.0,40.0,,53.0,,Australia
NEWSPOLL,1990-03-22 00:00:00,1200.0,42.0,,52.0,,Australia
NEWSPOLL,1990-04-22 00:00:00,1200.0,43.0,,50.0,,Australia
NEWSPOLL,1990-05-20 00:00:00,1200.0,43.0,,51.0,,Australia
NEWSPOLL,1990-06-17 00:00:00,1200.0,38.0,,53.0,,Australia
NEWSPOLL,1990-07-29 00:00:00,1200.0,37.0,,55.0,,Australia
NEWSPOLL,1990-08-26 00:00:00,1200.0,40.0,,52.0,,Australia
NEWSPOLL,1990-09-23 00:00:00,1200.0,38.0,,54.0,,Australia
NEWSPOLL,1990-10-28 00:00:00,1200.0,31.0,,62.0,,Australia
NEWSPOLL,1990-11-25 00:00:00,1200.0,31.0,,59.0,,Australia
NEWSPOLL,1990-12-09 00:00:00,1200.0,31.0,,62.0,,Australia
NEWSPOLL,1991-02-24 00:00:00,1200.0,40.0,,52.0,,Australia
NEWSPOLL,1991-03-17 00:00:00,1200.0,38.0,,56.0,,Australia
NEWSPOLL,1991-04-21 00:00:00,1200.0,32.0,,62.0,,Australia
NEWSPOLL,1991-05-19 00:00:00,1200.0,34.0,,59.0,,Australia
NEWSPOLL,1991-06-30 00:00:00,1200.0,38.0,,56.0,,Australia
NEWSPOLL,1991-07-28 00:00:00,1200.0,34.0,,57.0,,Australia
NEWSPOLL,1991-08-25 00:00:00,1200.0,34.0,,57.0,,Australia
NEWSPOLL,1991-09-29 00:00:00,1200.0,36.0,,57.0,,Australia
NEWSPOLL,1991-10-20 00:00:00,1200.0,32.0,,61.0,,Australia
NEWSPOLL,1991-11-17 00:00:00,1200.0,33.0,,59.0,,Australia
NEWSPOLL,1991-11-24 00:00:00,1200.0,30.0,,61.0,,Australia
NEWSPOLL,1991-12-08 00:00:00,1200.0,27.0,,64.0,,Australia
NEWSPOLL,1992-01-19 00:00:00,1200.0,21.0,,42.0,,Australia
NEWSPOLL,1992-02-02 00:00:00,1200.0,27.0,,45.0,,Australia
NEWSPOLL,1992-02-16 00:00:00,1200.0,27.0,,47.0,,Australia
NEWSPOLL,1992-03-01 00:00:00,1200.0,35.0,,46.0,,Australia
NEWSPOLL,1992-03-15 00:00:00,1200.0,37.0,,47.0,,Australia
NEWSPOLL,1992-03-29 00:00:00,1200.0,37.0,,49.0,,Australia
NEWSPOLL,1992-04-12 00:00:00,1200.0,35.0,,50.0,,Australia
NEWSPOLL,1992-05-03 00:00:00,1200.0,29.0,,61.0,,Australia
NEWSPOLL,1992-05-17 00:00:00,1200.0,30.0,,60.0,,Australia
NEWSPOLL,1992-05-31 00:00:00,1200.0,29.0,,60.0,,Australia
NEWSPOLL,1992-06-14 00:00:00,1200.0,27.0,,63.0,,Australia
NEWSPOLL,1992-06-28 00:00:00,1200.0,32.0,,58.0,,Australia
NEWSPOLL,1992-07-12 00:00:00,1200.0,24.0,,68.0,,Australia
NEWSPOLL,1992-07-26 00:00:00,1200.0,28.0,,64.0,,Australia
NEWSPOLL,1992-08-09 00:00:00,1200.0,27.0,,63.0,,Australia
NEWSPOLL,1992-08-23 00:00:00,1200.0,24.0,,67.0,,Australia
NEWSPOLL,1992-09-06 00:00:00,1200.0,29.0,,62.0,,Australia
NEWSPOLL,1992-09-20 00:00:00,1200.0,29.0,,61.0,,Australia
NEWSPOLL,1992-10-11 00:00:00,1200.0,31.0,,59.0,,Australia
NEWSPOLL,1992-10-25 00:00:00,1200.0,33.0,,56.0,,Australia
NEWSPOLL,1992-11-08 00:00:00,1200.0,35.0,,54.0,,Australia
NEWSPOLL,1992-11-22 00:00:00,1200.0,31.0,,56.0,,Australia
NEWSPOLL,1992-12-06 00:00:00,1200.0,34.0,,58.0,,Australia
NEWSPOLL,1992-12-13 00:00:00,1200.0,35.0,,55.0,,Australia
NEWSPOLL,1992-12-20 00:00:00,1200.0,32.0,,59.0,,Australia
NEWSPOLL,1993-01-24 00:00:00,1200.0,34.0,,57.0,,Australia
NEWSPOLL,1993-02-07 00:00:00,1200.0,26.0,,63.0,,Australia
NEWSPOLL,1993-02-14 00:00:00,1200.0,30.0,,62.0,,Australia
NEWSPOLL,1993-02-21 00:00:00,1200.0,29.0,,61.0,,Australia
NEWSPOLL,1993-02-28 00:00:00,1200.0,32.0,,60.0,,Australia
NEWSPOLL,1993-03-07 00:00:00,1200.0,29.0,,61.0,,Australia
NEWSPOLL,1993-03-11 00:00:00,1200.0,34.0,,59.0,,Australia
NEWSPOLL,1993-03-21 00:00:00,1200.0,41.0,,50.0,,Australia
NEWSPOLL,1993-04-04 00:00:00,1200.0,43.0,,47.0,,Australia
NEWSPOLL,1993-04-18 00:00:00,1200.0,43.0,,45.0,,Australia
NEWSPOLL,1993-05-02 00:00:00,1200.0,40.0,,48.0,,Australia
NEWSPOLL,1993-05-16 00:00:00,1200.0,38.0,,52.0,,Australia
NEWSPOLL,1993-05-30 00:00:00,1200.0,32.0,,57.0,,Australia
NEWSPOLL,1993-06-13 00:00:00,1200.0,32.0,,57.0,,Australia
NEWSPOLL,1993-06-27 00:00:00,1200.0,30.0,,60.0,,Australia
NEWSPOLL,1993-07-11 00:00:00,1200.0,30.0,,60.0,,Australia
NEWSPOLL,1993-07-25 00:00:00,1200.0,29.0,,60.0,,Australia
NEWSPOLL,1993-08-08 00:00:00,1200.0,27.0,,64.0,,Australia
NEWSPOLL,1993-08-22 00:00:00,1200.0,17.0,,74.0,,Australia
NEWSPOLL,1993-09-05 00:00:00,1200.0,18.0,,75.0,,Australia
NEWSPOLL,1993-09-19 00:00:00,1200.0,21.0,,70.0,,Australia
NEWSPOLL,1993-09-26 00:00:00,1200.0,25.0,,66.0,,Australia
NEWSPOLL,1993-10-10 00:00:00,1200.0,22.0,,68.0,,Australia
NEWSPOLL,1993-10-24 00:00:00,1200.0,25.0,,65.0,,Australia
NEWSPOLL,1993-11-07 00:00:00,1200.0,26.0,,65.0,,Australia
NEWSPOLL,1993-11-21 00:00:00,1200.0,29.0,,61.0,,Australia
NEWSPOLL,1993-12-05 00:00:00,1200.0,26.0,,65.0,,Australia
NEWSPOLL,1993-12-19 00:00:00,1200.0,26.0,,63.0,,Australia
NEWSPOLL,1994-01-16 00:00:00,1200.0,34.0,,55.0,,Australia
NEWSPOLL,1994-01-30 00:00:00,1200.0,36.0,,52.0,,Australia
NEWSPOLL,1994-02-13 00:00:00,1200.0,32.0,,57.0,,Australia
NEWSPOLL,1994-02-27 00:00:00,1200.0,34.0,,57.0,,Australia
NEWSPOLL,1994-03-13 00:00:00,1200.0,35.0,,52.0,,Australia
NEWSPOLL,1994-03-27 00:00:00,1200.0,34.0,,57.0,,Australia
NEWSPOLL,1994-04-17 00:00:00,1200.0,37.0,,52.0,,Australia
NEWSPOLL,1994-05-01 00:00:00,1200.0,35.0,,52.0,,Australia
NEWSPOLL,1994-05-15 00:00:00,1200.0,41.0,,46.0,,Australia
NEWSPOLL,1994-05-29 00:00:00,1200.0,34.0,,54.0,,Australia
NEWSPOLL,1994-06-12 00:00:00,1200.0,36.0,,53.0,,Australia
NEWSPOLL,1994-06-26 00:00:00,1200.0,33.0,,59.0,,Australia
NEWSPOLL,1994-07-10 00:00:00,1200.0,32.0,,58.0,,Australia
NEWSPOLL,1994-07-24 00:00:00,1200.0,29.0,,62.0,,Australia
NEWSPOLL,1994-08-07 00:00:00,1200.0,37.0,,53.0,,Australia
NEWSPOLL,1994-08-21 00:00:00,1200.0,33.0,,56.0,,Australia
NEWSPOLL,1994-09-04 00:00:00,1200.0,38.0,,50.0,,Australia
NEWSPOLL,1994-09-18 00:00:00,1200.0,43.0,,46.0,,Australia
NEWSPOLL,1994-09-25 00:00:00,1200.0,42.0,,47.0,,Australia
NEWSPOLL,1994-10-09 00:00:00,1200.0,41.0,,51.0,,Australia
NEWSPOLL,1994-10-23 00:00:00,1200.0,40.0,,48.0,,Australia
NEWSPOLL,1994-11-06 00:00:00,1200.0,41.0,,51.0,,Australia
NEWSPOLL,1994-11-20 00:00:00,1200.0,43.0,,48.0,,Australia
NEWSPOLL,1994-12-04 00:00:00,1200.0,39.0,,53.0,,Australia
NEWSPOLL,1994-12-18 00:00:00,1200.0,32.0,,59.0,,Australia
NEWSPOLL,1995-01-15 00:00:00,1200.0,35.0,,54.0,,Australia
NEWSPOLL,1995-01-29 00:00:00,1200.0,38.0,,53.0,,Australia
NEWSPOLL,1995-02-12 00:00:00,1200.0,32.0,,58.0,,Australia
NEWSPOLL,1995-02-26 00:00:00,1200.0,31.0,,58.0,,Australia
NEWSPOLL,1995-03-12 00:00:00,1200.0,32.0,,58.0,,Australia
NEWSPOLL,1995-03-26 00:00:00,1200.0,30.0,,62.0,,Australia
NEWSPOLL,1995-04-09 00:00:00,1200.0,34.0,,57.0,,Australia
NEWSPOLL,1995-04-23 00:00:00,1200.0,33.0,,55.0,,Australia
NEWSPOLL,1995-05-07 00:00:00,1200.0,36.0,,53.0,,Australia
NEWSPOLL,1995-05-21 00:00:00,1200.0,34.0,,56.0,,Australia
NEWSPOLL,1995-06-04 00:00:00,1200.0,35.0,,56.0,,Australia
NEWSPOLL,1995-06-18 00:00:00,1200.0,31.0,,59.0,,Australia
NEWSPOLL,1995-07-02 00:00:00,1200.0,33.0,,61.0,,Australia
NEWSPOLL,1995-07-16 00:00:00,1200.0,33.0,,57.0,,Australia
NEWSPOLL,1995-07-30 00:00:00,1200.0,31.0,,60.0,,Australia
NEWSPOLL,1995-08-13 00:00:00,1200.0,31.0,,59.0,,Australia
NEWSPOLL,1995-08-27 00:00:00,1200.0,33.0,,59.0,,Australia
NEWSPOLL,1995-09-10 00:00:00,1200.0,32.0,,61.0,,Australia
NEWSPOLL,1995-09-24 00:00:00,1200.0,36.0,,55.0,,Australia
NEWSPOLL,1995-10-08 00:00:00,1200.0,33.0,,56.0,,Australia
NEWSPOLL,1995-10-22 00:00:00,1200.0,31.0,,59.0,,Australia
NEWSPOLL,1995-11-12 00:00:00,1200.0,35.0,,54.0,,Australia
NEWSPOLL,1995-11-26 00:00:00,1200.0,32.0,,57.0,,Australia
NEWSPOLL,1995-12-10 00:00:00,1200.0,30.0,,58.0,,Australia
NEWSPOLL,1995-12-17 00:00:00,1200.0,34.0,,55.0,,Australia
NEWSPOLL,1996-01-21 00:00:00,1200.0,33.0,,57.0,,Australia
NEWSPOLL,1996-02-04 00:00:00,1200.0,36.0,,56.0,,Australia
NEWSPOLL,1996-02-11 00:00:00,1200.0,36.0,,54.0,,Australia
NEWSPOLL,1996-02-18 00:00:00,1200.0,36.0,,55.0,,Australia
NEWSPOLL,1996-02-25 00:00:00,1200.0,36.0,,57.0,,Australia
NEWSPOLL,1996-02-29 00:00:00,1200.0,38.0,,56.0,,Australia
NEWSPOLL,1996-03-17 00:00:00,1200.0,45.0,,12.0,,Australia
NEWSPOLL,1996-03-31 00:00:00,1200.0,52.0,,14.0,,Australia
NEWSPOLL,1996-04-14 00:00:00,1200.0,55.0,,13.0,,Australia
NEWSPOLL,1996-04-28 00:00:00,1200.0,50.0,,21.0,,Australia
NEWSPOLL,1996-05-12 00:00:00,1200.0,67.0,,14.0,,Australia
NEWSPOLL,1996-05-26 00:00:00,1200.0,60.0,,23.0,,Australia
NEWSPOLL,1996-06-16 00:00:00,1200.0,53.0,,30.0,,Australia
NEWSPOLL,1996-06-30 00:00:00,1200.0,50.0,,33.0,,Australia
NEWSPOLL,1996-07-14 00:00:00,1200.0,58.0,,29.0,,Australia
NEWSPOLL,1996-07-28 00:00:00,1200.0,57.0,,30.0,,Australia
NEWSPOLL,1996-08-11 00:00:00,1200.0,48.0,,38.0,,Australia
NEWSPOLL,1996-08-25 00:00:00,1200.0,51.0,,34.0,,Australia
NEWSPOLL,1996-09-08 00:00:00,1200.0,53.0,,35.0,,Australia
NEWSPOLL,1996-09-22 00:00:00,1200.0,56.0,,32.0,,Australia
NEWSPOLL,1996-10-13 00:00:00,1200.0,55.0,,32.0,,Australia
NEWSPOLL,1996-10-27 00:00:00,1200.0,54.0,,33.0,,Australia
NEWSPOLL,1996-11-10 00:00:00,1200.0,55.0,,31.0,,Australia
NEWSPOLL,1996-11-24 00:00:00,1200.0,55.0,,34.0,,Australia
NEWSPOLL,1996-12-08 00:00:00,1200.0,51.0,,35.0,,Australia
NEWSPOLL,1996-12-15 00:00:00,1200.0,53.0,,35.0,,Australia
NEWSPOLL,1997-01-19 00:00:00,1200.0,50.0,,36.0,,Australia
NEWSPOLL,1997-02-02 00:00:00,1200.0,52.0,,34.0,,Australia
NEWSPOLL,1997-02-16 00:00:00,1200.0,49.0,,38.0,,Australia
NEWSPOLL,1997-03-02 00:00:00,1200.0,51.0,,36.0,,Australia
NEWSPOLL,1997-03-16 00:00:00,1200.0,52.0,,35.0,,Australia
NEWSPOLL,1997-04-06 00:00:00,1200.0,49.0,,37.0,,Australia
NEWSPOLL,1997-04-20 00:00:00,1200.0,44.0,,43.0,,Australia
NEWSPOLL,1997-05-04 00:00:00,1200.0,45.0,,40.0,,Australia
NEWSPOLL,1997-05-11 00:00:00,1200.0,41.0,,43.0,,Australia
NEWSPOLL,1997-05-18 00:00:00,1200.0,37.0,,48.0,,Australia
NEWSPOLL,1997-06-15 00:00:00,1200.0,42.0,,44.0,,Australia
NEWSPOLL,1997-06-15 00:00:00,1200.0,42.0,,46.0,,Australia
NEWSPOLL,1997-06-29 00:00:00,1200.0,40.0,,47.0,,Australia
NEWSPOLL,1997-07-13 00:00:00,1200.0,40.0,,48.0,,Australia
NEWSPOLL,1997-07-27 00:00:00,1200.0,44.0,,45.0,,Australia
NEWSPOLL,1997-08-10 00:00:00,1200.0,42.0,,46.0,,Australia
NEWSPOLL,1997-08-24 00:00:00,1200.0,38.0,,50.0,,Australia
NEWSPOLL,1997-09-07 00:00:00,1200.0,42.0,,47.0,,Australia
NEWSPOLL,1997-09-21 00:00:00,1200.0,42.0,,47.0,,Australia
NEWSPOLL,1997-09-28 00:00:00,1200.0,36.0,,51.0,,Australia
NEWSPOLL,1997-10-12 00:00:00,1200.0,40.0,,50.0,,Australia
NEWSPOLL,1997-10-19 00:00:00,1200.0,31.0,,56.0,,Australia
NEWSPOLL,1997-10-26 00:00:00,1200.0,32.0,,56.0,,Australia
NEWSPOLL,1997-11-09 00:00:00,1200.0,33.0,,56.0,,Australia
NEWSPOLL,1997-11-23 00:00:00,1200.0,35.0,,54.0,,Australia
NEWSPOLL,1997-12-07 00:00:00,1200.0,36.0,,54.0,,Australia
NEWSPOLL,1998-01-18 00:00:00,1200.0,36.0,,53.0,,Australia
NEWSPOLL,1998-02-15 00:00:00,1200.0,43.0,,46.0,,Australia
NEWSPOLL,1998-02-15 00:00:00,1200.0,37.0,,48.0,,Australia
NEWSPOLL,1998-03-15 00:00:00,1200.0,34.0,,54.0,,Australia
NEWSPOLL,1998-03-15 00:00:00,1200.0,40.0,,49.0,,Australia
NEWSPOLL,1998-03-29 00:00:00,1200.0,35.0,,53.0,,Australia
NEWSPOLL,1998-04-19 00:00:00,1200.0,35.0,,52.0,,Australia
NEWSPOLL,1998-05-03 00:00:00,1200.0,39.0,,50.0,,Australia
NEWSPOLL,1998-05-03 00:00:00,1200.0,37.0,,51.0,,Australia
NEWSPOLL,1998-05-17 00:00:00,1200.0,42.0,,47.0,,Australia
NEWSPOLL,1998-06-14 00:00:00,1200.0,34.0,,56.0,,Australia
NEWSPOLL,1998-06-28 00:00:00,1200.0,28.0,,59.0,,Australia
NEWSPOLL,1998-07-12 00:00:00,1200.0,30.0,,56.0,,Australia
NEWSPOLL,1998-07-26 00:00:00,1200.0,30.0,,57.0,,Australia
NEWSPOLL,1998-08-09 00:00:00,1200.0,37.0,,52.0,,Australia
NEWSPOLL,1998-08-16 00:00:00,1200.0,42.0,,46.0,,Australia
NEWSPOLL,1998-08-30 00:00:00,1200.0,38.0,,51.0,,Australia
NEWSPOLL,1998-09-06 00:00:00,1200.0,41.0,,47.0,,Australia
NEWSPOLL,1998-09-13 00:00:00,1200.0,40.0,,51.0,,Australia
NEWSPOLL,1998-09-20 00:00:00,1200.0,45.0,,46.0,,Australia
NEWSPOLL,1998-09-27 00:00:00,1200.0,46.0,,45.0,,Australia
NEWSPOLL,1998-10-15 00:00:00,1200.0,44.0,,48.0,,Australia
NEWSPOLL,1998-10-18 00:00:00,1200.0,51.0,,39.0,,Australia
NEWSPOLL,1998-11-15 00:00:00,1200.0,45.0,,42.0,,Australia
NEWSPOLL,1998-11-15 00:00:00,1200.0,48.0,,41.0,,Australia
NEWSPOLL,1998-11-29 00:00:00,1200.0,45.0,,41.0,,Australia
NEWSPOLL,1998-12-13 00:00:00,1200.0,49.0,,40.0,,Australia
NEWSPOLL,1999-01-17 00:00:00,1200.0,50.0,,36.0,,Australia
NEWSPOLL,1999-01-31 00:00:00,1200.0,47.0,,40.0,,Australia
NEWSPOLL,1999-02-14 00:00:00,1200.0,50.0,,36.0,,Australia
NEWSPOLL,1999-02-28 00:00:00,1200.0,49.0,,38.0,,Australia
NEWSPOLL,1999-03-14 00:00:00,1200.0,47.0,,40.0,,Australia
NEWSPOLL,1999-03-28 00:00:00,1200.0,48.0,,39.0,,Australia
NEWSPOLL,1999-04-11 00:00:00,1200.0,50.0,,38.0,,Australia
NEWSPOLL,1999-04-18 00:00:00,1200.0,48.0,,39.0,,Australia
NEWSPOLL,1999-05-02 00:00:00,1200.0,43.0,,44.0,,Australia
NEWSPOLL,1999-05-16 00:00:00,1200.0,49.0,,40.0,,Australia
NEWSPOLL,1999-05-30 00:00:00,1200.0,46.0,,43.0,,Australia
NEWSPOLL,1999-06-20 00:00:00,1200.0,47.0,,41.0,,Australia
NEWSPOLL,1999-07-04 00:00:00,1200.0,50.0,,39.0,,Australia
NEWSPOLL,1999-08-15 00:00:00,1200.0,49.0,,40.0,,Australia
NEWSPOLL,1999-08-15 00:00:00,1200.0,50.0,,39.0,,Australia
NEWSPOLL,1999-08-29 00:00:00,1200.0,49.0,,39.0,,Australia
NEWSPOLL,1999-09-12 00:00:00,1200.0,51.0,,39.0,,Australia
NEWSPOLL,1999-09-26 00:00:00,1200.0,56.0,,33.0,,Australia
NEWSPOLL,1999-10-10 00:00:00,1200.0,57.0,,32.0,,Australia
NEWSPOLL,1999-10-24 00:00:00,1200.0,53.0,,36.0,,Australia
NEWSPOLL,1999-11-07 00:00:00,1200.0,57.0,,32.0,,Australia
NEWSPOLL,1999-11-21 00:00:00,1200.0,55.0,,36.0,,Australia
NEWSPOLL,1999-12-05 00:00:00,1200.0,55.0,,34.0,,Australia
NEWSPOLL,1999-12-19 00:00:00,1200.0,51.0,,39.0,,Australia
NEWSPOLL,2000-01-23 00:00:00,1200.0,50.0,,40.0,,Australia
NEWSPOLL,2000-02-06 00:00:00,1200.0,41.0,,49.0,,Australia
NEWSPOLL,2000-02-20 00:00:00,1200.0,41.0,,48.0,,Australia
NEWSPOLL,2000-03-05 00:00:00,1200.0,44.0,,45.0,,Australia
NEWSPOLL,2000-03-19 00:00:00,1200.0,38.0,,53.0,,Australia
NEWSPOLL,2000-04-02 00:00:00,1200.0,45.0,,46.0,,Australia
NEWSPOLL,2000-04-16 00:00:00,1200.0,41.0,,48.0,,Australia
NEWSPOLL,2000-04-30 00:00:00,1200.0,42.0,,46.0,,Australia
NEWSPOLL,2000-05-14 00:00:00,1200.0,42.0,,48.0,,Australia
NEWSPOLL,2000-05-28 00:00:00,1200.0,43.0,,46.0,,Australia
NEWSPOLL,2000-06-18 00:00:00,1200.0,38.0,,51.0,,Australia
NEWSPOLL,2000-07-02 00:00:00,1200.0,44.0,,47.0,,Australia
NEWSPOLL,2000-07-16 00:00:00,1200.0,45.0,,45.0,,Australia
NEWSPOLL,2000-07-30 00:00:00,1200.0,44.0,,46.0,,Australia
NEWSPOLL,2000-08-13 00:00:00,1200.0,44.0,,43.0,,Australia
NEWSPOLL,2000-08-27 00:00:00,1200.0,42.0,,48.0,,Australia
NEWSPOLL,2000-09-10 00:00:00,1200.0,39.0,,50.0,,Australia
NEWSPOLL,2000-09-24 00:00:00,1200.0,48.0,,42.0,,Australia
NEWSPOLL,2000-10-08 00:00:00,1200.0,47.0,,43.0,,Australia
NEWSPOLL,2000-10-22 00:00:00,1200.0,44.0,,46.0,,Australia
NEWSPOLL,2000-11-05 00:00:00,1200.0,38.0,,50.0,,Australia
NEWSPOLL,2000-11-19 00:00:00,1200.0,40.0,,49.0,,Australia
NEWSPOLL,2000-12-03 00:00:00,1200.0,40.0,,50.0,,Australia
NEWSPOLL,2000-12-17 00:00:00,1200.0,40.0,,48.0,,Australia
NEWSPOLL,2001-01-21 00:00:00,1200.0,45.0,,43.0,,Australia
NEWSPOLL,2001-02-11 00:00:00,1200.0,38.0,,52.0,,Australia
NEWSPOLL,2001-02-25 00:00:00,1200.0,31.0,,59.0,,Australia
NEWSPOLL,2001-03-11 00:00:00,1200.0,28.0,,64.0,,Australia
NEWSPOLL,2001-03-25 00:00:00,1200.0,31.0,,61.0,,Australia
NEWSPOLL,2001-04-08 00:00:00,1200.0,34.0,,58.0,,Australia
NEWSPOLL,2001-04-22 00:00:00,1200.0,35.0,,55.0,,Australia
NEWSPOLL,2001-05-06 00:00:00,1200.0,31.0,,60.0,,Australia
NEWSPOLL,2001-05-20 00:00:00,1200.0,34.0,,56.0,,Australia
NEWSPOLL,2001-05-27 00:00:00,1200.0,37.0,,54.0,,Australia
NEWSPOLL,2001-06-03 00:00:00,1200.0,35.0,,56.0,,Australia
NEWSPOLL,2001-06-17 00:00:00,1200.0,39.0,,48.0,,Australia
NEWSPOLL,2001-07-15 00:00:00,1200.0,39.0,,51.0,,Australia
NEWSPOLL,2001-07-15 00:00:00,1200.0,38.0,,50.0,,Australia
NEWSPOLL,2001-07-29 00:00:00,1200.0,41.0,,49.0,,Australia
NEWSPOLL,2001-08-12 00:00:00,1200.0,41.0,,50.0,,Australia
NEWSPOLL,2001-08-26 00:00:00,1200.0,40.0,,50.0,,Australia
NEWSPOLL,2001-09-02 00:00:00,1200.0,50.0,,40.0,,Australia
NEWSPOLL,2001-09-09 00:00:00,1200.0,50.0,,38.0,,Australia
NEWSPOLL,2001-09-23 00:00:00,1200.0,61.0,,31.0,,Australia
NEWSPOLL,2001-10-07 00:00:00,1200.0,61.0,,30.0,,Australia
NEWSPOLL,2001-10-14 00:00:00,1200.0,58.0,,32.0,,Australia
NEWSPOLL,2001-10-21 00:00:00,1200.0,56.0,,34.0,,Australia
NEWSPOLL,2001-10-28 00:00:00,1200.0,57.0,,34.0,,Australia
NEWSPOLL,2001-11-04 00:00:00,1200.0,53.0,,38.0,,Australia
NEWSPOLL,2001-11-08 00:00:00,1200.0,54.0,,38.0,,Australia
NEWSPOLL,2001-12-16 00:00:00,1200.0,57.0,,31.0,,Australia
NEWSPOLL,2002-01-20 00:00:00,1200.0,58.0,,32.0,,Australia
NEWSPOLL,2002-02-10 00:00:00,1200.0,62.0,,30.0,,Australia
NEWSPOLL,2002-02-24 00:00:00,1200.0,49.0,,41.0,,Australia
NEWSPOLL,2002-03-10 00:00:00,1200.0,50.0,,40.0,,Australia
NEWSPOLL,2002-03-24 00:00:00,1200.0,46.0,,42.0,,Australia
NEWSPOLL,2002-04-07 00:00:00,1200.0,49.0,,40.0,,Australia
NEWSPOLL,2002-04-21 00:00:00,1200.0,48.0,,39.0,,Australia
NEWSPOLL,2002-05-05 00:00:00,1200.0,51.0,,38.0,,Australia
NEWSPOLL,2002-05-19 00:00:00,1200.0,52.0,,38.0,,Australia
NEWSPOLL,2002-06-02 00:00:00,1200.0,48.0,,38.0,,Australia
NEWSPOLL,2002-06-23 00:00:00,1200.0,51.0,,37.0,,Australia
NEWSPOLL,2002-07-07 00:00:00,1200.0,51.0,,38.0,,Australia
NEWSPOLL,2002-07-21 00:00:00,1200.0,52.0,,39.0,,Australia
NEWSPOLL,2002-08-04 00:00:00,1200.0,54.0,,37.0,,Australia
NEWSPOLL,2002-08-18 00:00:00,1200.0,55.0,,34.0,,Australia
NEWSPOLL,2002-09-15 00:00:00,1200.0,55.0,,36.0,,Australia
NEWSPOLL,2002-09-15 00:00:00,1200.0,53.0,,35.0,,Australia
NEWSPOLL,2002-09-29 00:00:00,1200.0,52.0,,38.0,,Australia
NEWSPOLL,2002-10-20 00:00:00,1200.0,62.0,,30.0,,Australia
NEWSPOLL,2002-11-03 00:00:00,1200.0,65.0,,26.0,,Australia
NEWSPOLL,2002-11-17 00:00:00,1200.0,60.0,,31.0,,Australia
NEWSPOLL,2002-12-15 00:00:00,1200.0,58.0,,31.0,,Australia
NEWSPOLL,2002-12-15 00:00:00,1200.0,58.0,,33.0,,Australia
NEWSPOLL,2003-01-19 00:00:00,1200.0,56.0,,34.0,,Australia
NEWSPOLL,2003-02-02 00:00:00,1200.0,56.0,,37.0,,Australia
NEWSPOLL,2003-02-16 00:00:00,1200.0,48.0,,43.0,,Australia
NEWSPOLL,2003-03-02 00:00:00,1200.0,48.0,,44.0,,Australia
NEWSPOLL,2003-03-16 00:00:00,1200.0,48.0,,43.0,,Australia
NEWSPOLL,2003-03-23 00:00:00,1200.0,56.0,,35.0,,Australia
NEWSPOLL,2003-03-30 00:00:00,1200.0,58.0,,33.0,,Australia
NEWSPOLL,2003-04-13 00:00:00,1200.0,58.0,,34.0,,Australia
NEWSPOLL,2003-05-04 00:00:00,1200.0,59.0,,33.0,,Australia
NEWSPOLL,2003-05-18 00:00:00,1200.0,61.0,,31.0,,Australia
NEWSPOLL,2003-06-15 00:00:00,1200.0,60.0,,32.0,,Australia
NEWSPOLL,2003-06-22 00:00:00,1200.0,61.0,,30.0,,Australia
NEWSPOLL,2003-07-06 00:00:00,1200.0,60.0,,33.0,,Australia
NEWSPOLL,2003-07-20 00:00:00,1200.0,55.0,,36.0,,Australia
NEWSPOLL,2003-08-03 00:00:00,1200.0,57.0,,33.0,,Australia
NEWSPOLL,2003-08-17 00:00:00,1200.0,57.0,,31.0,,Australia
NEWSPOLL,2003-08-31 00:00:00,1200.0,51.0,,39.0,,Australia
NEWSPOLL,2003-09-14 00:00:00,1200.0,55.0,,37.0,,Australia
NEWSPOLL,2003-09-28 00:00:00,1200.0,52.0,,37.0,,Australia
NEWSPOLL,2003-10-19 00:00:00,1200.0,50.0,,39.0,,Australia
NEWSPOLL,2003-11-02 00:00:00,1200.0,53.0,,35.0,,Australia
NEWSPOLL,2003-11-16 00:00:00,1200.0,53.0,,37.0,,Australia
NEWSPOLL,2003-11-30 00:00:00,1200.0,58.0,,33.0,,Australia
NEWSPOLL,2003-12-07 00:00:00,1200.0,54.0,,36.0,,Australia
NEWSPOLL,2003-12-14 00:00:00,1200.0,54.0,,35.0,,Australia
NEWSPOLL,2004-01-18 00:00:00,1200.0,54.0,,37.0,,Australia
NEWSPOLL,2004-02-08 00:00:00,1200.0,54.0,,37.0,,Australia
NEWSPOLL,2004-02-22 00:00:00,1200.0,52.0,,37.0,,Australia
NEWSPOLL,2004-03-07 00:00:00,1200.0,51.0,,41.0,,Australia
NEWSPOLL,2004-03-21 00:00:00,1200.0,53.0,,38.0,,Australia
NEWSPOLL,2004-04-04 00:00:00,1200.0,51.0,,42.0,,Australia
NEWSPOLL,2004-04-18 00:00:00,1200.0,53.0,,38.0,,Australia
NEWSPOLL,2004-05-02 00:00:00,1200.0,53.0,,40.0,,Australia
NEWSPOLL,2004-05-16 00:00:00,1200.0,54.0,,38.0,,Australia
NEWSPOLL,2004-05-30 00:00:00,1200.0,57.0,,35.0,,Australia
NEWSPOLL,2004-06-20 00:00:00,1200.0,53.0,,37.0,,Australia
NEWSPOLL,2004-07-04 00:00:00,1200.0,51.0,,40.0,,Australia
NEWSPOLL,2004-07-18 00:00:00,1200.0,51.0,,40.0,,Australia
NEWSPOLL,2004-08-15 00:00:00,1200.0,50.0,,40.0,,Australia
NEWSPOLL,2004-08-15 00:00:00,1200.0,54.0,,36.0,,Australia
NEWSPOLL,2004-08-29 00:00:00,1200.0,49.0,,42.0,,Australia
NEWSPOLL,2004-09-05 00:00:00,1200.0,51.0,,40.0,,Australia
NEWSPOLL,2004-09-12 00:00:00,1200.0,53.0,,39.0,,Australia
NEWSPOLL,2004-09-19 00:00:00,1200.0,51.0,,42.0,,Australia
NEWSPOLL,2004-09-26 00:00:00,1200.0,50.0,,39.0,,Australia
NEWSPOLL,2004-10-03 00:00:00,1200.0,52.0,,36.0,,Australia
NEWSPOLL,2004-10-07 00:00:00,1200.0,53.0,,41.0,,Australia
NEWSPOLL,2004-11-21 00:00:00,1200.0,57.0,,33.0,,Australia
NEWSPOLL,2004-12-05 00:00:00,1200.0,56.0,,35.0,,Australia
NEWSPOLL,2004-12-19 00:00:00,1200.0,58.0,,34.0,,Australia
NEWSPOLL,2005-01-23 00:00:00,1200.0,60.0,,30.0,,Australia
NEWSPOLL,2005-02-06 00:00:00,1200.0,63.0,,28.0,,Australia
NEWSPOLL,2005-02-20 00:00:00,1200.0,58.0,,32.0,,Australia
NEWSPOLL,2005-03-06 00:00:00,1200.0,57.0,,36.0,,Australia
NEWSPOLL,2005-03-20 00:00:00,1200.0,57.0,,37.0,,Australia
NEWSPOLL,2005-04-03 00:00:00,1200.0,56.0,,35.0,,Australia
NEWSPOLL,2005-04-17 00:00:00,1200.0,49.0,,41.0,,Australia
NEWSPOLL,2005-05-15 00:00:00,1200.0,55.0,,36.0,,Australia
NEWSPOLL,2005-05-15 00:00:00,1200.0,51.0,,38.0,,Australia
NEWSPOLL,2005-05-29 00:00:00,1200.0,53.0,,36.0,,Australia
NEWSPOLL,2005-06-17 00:00:00,1200.0,54.0,,36.0,,Australia
NEWSPOLL,2005-07-03 00:00:00,1200.0,47.0,,44.0,,Australia
NEWSPOLL,2005-07-17 00:00:00,1200.0,49.0,,40.0,,Australia
NEWSPOLL,2005-07-31 00:00:00,1200.0,52.0,,37.0,,Australia
NEWSPOLL,2005-08-14 00:00:00,1200.0,50.0,,39.0,,Australia
NEWSPOLL,2005-08-28 00:00:00,1200.0,52.0,,40.0,,Australia
NEWSPOLL,2005-09-11 00:00:00,1200.0,48.0,,43.0,,Australia
NEWSPOLL,2005-09-25 00:00:00,1200.0,47.0,,40.0,,Australia
NEWSPOLL,2005-10-09 00:00:00,1200.0,50.0,,41.0,,Australia
NEWSPOLL,2005-10-23 00:00:00,1200.0,43.0,,45.0,,Australia
NEWSPOLL,2005-11-06 00:00:00,1200.0,41.0,,50.0,,Australia
NEWSPOLL,2005-11-20 00:00:00,1200.0,43.0,,48.0,,Australia
NEWSPOLL,2005-12-04 00:00:00,1200.0,42.0,,48.0,,Australia
NEWSPOLL,2005-12-18 00:00:00,1200.0,43.0,,46.0,,Australia
NEWSPOLL,2006-01-15 00:00:00,1200.0,51.0,,40.0,,Australia
NEWSPOLL,2006-01-29 00:00:00,1200.0,51.0,,39.0,,Australia
NEWSPOLL,2006-02-12 00:00:00,1200.0,45.0,,47.0,,Australia
NEWSPOLL,2006-02-26 00:00:00,1200.0,46.0,,43.0,,Australia
NEWSPOLL,2006-03-12 00:00:00,1200.0,52.0,,37.0,,Australia
NEWSPOLL,2006-03-26 00:00:00,1200.0,53.0,,39.0,,Australia
NEWSPOLL,2006-04-09 00:00:00,1200.0,47.0,,45.0,,Australia
NEWSPOLL,2006-04-30 00:00:00,1200.0,47.0,,44.0,,Australia
NEWSPOLL,2006-05-14 00:00:00,1200.0,49.0,,39.0,,Australia
NEWSPOLL,2006-05-28 00:00:00,1200.0,48.0,,42.0,,Australia
NEWSPOLL,2006-06-18 00:00:00,1200.0,50.0,,42.0,,Australia
NEWSPOLL,2006-07-02 00:00:00,1200.0,43.0,,47.0,,Australia
NEWSPOLL,2006-07-16 00:00:00,1200.0,47.0,,43.0,,Australia
NEWSPOLL,2006-08-13 00:00:00,1200.0,47.0,,43.0,,Australia
NEWSPOLL,2006-08-27 00:00:00,1200.0,49.0,,42.0,,Australia
NEWSPOLL,2006-08-28 00:00:00,1200.0,50.0,,39.0,,Australia
NEWSPOLL,2006-09-10 00:00:00,1200.0,45.0,,45.0,,Australia
NEWSPOLL,2006-09-24 00:00:00,1200.0,47.0,,41.0,,Australia
NEWSPOLL,2006-10-15 00:00:00,1200.0,47.0,,44.0,,Australia
NEWSPOLL,2006-10-29 00:00:00,1200.0,48.0,,43.0,,Australia
NEWSPOLL,2006-11-12 00:00:00,1200.0,49.0,,43.0,,Australia
NEWSPOLL,2006-11-26 00:00:00,1200.0,46.0,,44.0,,Australia
NEWSPOLL,2006-12-10 00:00:00,1200.0,46.0,,43.0,,Australia
NEWSPOLL,2007-01-21 00:00:00,1200.0,46.0,,43.0,,Australia
NEWSPOLL,2007-02-04 00:00:00,1200.0,44.0,,44.0,,Australia
NEWSPOLL,2007-02-18 00:00:00,1200.0,44.0,,46.0,,Australia
NEWSPOLL,2007-03-04 00:00:00,1200.0,42.0,,49.0,,Australia
NEWSPOLL,2007-03-18 00:00:00,1200.0,41.0,,50.0,,Australia
NEWSPOLL,2007-04-15 00:00:00,1200.0,42.0,,49.0,,Australia
NEWSPOLL,2007-04-15 00:00:00,1200.0,44.0,,48.0,,Australia
NEWSPOLL,2007-04-29 00:00:00,1200.0,42.0,,49.0,,Australia
NEWSPOLL,2007-05-13 00:00:00,1200.0,45.0,,46.0,,Australia
NEWSPOLL,2007-05-27 00:00:00,1200.0,44.0,,47.0,,Australia
NEWSPOLL,2007-06-17 00:00:00,1200.0,45.0,,45.0,,Australia
NEWSPOLL,2007-07-08 00:00:00,1200.0,46.0,,44.0,,Australia
NEWSPOLL,2007-07-22 00:00:00,1200.0,45.0,,44.0,,Australia
NEWSPOLL,2007-08-05 00:00:00,1200.0,46.0,,43.0,,Australia
NEWSPOLL,2007-08-19 00:00:00,1200.0,43.0,,45.0,,Australia
NEWSPOLL,2007-09-02 00:00:00,1200.0,46.0,,44.0,,Australia
NEWSPOLL,2007-09-16 00:00:00,1200.0,45.0,,44.0,,Australia
NEWSPOLL,2007-09-30 00:00:00,1200.0,44.0,,45.0,,Australia
NEWSPOLL,2007-10-14 00:00:00,1200.0,47.0,,44.0,,Australia
NEWSPOLL,2007-10-21 00:00:00,1200.0,43.0,,46.0,,Australia
NEWSPOLL,2007-10-28 00:00:00,1200.0,47.0,,46.0,,Australia
NEWSPOLL,2007-11-04 00:00:00,1200.0,49.0,,45.0,,Australia
NEWSPOLL,2007-11-11 00:00:00,1200.0,46.0,,47.0,,Australia
NEWSPOLL,2007-11-18 00:00:00,1200.0,47.0,,46.0,,Australia
NEWSPOLL,2007-11-22 00:00:00,1200.0,51.0,,45.0,,Australia
NEWSPOLL,2008-01-20 00:00:00,1200.0,59.0,,11.0,,Australia
NEWSPOLL,2008-02-17 00:00:00,1200.0,68.0,,13.0,,Australia
NEWSPOLL,2008-03-02 00:00:00,1200.0,69.0,,12.0,,Australia
NEWSPOLL,2008-03-16 00:00:00,1200.0,65.0,,17.0,,Australia
NEWSPOLL,2008-04-06 00:00:00,1200.0,69.0,,13.0,,Australia
NEWSPOLL,2008-04-20 00:00:00,1203.0,71.0,,15.0,,Australia
NEWSPOLL,2008-05-04 00:00:00,1200.0,68.0,,17.0,,Australia
NEWSPOLL,2008-05-18 00:00:00,1141.0,63.0,,23.0,,Australia
NEWSPOLL,2008-06-15 00:00:00,1140.0,56.0,,30.0,"3% MoE, see http://www.newspoll.com.au/image_uploads/0510%20Fed%2003-06-08.pdf",Australia
NEWSPOLL,2008-06-15 00:00:00,1144.0,59.0,,25.0,"3% MoE, see http://www.angus-reid.com/polls/view/31065/pm_rudd_recovers_still_popular_in_australia",Australia
NEWSPOLL,2008-06-29 00:00:00,1137.0,54.0,,32.0,"3% MoE, see http://www.newspoll.com.au/image_uploads/0608%20Fed%201-7-08.pdf",Australia
NEWSPOLL,2008-07-13 00:00:00,1137.0,55.0,,30.0,"3% MoE, see http://www.newspoll.com.au/image_uploads/0704%20Fed%2015-07-08.pdf",Australia
NEWSPOLL,2008-07-27 00:00:00,1146.0,58.0,,29.0,"3% MoE, see http://www.newspoll.com.au/image_uploads/0708%20Fed%2029-07-08.pdf",Australia
NEWSPOLL,2008-08-10 00:00:00,1140.0,58.0,,29.0,"3% MoE, see http://www.angus-reid.com/polls/view/31527/rudd_steady_nelson_disappointing_in_australia",Australia
NEWSPOLL,2008-08-24 00:00:00,1136.0,57.0,,32.0,"3% MoE, see http://www.angus-reid.com/polls/view/31619/support_for_australian_pm_rudd_still_strong",Australia
NEWSPOLL,2008-09-07 00:00:00,1138.0,54.0,,32.0,"3% MoE, see http://www.angus-reid.com/polls/view/31754/slight_drop_for_australias_pm_rudd",Australia
NEWSPOLL,2008-09-21 00:00:00,1148.0,50.0,,37.0,"3% MoE, see http://www.newspoll.com.au/image_uploads/0906%20Fed%2022-09-08.pdf",Australia
NEWSPOLL,2008-10-12 00:00:00,1149.0,56.0,,32.0,"3% MoE, see http://www.angus-reid.com/polls/view/32044/better_numbers_for_rudd_turnbull_in_australia",Australia
NEWSPOLL,2008-10-26 00:00:00,1144.0,65.0,,26.0,"3% MoE, see http://www.newspoll.com.au/image_uploads/1106%20Fed%2024-11-08.pdf",Australia
NEWSPOLL,2008-11-09 00:00:00,1146.0,65.0,,21.0,"3% MoE, see http://www.angus-reid.com/polls/view/32218/rudd_has_exceptional_rating_in_australia",Australia
NEWSPOLL,2008-11-23 00:00:00,1159.0,67.0,,20.0,"3% MoE, see http://www.newspoll.com.au/image_uploads/1106%20Fed%2024-11-08.pdf",Australia
NEWSPOLL,2008-12-07 00:00:00,1138.0,70.0,,21.0,"3% MoE, see http://www.angus-reid.com/polls/view/32445/pm_rudd_extremely_popular_in_australia",Australia
NEWSPOLL,2009-01-18 00:00:00,1152.0,63.0,,25.0,"3% MoE, see http://www.angus-reid.com/polls/view/32700/dip_in_ruddaas_popularity_in_australia",Australia
NEWSPOLL,2009-02-08 00:00:00,1133.0,63.0,,26.0,3% MoE http://www.angus-reid.com/polls/view/australians_remain_content_with_pm_rudd1/,Australia
NEWSPOLL,2009-02-22 00:00:00,1136.0,66.0,,24.0,3% MoE http://www.angus-reid.com/polls/view/australians_increasingly_sympathetic_to_pm_rudd/,Australia
NEWSPOLL,2009-03-08 00:00:00,1152.0,63.0,,27.0,3% MoE http://www.angus-reid.com/polls/view/australians_want_to_keep_rudd_as_pm/,Australia
NEWSPOLL,2009-03-22 00:00:00,1201.0,63.0,,26.0,3% MoE http://www.angus-reid.com/polls/view/approval_for_rudd_remains_high_in_australia/,Australia
NEWSPOLL,2009-04-05 00:00:00,1158.0,68.0,,21.0,3% MoE http://www.angus-reid.com/polls/view/rudd_keeps_very_high_numbers_in_australia/,Australia
NEWSPOLL,2009-04-19 00:00:00,1142.0,66.0,,25.0,3% MoE http://www.angus-reid.com/polls/view/two_thirds_of_australians_happy_with_rudd/,Australia
NEWSPOLL,2009-05-03 00:00:00,,64.0,,26.0,http://www.angus-reid.com/polls/36300/most_australians_content_with_pm_rudd1/,Australia
NEWSPOLL,2009-05-17 00:00:00,,58.0,,31.0,http://www.angus-reid.com/polls/36300/most_australians_content_with_pm_rudd1/,Australia
NEWSPOLL,2009-05-31 00:00:00,1153.0,56.0,,33.0,http://www.angus-reid.com/polls/36300/most_australians_content_with_pm_rudd1/,Australia
NEWSPOLL,2009-06-14 00:00:00,,58.0,,31.0,http://www.angus-reid.com/polls/36436/turnbulls_popularity_collapses_in_australia/,Australia
NEWSPOLL,2009-06-28 00:00:00,1156.0,59.0,,30.0,http://www.angus-reid.com/polls/36436/turnbulls_popularity_collapses_in_australia/,Australia
NEWSPOLL,2009-07-12 00:00:00,1132.0,61.0,,28.0,http://www.angus-reid.com/polls/36648/australiaaas_rudd_doing_well_turnbull_recovers/,Australia
NEWSPOLL,2009-07-26 00:00:00,1156.0,63.0,,26.0,http://www.angus-reid.com/polls/36780/pm_rudd_enjoys_high_support_in_australia/,Australia
NEWSPOLL,2009-08-09 00:00:00,1149.0,60.0,,28.0,http://www.angus-reid.com/polls/36874/ruddaas_popularity_dips_still_high_in_australia/,Australia
NEWSPOLL,2009-08-23 00:00:00,1151.0,61.0,,29.0,http://www.angus-reid.com/polls/37038/rudd_granted_wide_support_in_australia/,Australia
NEWSPOLL,2009-09-06 00:00:00,,64.0,,26.0,http://www.angus-reid.com/polls/37182/more_australians_praise_rudds_leadership/,Australia
NEWSPOLL,2009-09-20 00:00:00,1150.0,65.0,,24.0,http://www.angus-reid.com/polls/37182/more_australians_praise_rudds_leadership/,Australia
NEWSPOLL,2009-10-15 00:00:00,,67.0,,24.0,http://www.angus-reid.com/polls/37380/australian_pm_rudd_drops_but_remains_popular/,Australia
NEWSPOLL,2009-10-18 00:00:00,1144.0,63.0,,28.0,http://www.angus-reid.com/polls/37380/australian_pm_rudd_drops_but_remains_popular/,Australia
NEWSPOLL,2009-11-15 00:00:00,1162.0,56.0,,34.0,http://www.angus-reid.com/polls/37662/pm_rudd_still_enjoys_high_support_in_australia/,Australia
NEWSPOLL,2009-11-15 00:00:00,,59.0,,32.0,http://www.angus-reid.com/polls/37662/pm_rudd_still_enjoys_high_support_in_australia/,Australia
NEWSPOLL,2009-11-29 00:00:00,,56.0,,34.0,http://www.angus-reid.com/polls/37840/australians_uphold_support_for_pm_rudd/,Australia
NEWSPOLL,2009-12-06 00:00:00,1152.0,58.0,,32.0,http://www.angus-reid.com/polls/37840/australians_uphold_support_for_pm_rudd/,Australia
NEWSPOLL,2010-01-17 00:00:00,1144.0,52.0,,34.0,http://www.angus-reid.com/polls/38144/ruddaas_popularity_takes_a_hit_in_australia/,Australia
NEWSPOLL,2010-01-31 00:00:00,,50.0,,38.0,http://www.angus-reid.com/polls/38436/half_in_australia_content_with_rudd/,Australia
NEWSPOLL,2010-02-14 00:00:00,1151.0,50.0,,40.0,http://www.angus-reid.com/polls/38436/half_in_australia_content_with_rudd/,Australia
NEWSPOLL,2010-02-28 00:00:00,,51.0,,40.0,http://www.angus-reid.com/polls/38584/rudd_slips_below_50_mark_in_australia/,Australia
NEWSPOLL,2010-03-14 00:00:00,1143.0,48.0,,41.0,http://www.angus-reid.com/polls/38584/rudd_slips_below_50_mark_in_australia/,Australia
NEWSPOLL,2010-03-28 00:00:00,,51.0,,39.0,http://www.angus-reid.com/polls/38840/half_of_australians_satisfied_with_pm_rudd/,Australia
NEWSPOLL,2010-04-18 00:00:00,1150.0,50.0,,41.0,http://www.angus-reid.com/polls/38840/half_of_australians_satisfied_with_pm_rudd/,Australia
NEWSPOLL,2010-05-02 00:00:00,1161.0,39.0,,50.0,http://www.angus-reid.com/polls/38912/pm_rudd_losing_appeal_for_australians/,Australia
NEWSPOLL,2010-05-16 00:00:00,,39.0,,51.0,http://www.angus-reid.com/polls/39146/most_australians_were_unhappy_with_rudd/,Australia
NEWSPOLL,2010-05-30 00:00:00,,36.0,,54.0,http://www.angus-reid.com/polls/39146/most_australians_were_unhappy_with_rudd/,Australia
NEWSPOLL,2010-06-20 00:00:00,1147.0,36.0,,55.0,http://www.angus-reid.com/polls/39146/most_australians_were_unhappy_with_rudd/,Australia
NEWSPOLL,2010-07-16 00:00:00,,48.0,,29.0,,Australia
NEWSPOLL,2010-07-25 00:00:00,,41.0,,37.0,,Australia
NEWSPOLL,2010-08-08 00:00:00,,43.0,,41.0,,Australia
NEWSPOLL,2010-08-15 00:00:00,,42.0,,40.0,,Australia
NEWSPOLL,2010-08-15 00:00:00,,44.0,,38.0,,Australia
NEWSPOLL,2010-08-19 00:00:00,,44.0,,43.0,,Australia
NEWSPOLL,2010-09-12 00:00:00,,44.0,,36.0,,Australia
NEWSPOLL,2010-10-10 00:00:00,,48.0,,33.0,,Australia
NEWSPOLL,2010-10-24 00:00:00,,44.0,,37.0,,Australia
NEWSPOLL,2010-11-07 00:00:00,,41.0,,41.0,,Australia
NEWSPOLL,2010-11-21 00:00:00,,46.0,,37.0,,Australia
NEWSPOLL,2010-12-05 00:00:00,,45.0,,38.0,,Australia
NEWSPOLL,2011-02-06 00:00:00,,45.0,,42.0,,Australia
NEWSPOLL,2011-02-20 00:00:00,,50.0,,39.0,,Australia
NEWSPOLL,2011-03-06 00:00:00,,39.0,,51.0,,Australia
NEWSPOLL,2011-03-20 00:00:00,,40.0,,47.0,,Australia
NEWSPOLL,2011-04-03 00:00:00,,39.0,,49.0,,Australia
NEWSPOLL,2011-05-15 00:00:00,,38.0,,49.0,,Australia
NEWSPOLL,2011-05-15 00:00:00,,34.0,,55.0,,Australia
NEWSPOLL,2011-05-29 00:00:00,,35.0,,54.0,,Australia
NEWSPOLL,2011-06-12 00:00:00,,30.0,,55.0,,Australia
NEWSPOLL,2011-06-26 00:00:00,,28.0,,62.0,,Australia
NEWSPOLL,2011-07-10 00:00:00,,30.0,,59.0,,Australia
NEWSPOLL,2011-07-24 00:00:00,,32.0,,59.0,,Australia
NEWSPOLL,2011-08-07 00:00:00,,33.0,,58.0,http://newspoll.com.au/cgi-bin/polling/display_poll_data.pl,Australia
NEWSPOLL,2011-08-21 00:00:00,1152.0,29.0,,61.0,http://polling.newspoll.com.au.tmp.anchor.net.au/image_uploads/110902%20Federal%20Voting%20Intention%20&%20Leaders%20Ratings.pdf,Australia
NEWSPOLL,2011-09-04 00:00:00,1152.0,23.0,,68.0,http://polling.newspoll.com.au.tmp.anchor.net.au/image_uploads/110902%20Federal%20Voting%20Intention%20&%20Leaders%20Ratings.pdf,Australia
NEWSPOLL,2011-09-18 00:00:00,1141.0,27.0,,61.0,http://polling.newspoll.com.au.tmp.anchor.net.au/image_uploads/110906%20Federal%20Voting%20Intention%20&%20Leaders%20Ratings.pdf,Australia
NEWSPOLL,2011-10-09 00:00:00,1146.0,28.0,,60.0,http://polling.newspoll.com.au.tmp.anchor.net.au/image_uploads/111002%20Federal%20Voting%20Intention%20&%20Leaders%20Ratings.pdf,Australia
NEWSPOLL,2011-10-23 00:00:00,1154.0,31.0,,61.0,http://polling.newspoll.com.au.tmp.anchor.net.au/image_uploads/111006%20Federal%20Voting%20Intention%20&%20Leaders%20Ratings.pdf,Australia
NEWSPOLL,2011-11-06 00:00:00,1158.0,30.0,,60.0,http://polling.newspoll.com.au.tmp.anchor.net.au/image_uploads/111103%20Federal%20Voting%20Intention%20&%20Leaders%20Ratings.pdf,Australia
NEWSPOLL,2011-11-20 00:00:00,1143.0,34.0,,55.0,http://polling.newspoll.com.au.tmp.anchor.net.au/image_uploads/111107%20Federal%20Voting%20Intention%20&%20Leaders%20Ratings.pdf,Australia
NEWSPOLL,2011-12-04 00:00:00,1153.0,36.0,,56.0,http://polling.newspoll.com.au.tmp.anchor.net.au/image_uploads/111201%20Federal%20Voting%20Intention%20&%20Leaders%20Ratings.pdf,Australia
NEWSPOLL,2012-01-29 00:00:00,1139.0,33.0,,55.0,http://polling.newspoll.com.au.tmp.anchor.net.au/image_uploads/120104%20Federal%20Voting%20Intention%20&%20Leaders%20Ratings.pdf,Australia
NEWSPOLL,2012-02-12 00:00:00,1141.0,32.0,,57.0,http://polling.newspoll.com.au.tmp.anchor.net.au/image_uploads/120204%20Federal%20Voting%20Intention%20&%20Leaders%20Ratings.pdf,Australia
NEWSPOLL,2012-02-26 00:00:00,1152.0,26.0,,64.0,http://polling.newspoll.com.au.tmp.anchor.net.au/image_uploads/120208%20Federal%20Voting%20Intention%20&%20Leaders%20Ratings%20+%20Better%20PM%20+%20Better%20Leader%20of%20Labor%20Party.pdf,Australia
NEWSPOLL,2012-03-11 00:00:00,1153.0,28.0,,62.0,http://polling.newspoll.com.au.tmp.anchor.net.au/image_uploads/120303%20Federal%20Voting%20Intention%20&%20Leaders%20Ratings.pdf,Australia
NEWSPOLL,2012-03-25 00:00:00,925.0,31.0,,58.0,http://polling.newspoll.com.au.tmp.anchor.net.au/image_uploads/120307%20Federal%20Voting%20Intention%20&%20Leaders%20Ratings.pdf,Australia
NEWSPOLL,2012-04-15 00:00:00,1151.0,28.0,,62.0,http://polling.newspoll.com.au.tmp.anchor.net.au/image_uploads/120401%20Federal%20Voting%20Intention%20&%20Leaders%20Ratings.pdf,Australia
NEWSPOLL,2012-04-29 00:00:00,1148.0,28.0,,63.0,http://polling.newspoll.com.au.tmp.anchor.net.au/image_uploads/120405%20Federal%20Voting%20Intention%20&%20Leaders%20Ratings.pdf,Australia
NEWSPOLL,2012-05-13 00:00:00,1141.0,27.0,,63.0,http://polling.newspoll.com.au.tmp.anchor.net.au/image_uploads/120504%20Federal%20Voting%20Intention%20&%20Leaders%20Ratings.pdf,Australia
NEWSPOLL,2012-05-27 00:00:00,1152.0,30.0,,60.0,http://polling.newspoll.com.au.tmp.anchor.net.au/image_uploads/120507%20Federal%20Voting%20Intention%20&%20Leaders%20Ratings.pdf,Australia
NEWSPOLL,2012-06-10 00:00:00,1146.0,32.0,,58.0,http://polling.newspoll.com.au.tmp.anchor.net.au/image_uploads/120604%20Federal%20Voting%20Intention%20&%20Leaders%20Ratings.pdf,Australia
NEWSPOLL,2012-06-24 00:00:00,1146.0,30.0,,59.0,http://polling.newspoll.com.au.tmp.anchor.net.au/image_uploads/120608%20Federal%20Voting%20Intention%20&%20Leaders%20Ratings.pdf,Australia
NEWSPOLL,2012-07-08 00:00:00,1141.0,27.0,,61.0,http://polling.newspoll.com.au.tmp.anchor.net.au/image_uploads/120701%20Federal%20Voting%20Intention%20&%20Leaders%20Ratings.pdf,Australia
NEWSPOLL,2012-07-22 00:00:00,1158.0,29.0,,62.0,http://polling.newspoll.com.au.tmp.anchor.net.au/image_uploads/120705%20Federal%20Voting%20Intention%20&%20Leaders%20Ratings.pdf,Australia
NEWSPOLL,2012-08-05 00:00:00,1141.0,29.0,,59.0,http://polling.newspoll.com.au.tmp.anchor.net.au/image_uploads/120801%20Federal%20Voting%20Intention%20&%20Leaders%20Ratings.pdf,Australia
NEWSPOLL,2012-08-19 00:00:00,1129.0,27.0,,60.0,http://polling.newspoll.com.au.tmp.anchor.net.au/image_uploads/120805%20Federal%20Voting%20Intention%20&%20Leaders%20Ratings.pdf,Australia
NEWSPOLL,2012-09-02 00:00:00,1151.0,31.0,,57.0,http://polling.newspoll.com.au.tmp.anchor.net.au/image_uploads/120901%20Federal%20Voting%20Intention%20&%20Leaders%20Ratings.pdf,Australia
NEWSPOLL,2012-09-16 00:00:00,1166.0,36.0,,52.0,http://polling.newspoll.com.au.tmp.anchor.net.au/image_uploads/120905%20Federal%20Voting%20Intention%20&%20Leaders%20Ratings.pdf,Australia
NEWSPOLL,2012-10-07 00:00:00,1168.0,36.0,,50.0,http://polling.newspoll.com.au.tmp.anchor.net.au/image_uploads/121002%20Federal%20Voting%20Intention%20&%20Leaders%20Ratings.pdf,Australia
NEWSPOLL,2012-10-28 00:00:00,1176.0,35.0,,51.0,http://polling.newspoll.com.au.tmp.anchor.net.au/image_uploads/121007%20Federal%20Voting%20Intention%20&%20Leaders%20Ratings.pdf,Australia
NEWSPOLL,2012-11-11 00:00:00,1149.0,37.0,,52.0,http://polling.newspoll.com.au.tmp.anchor.net.au/image_uploads/121104%20Federal%20Voting%20Intention%20&%20Leaders%20Ratings.pdf,Australia
NEWSPOLL,2012-11-25 00:00:00,1156.0,37.0,,52.0,http://polling.newspoll.com.au.tmp.anchor.net.au/image_uploads/121108%20Federal%20Voting%20Intention%20&%20Leaders%20Ratings1.pdf,Australia
NEWSPOLL,2012-12-09 00:00:00,1173.0,36.0,,52.0,http://polling.newspoll.com.au.tmp.anchor.net.au/image_uploads/121204%20Federal%20Voting%20Intention%20&%20Leaders%20Ratings.pdf,Australia
NEWSPOLL,2013-01-13 00:00:00,1152.0,38.0,,49.0,http://polling.newspoll.com.au.tmp.anchor.net.au/image_uploads/130101%20Federal%20Voting%20Intention%20&%20Leaders%20Ratings.pdf,Australia
NEWSPOLL,2013-02-03 00:00:00,1163.0,36.0,,52.0,http://polling.newspoll.com.au.tmp.anchor.net.au/image_uploads/130202%20Federal%20Voting%20Intention%20&%20Leaders%20Ratings.pdf,Australia
NEWSPOLL,2013-02-24 00:00:00,1143.0,30.0,,58.0,http://polling.newspoll.com.au.tmp.anchor.net.au/image_uploads/130206a%20Federal%20Voting%20Intention%20&%20Leaders%20Ratings%20+%20Voter%20Commitment%20+%20Labor%20Leader.pdf,Australia
NEWSPOLL,2013-03-10 00:00:00,1143.0,32.0,,57.0,http://polling.newspoll.com.au.tmp.anchor.net.au/image_uploads/130303%20Federal%20Voting%20Intention%20&%20Leaders%20Ratings%20+%20Best%20Labor%20Leader%20&%20Voting%20Intention.pdf,Australia
NEWSPOLL,2013-03-24 00:00:00,1136.0,35.0,,43.0,http://polling.newspoll.com.au.tmp.anchor.net.au/image_uploads/130306%20Federal%20Voting%20Intention%20&%20Leaders%20Ratings.pdf,Australia
NEWSPOLL,2013-04-07 00:00:00,1115.0,28.0,,62.0,http://polling.newspoll.com.au.tmp.anchor.net.au/image_uploads/130402%20Federal%20Voting%20Intention%20&%20Leaders%20Ratings.pdf,Australia
NEWSPOLL,2013-04-21 00:00:00,1129.0,30.0,,60.0,http://polling.newspoll.com.au.tmp.anchor.net.au/image_uploads/130406%20Federal%20Voting%20Intention%20&%20Leaders%20Ratings.pdf,Australia
NEWSPOLL,2013-05-05 00:00:00,1138.0,29.0,,61.0,http://polling.newspoll.com.au.tmp.anchor.net.au/image_uploads/130502%20Federal%20Voting%20Intention%20&%20Leaders%20Ratings%20&%20National%20Disability%20Insurance%20Scheme.pdf,Australia
NEWSPOLL,2013-05-19 00:00:00,1143.0,31.0,,59.0,http://polling.newspoll.com.au.tmp.anchor.net.au/image_uploads/130506%20Federal%20Voting%20Intention%20&%20Leaders%20Ratings.pdf,Australia
NEWSPOLL,2013-06-02 00:00:00,1139.0,28.0,,62.0,http://polling.newspoll.com.au.tmp.anchor.net.au/image_uploads/130602%20Federal%20Voting%20Intention%20&%20Leaders%20Ratings.pdf,Australia
NEWSPOLL,2013-06-23 00:00:00,1140.0,28.0,,62.0,http://polling.newspoll.com.au.tmp.anchor.net.au/image_uploads/130608%20Federal%20Voting%20Intention%20&%20Leaders%20Ratings.pdf,Australia
NEWSPOLL,2013-06-30 00:00:00,1149.0,36.0,,36.0,http://polling.newspoll.com.au.tmp.anchor.net.au/image_uploads/130610%20Federal%20Voting%20Intention%20&%20Leaders%20Ratings.pdf,Australia
NEWSPOLL,2013-07-07 00:00:00,1126.0,43.0,,36.0,http://polling.newspoll.com.au.tmp.anchor.net.au/image_uploads/130701%20Federal%20Voting%20Intention%20&%20Leaders%20Ratings%20+%20Election%20date.pdf,Australia
NEWSPOLL,2013-07-21 00:00:00,1141.0,42.0,,41.0,http://polling.newspoll.com.au.tmp.anchor.net.au/image_uploads/130705%20Federal%20Voting%20Intention%20&%20Leaders%20Ratings.pdf,Australia
NEWSPOLL,2013-08-04 00:00:00,1147.0,38.0,,47.0,http://polling.newspoll.com.au.tmp.anchor.net.au/image_uploads/130801%20Federal%20Voting%20Intention%20&%20Leaders%20Ratings.pdf,Australia
NEWSPOLL,2013-08-11 00:00:00,1134.0,39.0,,48.0,http://polling.newspoll.com.au.tmp.anchor.net.au/image_uploads/130803%20Federal%20Voting%20Intention%20&%20Leaders%20Ratings%20+%20Voter%20Commitment%20+%20Party%20To%20Win.pdf,Australia
NEWSPOLL,2013-08-18 00:00:00,1692.0,35.0,,54.0,http://polling.newspoll.com.au.tmp.anchor.net.au/image_uploads/130805%20Federal%20Voting%20Intention%20&%20Leaders%20Ratings.pdf,Australia
NEWSPOLL,2013-08-25 00:00:00,1129.0,36.0,,52.0,http://polling.newspoll.com.au.tmp.anchor.net.au/image_uploads/130807%20Federal%20Voting%20Intention%20&%20Leaders%20Ratings.pdf,Australia
NEWSPOLL,2013-09-05 00:00:00,2511.0,33.0,,58.0,http://polling.newspoll.com.au.tmp.anchor.net.au/image_uploads/130922%20Final%20Election%20Poll.pdf,Australia
NEWSPOLL,2013-09-15 00:00:00,1116.0,32.0,,58.0,http://polling.newspoll.com.au.tmp.anchor.net.au/image_uploads/130809%20Federal%20Voting%20Intention%20&%20Leaders%20Ratings.pdf,Australia
NEWSPOLL,2013-10-29 00:00:00,1142.0,47.0,,34.0,http://polling.newspoll.com.au.tmp.anchor.net.au/image_uploads/131006%20Federal%20Voting%20Intention%20&%20Leaders%20Ratings.pdf,Australia
NEWSPOLL,2013-11-10 00:00:00,1140.0,45.0,,38.0,http://polling.newspoll.com.au.tmp.anchor.net.au/image_uploads/131103%20Federal%20Voting%20Intention%20&%20Leaders%20Ratings.pdf,Australia
NEWSPOLL,2013-11-24 00:00:00,1133.0,42.0,,42.0,http://polling.newspoll.com.au.tmp.anchor.net.au/image_uploads/131107%20Federal%20Voting%20Intention%20&%20Leaders%20Ratings.pdf,Australia
NEWSPOLL,2013-12-08 00:00:00,1149.0,40.0,,45.0,http://polling.newspoll.com.au.tmp.anchor.net.au/image_uploads/131202%20Federal%20Voting%20Intention%20&%20Leaders%20Ratings.pdf,Australia
NEWSPOLL,2014-02-09 00:00:00,1152.0,40.0,,45.0,http://polling.newspoll.com.au.tmp.anchor.net.au/image_uploads/140203%20Federal%20Voting%20Intention%20&%20Leaders%20Ratings.pdf,Australia
NEWSPOLL,2014-02-23 00:00:00,1150.0,36.0,,52.0,http://polling.newspoll.com.au.tmp.anchor.net.au/image_uploads/140203%20Federal%20Voting%20Intention%20&%20Leaders%20Ratings.pdf,Australia
NEWSPOLL,2014-03-09 00:00:00,1136.0,38.0,,50.0,http://polling.newspoll.com.au.tmp.anchor.net.au/image_uploads/140303%20Federal%20Voting%20Intention%20&%20Leaders%20Ratings.pdf,Australia
NEWSPOLL,2014-03-23 00:00:00,1149.0,40.0,,50.0,http://polling.newspoll.com.au.tmp.anchor.net.au/image_uploads/140306%20Federal%20Voting%20Intention%20&%20Leaders%20Ratings.pdf,Australia
NEWSPOLL,2014-04-06 00:00:00,1131.0,40.0,,47.0,http://polling.newspoll.com.au.tmp.anchor.net.au/image_uploads/140401%20Federal%20Voting%20Intention%20&%20Leaders%20Ratings.pdf,Australia
NEWSPOLL,2014-05-04 00:00:00,1143.0,35.0,,56.0,http://polling.newspoll.com.au.tmp.anchor.net.au/image_uploads/140502%20Federal%20Voting%20Intention%20&%20Leaders%20Ratings.pdf,Australia
NEWSPOLL,2014-05-18 00:00:00,1157.0,30.0,,60.0,http://polling.newspoll.com.au.tmp.anchor.net.au/image_uploads/140506%20Federal%20Voting%20Intention%20&%20Leaders%20Ratings.pdf,Australia
NEWSPOLL,2014-06-15 00:00:00,1155.0,30.0,,61.0,http://polling.newspoll.com.au.tmp.anchor.net.au/image_uploads/140604%20Federal%20Voting%20Intention%20&%20Leaders%20Ratings.pdf,Australia
NEWSPOLL,2014-06-15 00:00:00,1158.0,33.0,,59.0,http://polling.newspoll.com.au.tmp.anchor.net.au/image_uploads/140510%20Federal%20Voting%20Intention%20&%20Leaders%20Ratings.pdf,Australia
NEWSPOLL,2014-06-29 00:00:00,1161.0,31.0,,62.0,http://polling.newspoll.com.au.tmp.anchor.net.au/image_uploads/140608%20Federal%20Voting%20Intention%20&%20Leaders%20Ratings.pdf,Australia
NEWSPOLL,2014-07-13 00:00:00,1159.0,31.0,,60.0,http://polling.newspoll.com.au.tmp.anchor.net.au/image_uploads/140703%20Federal%20Voting%20Intention%20&%20Leaders%20Ratings.pdf,Australia
NEWSPOLL,2014-07-27 00:00:00,1157.0,36.0,,53.0,http://polling.newspoll.com.au.tmp.anchor.net.au/image_uploads/140707%20Federal%20Voting%20Intention%20&%20Leaders%20Ratings.pdf,Australia
NEWSPOLL,2014-08-10 00:00:00,1162.0,36.0,,54.0,http://polling.newspoll.com.au.tmp.anchor.net.au/image_uploads/140803%20Federal%20Voting%20Intention%20&%20Leaders%20Ratings.pdf,Australia
NEWSPOLL,2014-08-24 00:00:00,1170.0,36.0,,55.0,http://polling.newspoll.com.au.tmp.anchor.net.au/image_uploads/140807%20Federal%20Voting%20Intention%20&%20Leaders%20Ratings.pdf,Australia
NEWSPOLL,2014-09-07 00:00:00,1158.0,35.0,,54.0,http://polling.newspoll.com.au.tmp.anchor.net.au/image_uploads/140901%20Federal%20Voting%20Intention%20&%20Leaders%20Ratings.pdf,Australia
NEWSPOLL,2014-09-21 00:00:00,1152.0,41.0,,52.0,http://polling.newspoll.com.au.tmp.anchor.net.au/image_uploads/140905%20Federal%20Voting%20Intention%20&%20Leaders%20Ratings.pdf,Australia
NEWSPOLL,2014-10-19 00:00:00,1161.0,38.0,,53.0,http://polling.newspoll.com.au.tmp.anchor.net.au/image_uploads/141004%20Federal%20Voting%20Intention%20&%20Leaders%20Ratings.pdf,Australia
NEWSPOLL,2014-11-02 00:00:00,1175.0,37.0,,52.0,http://polling.newspoll.com.au.tmp.anchor.net.au/image_uploads/141101%20Federal%20Voting%20Intention%20&%20Leaders%20Ratings.pdf,Australia
NEWSPOLL,2014-11-16 00:00:00,1166.0,36.0,,55.0,http://polling.newspoll.com.au.tmp.anchor.net.au/image_uploads/141105%20Federal%20Voting%20Intention%20&%20Leaders%20Ratings.pdf,Australia
NEWSPOLL,2014-11-30 00:00:00,1164.0,33.0,,57.0,http://polling.newspoll.com.au.tmp.anchor.net.au/image_uploads/141109%20Federal%20Voting%20Intention%20&%20Leaders%20Ratings.pdf,Australia
NEWSPOLL,2014-12-14 00:00:00,1155.0,33.0,,58.0,http://polling.newspoll.com.au.tmp.anchor.net.au/image_uploads/141204%20Federal%20Voting%20Intention%20&%20Leaders%20Ratings.pdf,Australia
NEWSPOLL,2015-02-08 00:00:00,1178.0,24.0,,68.0,http://polling.newspoll.com.au.tmp.anchor.net.au/image_uploads/150201%20Federal%20Voting%20Intention%20&%20Leaders%20Ratings.pdf,Australia
NEWSPOLL,2015-02-22 00:00:00,1180.0,25.0,,68.0,http://polling.newspoll.com.au.tmp.anchor.net.au/image_uploads/150204%20Federal%20Voting%20Intention%20&%20Leaders%20Ratings.pdf,Australia
NEWSPOLL,2015-03-08 00:00:00,1161.0,28.0,,63.0,http://polling.newspoll.com.au.tmp.anchor.net.au/image_uploads/150301%20Federal%20Voting%20Intention%20&%20Leaders%20Ratings.pdf,Australia
NEWSPOLL,2015-03-22 00:00:00,1148.0,29.0,,61.0,http://polling.newspoll.com.au.tmp.anchor.net.au/image_uploads/150304%20Federal%20Voting%20Intention%20&%20Leaders%20Ratings.pdf,Australia
NEWSPOLL,2015-04-12 00:00:00,1172.0,33.0,,59.0,http://polling.newspoll.com.au.tmp.anchor.net.au/image_uploads/150402%20Federal%20Voting%20Intention%20&%20Leaders%20Ratings.pdf,Australia
NEWSPOLL,2015-05-03 00:00:00,1172.0,37.0,,56.0,http://polling.newspoll.com.au.tmp.anchor.net.au/image_uploads/150502%20Federal%20Voting%20Intention%20&%20Leaders%20Ratings.pdf,Australia
NEWSPOLL,2015-05-17 00:00:00,1160.0,39.0,,52.0,http://polling.newspoll.com.au.tmp.anchor.net.au/image_uploads/150506%20Federal%20Voting%20Intention%20&%20Leaders%20Ratings.pdf,Australia
NEWSPOLL,2015-05-31 00:00:00,,38.0,,53.0,http://polling.newspoll.com.au.tmp.anchor.net.au/image_uploads/150604%20Federal%20Voting%20Intention%20&%20Leaders%20Ratings.pdf,Australia
NEWSPOLL,2015-06-14 00:00:00,1086.0,34.0,,56.0,http://polling.newspoll.com.au.tmp.anchor.net.au/image_uploads/150604%20Federal%20Voting%20Intention%20&%20Leaders%20Ratings.pdf,Australia
NEWSPOLL,2015-09-20 00:00:00,1700.0,42.0,,24.0,https://www.pollbludger.net/bludgertrack2019/leaders.htm?,Australia
NEWSPOLL,2015-10-11 00:00:00,1700.0,50.0,,25.0,https://www.pollbludger.net/bludgertrack2019/leaders.htm?,Australia
NEWSPOLL,2015-10-25 00:00:00,1700.0,58.0,,23.0,https://www.pollbludger.net/bludgertrack2019/leaders.htm?,Australia
NEWSPOLL,2015-11-08 00:00:00,1700.0,56.0,,24.0,https://www.pollbludger.net/bludgertrack2019/leaders.htm?,Australia
NEWSPOLL,2015-11-22 00:00:00,1700.0,60.0,,22.0,https://www.pollbludger.net/bludgertrack2019/leaders.htm?,Australia
NEWSPOLL,2015-12-06 00:00:00,1700.0,52.0,,30.0,https://www.pollbludger.net/bludgertrack2019/leaders.htm?,Australia
NEWSPOLL,2016-01-31 00:00:00,1700.0,53.0,,31.0,https://www.pollbludger.net/bludgertrack2019/leaders.htm?,Australia
NEWSPOLL,2016-02-21 00:00:00,1700.0,48.0,,38.0,https://www.pollbludger.net/bludgertrack2019/leaders.htm?,Australia
NEWSPOLL,2016-03-06 00:00:00,1700.0,44.0,,41.0,https://www.pollbludger.net/bludgertrack2019/leaders.htm?,Australia
NEWSPOLL,2016-03-20 00:00:00,1700.0,39.0,,44.0,https://www.pollbludger.net/bludgertrack2019/leaders.htm?,Australia
NEWSPOLL,2016-04-03 00:00:00,1700.0,38.0,,48.0,https://www.pollbludger.net/bludgertrack2019/leaders.htm?,Australia
NEWSPOLL,2016-04-17 00:00:00,1700.0,36.0,,49.0,https://www.pollbludger.net/bludgertrack2019/leaders.htm?,Australia
NEWSPOLL,2016-05-08 00:00:00,1700.0,38.0,,49.0,https://www.pollbludger.net/bludgertrack2019/leaders.htm?,Australia
NEWSPOLL,2016-05-22 00:00:00,1700.0,38.0,,50.0,https://www.pollbludger.net/bludgertrack2019/leaders.htm?,Australia
NEWSPOLL,2016-06-05 00:00:00,1700.0,37.0,,51.0,https://www.pollbludger.net/bludgertrack2019/leaders.htm?,Australia
NEWSPOLL,2016-06-19 00:00:00,1700.0,36.0,,51.0,https://www.pollbludger.net/bludgertrack2019/leaders.htm?,Australia
NEWSPOLL,2016-06-26 00:00:00,1700.0,37.0,,51.0,https://www.pollbludger.net/bludgertrack2019/leaders.htm?,Australia
NEWSPOLL,2016-07-03 00:00:00,4135.0,40.0,,47.0,https://www.pollbludger.net/bludgertrack2019/leaders.htm?,Australia
NEWSPOLL,2016-08-28 00:00:00,1696.0,34.0,,50.0,https://www.pollbludger.net/bludgertrack2019/leaders.htm?,Australia
NEWSPOLL,2016-09-11 00:00:00,1680.0,34.0,,53.0,https://www.pollbludger.net/bludgertrack2019/leaders.htm?,Australia
NEWSPOLL,2016-09-25 00:00:00,1662.0,32.0,,55.0,https://www.pollbludger.net/bludgertrack2019/leaders.htm?,Australia
NEWSPOLL,2016-10-09 00:00:00,1622.0,31.0,,56.0,https://www.pollbludger.net/bludgertrack2019/leaders.htm?,Australia
NEWSPOLL,2016-10-23 00:00:00,1673.0,29.0,,57.0,https://www.pollbludger.net/bludgertrack2019/leaders.htm?,Australia
NEWSPOLL,2016-11-06 00:00:00,1846.0,30.0,,58.0,https://www.pollbludger.net/bludgertrack2019/leaders.htm?,Australia
NEWSPOLL,2016-11-20 00:00:00,1846.0,34.0,,54.0,https://www.pollbludger.net/bludgertrack2019/leaders.htm?,Australia
NEWSPOLL,2016-12-04 00:00:00,1629.0,32.0,,55.0,https://www.pollbludger.net/bludgertrack2019/leaders.htm?,Australia
NEWSPOLL,2017-02-05 00:00:00,1734.0,33.0,,54.0,https://www.pollbludger.net/bludgertrack2019/leaders.htm?,Australia
NEWSPOLL,2017-02-26 00:00:00,1582.0,29.0,,59.0,https://www.pollbludger.net/bludgertrack2019/leaders.htm?,Australia
NEWSPOLL,2017-03-19 00:00:00,1819.0,30.0,,57.0,https://www.pollbludger.net/bludgertrack2019/leaders.htm?,Australia
NEWSPOLL,2017-04-02 00:00:00,1708.0,30.0,,59.0,https://www.pollbludger.net/bludgertrack2019/leaders.htm?,Australia
NEWSPOLL,2017-04-23 00:00:00,1686.0,32.0,,57.0,https://www.pollbludger.net/bludgertrack2019/leaders.htm?,Australia
NEWSPOLL,2017-05-14 00:00:00,1716.0,33.0,,53.0,https://www.pollbludger.net/bludgertrack2019/leaders.htm?,Australia
NEWSPOLL,2017-05-28 00:00:00,1655.0,35.0,,54.0,https://www.pollbludger.net/bludgertrack2019/leaders.htm?,Australia
NEWSPOLL,2017-06-18 00:00:00,1786.0,32.0,,55.0,https://www.pollbludger.net/bludgertrack2019/leaders.htm?,Australia
NEWSPOLL,2017-07-09 00:00:00,1700.0,32.0,,56.0,https://www.pollbludger.net/bludgertrack2019/leaders.htm?,Australia
NEWSPOLL,2017-07-23 00:00:00,1677.0,34.0,,54.0,https://www.pollbludger.net/bludgertrack2019/leaders.htm?,Australia
NEWSPOLL,2017-08-06 00:00:00,1639.0,38.0,,50.0,https://www.pollbludger.net/bludgertrack2019/leaders.htm?,Australia
NEWSPOLL,2017-08-20 00:00:00,1675.0,35.0,,55.0,https://www.pollbludger.net/bludgertrack2019/leaders.htm?,Australia
NEWSPOLL,2017-09-03 00:00:00,1606.0,34.0,,54.0,https://www.pollbludger.net/bludgertrack2019/leaders.htm?,Australia
NEWSPOLL,2017-09-24 00:00:00,1695.0,35.0,,52.0,https://www.pollbludger.net/bludgertrack2019/leaders.htm?,Australia
NEWSPOLL,2017-10-15 00:00:00,1583.0,32.0,,56.0,https://www.pollbludger.net/bludgertrack2019/leaders.htm?,Australia
NEWSPOLL,2017-10-29 00:00:00,1623.0,31.0,,59.0,https://www.pollbludger.net/bludgertrack2019/leaders.htm?,Australia
NEWSPOLL,2017-11-12 00:00:00,1624.0,29.0,,58.0,https://www.pollbludger.net/bludgertrack2019/leaders.htm?,Australia
NEWSPOLL,2017-12-03 00:00:00,1560.0,32.0,,57.0,https://www.pollbludger.net/bludgertrack2019/leaders.htm?,Australia
NEWSPOLL,2017-12-17 00:00:00,1669.0,32.0,,57.0,https://www.pollbludger.net/bludgertrack2019/leaders.htm?,Australia
NEWSPOLL,2018-02-04 00:00:00,1616.0,37.0,,50.0,https://www.pollbludger.net/bludgertrack2019/leaders.htm?,Australia
NEWSPOLL,2018-02-18 00:00:00,1632.0,34.0,,54.0,https://www.pollbludger.net/bludgertrack2019/leaders.htm?,Australia
NEWSPOLL,2018-03-04 00:00:00,1657.0,32.0,,57.0,https://www.pollbludger.net/bludgertrack2019/leaders.htm?,Australia
NEWSPOLL,2018-03-25 00:00:00,1597.0,32.0,,57.0,https://www.pollbludger.net/bludgertrack2019/leaders.htm?,Australia
NEWSPOLL,2018-04-08 00:00:00,1597.0,32.0,,57.0,https://www.pollbludger.net/bludgertrack2019/leaders.htm?,Australia
NEWSPOLL,2018-04-22 00:00:00,2068.0,36.0,,53.0,https://www.pollbludger.net/bludgertrack2019/leaders.htm?,Australia
NEWSPOLL,2018-05-12 00:00:00,1644.0,41.0,,49.0,https://www.pollbludger.net/bludgertrack2019/leaders.htm?,Australia
NEWSPOLL,2018-05-13 00:00:00,1728.0,39.0,,50.0,https://www.pollbludger.net/bludgertrack2019/leaders.htm?,Australia
NEWSPOLL,2018-05-27 00:00:00,1591.0,39.0,,49.0,https://www.pollbludger.net/bludgertrack2019/leaders.htm?,Australia
NEWSPOLL,2018-06-17 00:00:00,1660.0,40.0,,50.0,https://www.pollbludger.net/bludgertrack2019/leaders.htm?,Australia
NEWSPOLL,2018-07-15 00:00:00,1609.0,42.0,,48.0,https://www.pollbludger.net/bludgertrack2019/leaders.htm?,Australia
NEWSPOLL,2018-07-29 00:00:00,1704.0,42.0,,48.0,https://www.pollbludger.net/bludgertrack2019/leaders.htm?,Australia
NEWSPOLL,2018-08-12 00:00:00,1644.0,36.0,,55.0,https://www.pollbludger.net/bludgertrack2019/leaders.htm?,Australia
NEWSPOLL,2018-09-09 00:00:00,1653.0,41.0,,39.0,https://www.pollbludger.net/bludgertrack2019/leaders.htm?,Australia
NEWSPOLL,2018-09-23 00:00:00,1675.0,44.0,,39.0,https://www.pollbludger.net/bludgertrack2019/leaders.htm?,Australia
NEWSPOLL,2018-10-14 00:00:00,1707.0,45.0,,39.0,https://www.pollbludger.net/bludgertrack2019/leaders.htm?,Australia
NEWSPOLL,2018-10-28 00:00:00,1646.0,41.0,,44.0,https://www.pollbludger.net/bludgertrack2019/leaders.htm?,Australia
NEWSPOLL,2018-11-11 00:00:00,1802.0,39.0,,47.0,https://www.pollbludger.net/bludgertrack2022/leaders.htm,Australia
NEWSPOLL,2018-11-25 00:00:00,1717.0,43.0,,42.0,https://www.pollbludger.net/bludgertrack2022/leaders.htm,Australia
NEWSPOLL,2018-12-09 00:00:00,1731.0,42.0,,45.0,https://www.pollbludger.net/bludgertrack2022/leaders.htm,Australia
NEWSPOLL,2019-01-27 00:00:00,1634.0,40.0,,47.0,https://www.pollbludger.net/bludgertrack2022/leaders.htm,Australia
NEWSPOLL,2019-02-10 00:00:00,1567.0,43.0,,45.0,https://www.pollbludger.net/bludgertrack2022/leaders.htm,Australia
NEWSPOLL,2019-02-24 00:00:00,1582.0,42.0,,48.0,https://www.pollbludger.net/bludgertrack2022/leaders.htm,Australia
NEWSPOLL,2019-03-10 00:00:00,1610.0,43.0,,45.0,https://www.pollbludger.net/bludgertrack2022/leaders.htm,Australia
NEWSPOLL,2019-04-07 00:00:00,1799.0,46.0,,43.0,https://www.pollbludger.net/bludgertrack2022/leaders.htm,Australia
NEWSPOLL,2019-04-14 00:00:00,1697.0,45.0,,44.0,https://www.pollbludger.net/bludgertrack2022/leaders.htm,Australia
NEWSPOLL,2019-04-28 00:00:00,2136.0,45.0,,46.0,https://www.pollbludger.net/bludgertrack2022/leaders.htm,Australia
NEWSPOLL,2019-05-05 00:00:00,2003.0,44.0,,45.0,https://www.pollbludger.net/bludgertrack2022/leaders.htm,Australia
NEWSPOLL,2019-05-11 00:00:00,1644.0,44.0,,44.0,https://www.pollbludger.net/bludgertrack2022/leaders.htm,Australia
NEWSPOLL,2019-05-17 00:00:00,3038.0,46.0,,45.0,https://www.pollbludger.net/bludgertrack2022/leaders.htm,Australia
NEWSPOLL,2019-07-28 00:00:00,1601.0,51.0,,36.0,https://www.pollbludger.net/bludgertrack2022/leaders.htm,Australia
NEWSPOLL,2019-08-18 00:00:00,1623.0,48.0,,42.0,https://www.pollbludger.net/bludgertrack2022/leaders.htm,Australia
NEWSPOLL,2019-09-07 00:00:00,1661.0,49.0,,39.0,https://www.pollbludger.net/bludgertrack2022/leaders.htm,Australia
NEWSPOLL,2019-09-28 00:00:00,1658.0,47.0,,43.0,https://www.pollbludger.net/bludgertrack2022/leaders.htm,Australia
NEWSPOLL,2019-10-19 00:00:00,1634.0,47.0,,45.0,https://www.pollbludger.net/bludgertrack2022/leaders.htm,Australia
NEWSPOLL,2019-11-10 00:00:00,1682.0,46.0,,43.0,https://www.pollbludger.net/bludgertrack2022/leaders.htm,Australia
NEWSPOLL,2019-11-23 00:00:00,1519.0,43.0,,52.0,https://www.pollbludger.net/bludgertrack2022/leaders.htm,Australia
NEWSPOLL,2019-12-08 00:00:00,1503.0,45.0,,48.0,https://www.pollbludger.net/bludgertrack2022/leaders.htm,Australia
NEWSPOLL,2020-01-11 00:00:00,1505.0,37.0,,59.0,https://www.pollbludger.net/bludgertrack2022/leaders.htm,Australia
NEWSPOLL,2020-02-15 00:00:00,1510.0,37.0,,59.0,https://www.pollbludger.net/bludgertrack2022/leaders.htm,Australia
NEWSPOLL,2020-02-22 00:00:00,1513.0,38.0,,58.0,https://www.pollbludger.net/bludgertrack2022/leaders.htm,Australia
NEWSPOLL,2020-03-14 00:00:00,1501.0,41.0,,53.0,https://www.pollbludger.net/bludgertrack2022/leaders.htm,Australia
NEWSPOLL,2020-04-04 00:00:00,1508.0,61.0,,35.0,https://www.pollbludger.net/bludgertrack2022/leaders.htm,Australia
NEWSPOLL,2020-04-25 00:00:00,1519.0,68.0,,28.0,https://www.pollbludger.net/bludgertrack2022/leaders.htm,Australia
NEWSPOLL,2020-05-16 00:00:00,1504.0,66.0,,30.0,https://www.pollbludger.net/bludgertrack2022/leaders.htm,Australia
NEWSPOLL,2020-06-06 00:00:00,1512.0,66.0,,30.0,https://www.pollbludger.net/bludgertrack2022/leaders.htm,Australia
NEWSPOLL,2020-06-27 00:00:00,1521.0,68.0,,27.0,https://www.pollbludger.net/bludgertrack2022/leaders.htm,Australia
NEWSPOLL,2020-07-18 00:00:00,1850.0,68.0,,27.0,https://www.pollbludger.net/bludgertrack2022/leaders.htm,Australia
NEWSPOLL,2020-08-08 00:00:00,1509.0,68.0,,29.0,https://www.pollbludger.net/bludgertrack2022/leaders.htm,Australia
NEWSPOLL,2020-08-29 00:00:00,1507.0,64.0,,32.0,https://www.pollbludger.net/bludgertrack2022/leaders.htm,Australia
NEWSPOLL,2020-09-19 00:00:00,2068.0,65.0,,31.0,https://www.pollbludger.net/bludgertrack2022/leaders.htm,Australia
NEWSPOLL,2020-10-10 00:00:00,1527.0,65.0,,31.0,https://www.pollbludger.net/bludgertrack2022/leaders.htm,Australia
NEWSPOLL,2020-11-07 00:00:00,1510.0,64.0,,32.0,https://www.pollbludger.net/bludgertrack2022/leaders.htm,Australia
NEWSPOLL,2020-11-28 00:00:00,1511.0,66.0,,30.0,https://www.pollbludger.net/bludgertrack2022/leaders.htm,Australia
NEWSPOLL,2021-01-30 00:00:00,1512.0,63.0,,33.0,https://www.pollbludger.net/bludgertrack2022/leaders.htm,Australia
NEWSPOLL,2021-02-20 00:00:00,1504.0,64.0,,32.0,https://www.pollbludger.net/bludgertrack2022/leaders.htm,Australia
NEWSPOLL,2021-03-13 00:00:00,1521.0,62.0,,34.0,https://www.pollbludger.net/bludgertrack2022/leaders.htm,Australia
NEWSPOLL,2021-03-27 00:00:00,1517.0,55.0,,40.0,https://www.pollbludger.net/bludgertrack2022/leaders.htm,Australia
NEWSPOLL,2021-04-24 00:00:00,1514.0,59.0,,37.0,https://www.pollbludger.net/bludgertrack2022/leaders.htm,Australia
NEWSPOLL,2021-05-15 00:00:00,1506.0,58.0,,38.0,https://www.pollbludger.net/bludgertrack2022/leaders.htm,Australia
NEWSPOLL,2021-06-05 00:00:00,1516.0,54.0,,43.0,https://www.pollbludger.net/bludgertrack2022/leaders.htm,Australia
NEWSPOLL,2021-06-27 00:00:00,1513.0,55.0,,41.0,https://www.pollbludger.net/bludgertrack2022/leaders.htm,Australia
NEWSPOLL,2021-07-17 00:00:00,1506.0,51.0,,45.0,https://www.pollbludger.net/bludgertrack2022/leaders.htm,Australia
NEWSPOLL,2021-08-07 00:00:00,1527.0,47.0,,49.0,https://www.pollbludger.net/bludgertrack2022/leaders.htm,Australia
NEWSPOLL,2021-08-28 00:00:00,1528.0,49.0,,47.0,https://www.pollbludger.net/bludgertrack2022/leaders.htm,Australia
NEWSPOLL,2021-09-18 00:00:00,2144.0,46.0,,50.0,https://www.pollbludger.net/2021/09/19/newspoll-53-47-to-labor-9/,Australia
NEWSPOLL,2021-10-02 00:00:00,1545.0,48.0,,49.0,https://www.pollbludger.net/bludgertrack2022/leaders.htm,Australia
NEWSPOLL,2021-10-23 00:00:00,1515.0,46.0,,50.0,https://www.pollbludger.net/bludgertrack2022/leaders.htm,Australia
NEWSPOLL,2021-11-13 00:00:00,1524.0,44.0,,52.0,https://www.pollbludger.net/bludgertrack2022/leaders.htm,Australia
NEWSPOLL,2022-07-29 00:00:00,1508.0,61.0,,26.0,https://www.pollbludger.net/fed2025/bludgertrack/leaders.htm?,Australia
NEWSPOLL,2022-09-02 00:00:00,1505.0,61.0,,29.0,https://www.pollbludger.net/fed2025/bludgertrack/leaders.htm?,Australia
NEWSPOLL,2022-10-29 00:00:00,1500.0,59.0,,33.0,https://www.pollbludger.net/fed2025/bludgertrack/leaders.htm?,Australia
NEWSPOLL,2022-12-02 00:00:00,1508.0,62.0,,29.0,https://www.pollbludger.net/fed2025/bludgertrack/leaders.htm?,Australia
NEWSPOLL,2023-02-03 00:00:00,1512.0,57.0,,33.0,https://www.pollbludger.net/fed2025/bludgertrack/leaders.htm?,Australia
NEWSPOLL,2023-03-03 00:00:00,1530.0,55.0,,38.0,https://www.pollbludger.net/fed2025/bludgertrack/leaders.htm?,Australia
NEWSPOLL,2023-04-01 00:00:00,1500.0,56.0,,35.0,https://www.pollbludger.net/fed2025/bludgertrack/leaders.htm?,Australia
NEWSPOLL,2023-04-22 00:00:00,1514.0,53.0,,37.0,https://www.pollbludger.net/fed2025/bludgertrack/leaders.htm?,Australia
NEWSPOLL,2023-05-13 00:00:00,1600.0,57.0,,38.0,https://www.pollbludger.net/fed2025/bludgertrack/leaders.htm?,Australia
NEWSPOLL,2023-06-02 00:00:00,1549.0,55.0,,37.0,https://www.pollbludger.net/fed2025/bludgertrack/leaders.htm?,Australia
NEWSPOLL,2023-06-23 00:00:00,2303.0,52.0,,42.0,https://www.pollbludger.net/fed2025/bludgertrack/leaders.htm?,Australia
NEWSPOLL,2023-07-14 00:00:00,1570.0,52.0,,41.0,https://www.pollbludger.net/fed2025/bludgertrack/leaders.htm?,Australia
NEWSPOLL,2023-08-31 00:00:00,1200.0,46.0,,47.0,https://www.pollbludger.net/fed2025/bludgertrack/leaders.htm?,Australia
NEWSPOLL,2023-09-21 00:00:00,1239.0,47.0,,44.0,https://www.pollbludger.net/fed2025/bludgertrack/leaders.htm?,Australia
NEWSPOLL,2023-09-21 00:00:00,1239.0,47.0,,44.0,https://www.pollbludger.net/fed2025/bludgertrack/leaders.htm?,Australia
NEWSPOLL,2023-10-05 00:00:00,1225.0,45.0,,46.0,https://www.pollbludger.net/fed2025/bludgertrack/leaders.htm?,Australia
NEWSPOLL,2023-10-11 00:00:00,2368.0,46.0,,46.0,https://www.pollbludger.net/fed2025/bludgertrack/leaders.htm?,Australia
NEWSPOLL,2023-11-01 00:00:00,1220.0,42.0,,52.0,https://www.pollbludger.net/fed2025/bludgertrack/leaders.htm?,Australia
NEWSPOLL,2023-11-22 00:00:00,1216.0,40.0,,53.0,https://www.pollbludger.net/fed2025/bludgertrack/leaders.htm?,Australia
NEWSPOLL,2023-12-14 00:00:00,1219.0,42.0,,50.0,https://www.pollbludger.net/fed2025/bludgertrack/leaders.htm?,Australia
NEWSPOLL,2024-02-02 00:00:00,1245.0,42.0,,51.0,https://www.pollbludger.net/fed2025/bludgertrack/leaders.htm?,Australia
NEWSPOLL,2024-02-22 00:00:00,1245.0,43.0,,51.0,https://www.pollbludger.net/fed2025/bludgertrack/leaders.htm?,Australia
NEWSPOLL,2024-04-17 00:00:00,1236.0,44.0,,50.0,https://www.pollbludger.net/fed2025/bludgertrack/leaders.htm?,Australia
NEWSPOLL,2024-05-17 00:00:00,1230.0,47.0,,47.0,https://www.pollbludger.net/fed2025/bludgertrack/leaders.htm?,Australia
NEWSPOLL,2024-06-06 00:00:00,1232.0,43.0,,50.0,https://www.pollbludger.net/fed2025/bludgertrack/leaders.htm?,Australia
NEWSPOLL,2024-06-27 00:00:00,1260.0,42.0,,53.0,https://www.pollbludger.net/fed2025/bludgertrack/leaders.htm?,Australia
NEWSPOLL,2024-07-18 00:00:00,1258.0,44.0,,51.0,https://www.pollbludger.net/fed2025/bludgertrack/leaders.htm?,Australia
NEWSPOLL,2024-08-08 00:00:00,1266.0,43.0,,51.0,https://www.pollbludger.net/fed2025/bludgertrack/leaders.htm?,Australia
NEWSPOLL,2024-08-29 00:00:00,1263.0,41.0,,54.0,https://www.pollbludger.net/fed2025/bludgertrack/leaders.htm?,Australia
NEWSPOLL,2024-09-19 00:00:00,1619.0,43.0,,51.0,https://www.pollbludger.net/fed2025/bludgertrack/leaders.htm?,Australia
NEWSPOLL,2024-10-10 00:00:00,1258.0,40.0,,54.0,https://www.pollbludger.net/fed2025/bludgertrack/leaders.htm?,Australia
NEWSPOLL,2024-11-07 00:00:00,1621.0,40.0,,55.0,https://www.pollbludger.net/fed2025/bludgertrack/leaders.htm?,Australia
NEWSPOLL,2024-12-05 00:00:00,1258.0,40.0,,54.0,https://www.pollbludger.net/fed2025/bludgertrack/leaders.htm?,Australia
NEWSPOLL,2025-01-23 00:00:00,1259.0,37.0,,57.0,https://www.pollbludger.net/fed2025/bludgertrack/leaders.htm?,Australia
NEWSPOLL,2025-02-13 00:00:00,1244.0,37.0,,58.0,https://www.pollbludger.net/fed2025/bludgertrack/leaders.htm?,Australia
NEWSPOLL,2025-03-06 00:00:00,1255.0,41.0,,53.0,https://www.pollbludger.net/fed2025/bludgertrack/leaders.htm?,Australia
NEWSPOLL,2025-03-29 00:00:00,1249.0,43.0,,52.0,https://www.pollbludger.net/fed2025/bludgertrack/leaders.htm?,Australia
NEWSPOLL,2025-04-03 00:00:00,1250.0,42.0,,53.0,https://www.pollbludger.net/fed2025/bludgertrack/leaders.htm?,Australia
NEWSPOLL,2025-04-09 00:00:00,1271.0,45.0,,49.0,https://www.pollbludger.net/fed2025/bludgertrack/leaders.htm?,Australia
NEWSPOLL,2025-04-16 00:00:00,1263.0,43.0,,52.0,https://www.pollbludger.net/fed2025/bludgertrack/leaders.htm?,Australia
NEWSPOLL,2025-04-23 00:00:00,1254.0,43.0,,52.0,https://www.pollbludger.net/fed2025/bludgertrack/leaders.htm?,Australia
NEWSPOLL,2025-04-30 00:00:00,1270.0,42.0,,52.0,https://www.pollbludger.net/fed2025/bludgertrack/leaders.htm?,Australia
NEWSPOLL,2025-07-17 00:00:00,1264.0,47.0,,47.0,https://www.pollbludger.net/fed2028/bludgertrack/leaders.htm?,Australia
NEWSPOLL,2025-08-14 00:00:00,1283.0,49.0,,46.0,https://www.pollbludger.net/fed2028/bludgertrack/leaders.htm?,Australia
NEWSPOLL,2025-09-11 00:00:00,1264.0,45.0,,50.0,https://www.pollbludger.net/fed2028/bludgertrack/leaders.htm?,Australia
NEWSPOLL,2025-10-30 00:00:00,1265.0,46.0,,51.0,https://www.pollbludger.net/fed2028/bludgertrack/leaders.htm?,Australia
NEWSPOLL,2025-11-20 00:00:00,1245.0,47.0,,47.0,https://www.pollbludger.net/fed2028/bludgertrack/leaders.htm?,Australia
NEWSPOLL/YouGov,2022-09-02 00:00:00,1505.0,61.0,,29.0,https://www.pollbludger.net/fed2025/bludgertrack/leaders.htm?,Australia
NEWSPOLL/YouGov,2022-10-29 00:00:00,1500.0,59.0,,33.0,https://www.pollbludger.net/fed2025/bludgertrack/leaders.htm?,Australia
NEWSPOLL/YouGov,2023-02-03 00:00:00,1512.0,57.0,,33.0,https://www.pollbludger.net/fed2025/bludgertrack/leaders.htm?,Australia
NEWSPOLL/YouGov,2023-03-03 00:00:00,1530.0,55.0,,38.0,https://www.pollbludger.net/fed2025/bludgertrack/leaders.htm?,Australia
NEWSPOLL/YouGov,2023-04-01 00:00:00,1500.0,56.0,,35.0,https://www.pollbludger.net/fed2025/bludgertrack/leaders.htm?,Australia
NEWSPOLL/YouGov,2023-04-22 00:00:00,1514.0,53.0,,37.0,https://www.pollbludger.net/fed2025/bludgertrack/leaders.htm?,Australia
NEWSPOLL/YouGov,2023-05-13 00:00:00,1600.0,57.0,,38.0,https://www.pollbludger.net/fed2025/bludgertrack/leaders.htm?,Australia
NEWSPOLL/YouGov,2023-06-02 00:00:00,1549.0,55.0,,37.0,https://www.pollbludger.net/fed2025/bludgertrack/leaders.htm?,Australia
NEWSPOLL/YouGov,2023-06-23 00:00:00,2303.0,52.0,,42.0,https://www.pollbludger.net/fed2025/bludgertrack/leaders.htm?,Australia
NEWSPOLL/YouGov,2023-07-14 00:00:00,1570.0,52.0,,41.0,https://www.pollbludger.net/fed2025/bludgertrack/leaders.htm?,Australia
NIELSEN,2009-05-15 00:00:00,1400.0,64.0,,32.0,,Australia
NIELSEN,2009-06-26 00:00:00,1400.0,67.0,,29.0,,Australia
NIELSEN,2009-08-14 00:00:00,1400.0,68.0,,27.0,,Australia
NIELSEN,2009-09-14 00:00:00,1400.0,70.0,,25.0,,Australia
NIELSEN,2009-10-09 00:00:00,1400.0,71.0,,23.0,,Australia
NIELSEN,2009-11-06 00:00:00,1400.0,68.0,,28.0,,Australia
NIELSEN,2009-11-28 00:00:00,1400.0,66.0,,29.0,,Australia
NIELSEN,2010-02-05 00:00:00,1400.0,60.0,,33.0,,Australia
NIELSEN,2010-03-05 00:00:00,1400.0,57.0,,37.0,,Australia
NIELSEN,2010-04-16 00:00:00,1400.0,59.0,,36.0,,Australia
NIELSEN,2010-05-07 00:00:00,1400.0,45.0,,49.0,,Australia
NIELSEN,2010-06-04 00:00:00,1400.0,41.0,,52.0,,Australia
NIELSEN,2010-07-09 00:00:00,1400.0,54.0,,32.0,,Australia
NIELSEN,2010-07-21 00:00:00,1400.0,56.0,,33.0,,Australia
NIELSEN,2010-07-28 00:00:00,1356.0,51.0,,39.0,,Australia
NIELSEN,2010-08-04 00:00:00,1369.0,52.0,,38.0,,Australia
NIELSEN,2010-08-11 00:00:00,1346.0,54.0,,36.0,,Australia
NIELSEN,2010-08-18 00:00:00,2040.0,50.0,,41.0,,Australia
NIELSEN,2010-10-22 00:00:00,1400.0,54.0,,39.0,,Australia
NIELSEN,2010-11-19 00:00:00,1400.0,54.0,,39.0,,Australia
NIELSEN,2011-02-13 00:00:00,1400.0,52.0,,43.0,,Australia
NIELSEN,2011-03-13 00:00:00,1400.0,47.0,,47.0,,Australia
NIELSEN,2011-04-15 00:00:00,1400.0,45.0,,50.0,,Australia
NIELSEN,2011-05-15 00:00:00,1400.0,43.0,,52.0,,Australia
NIELSEN,2011-06-15 00:00:00,1400.0,37.0,,59.0,,Australia
NIELSEN,2011-07-15 00:00:00,1400.0,34.0,,62.0,,Australia
Resolve Strategic,2021-04-15 00:00:00,,50.0,10.0,38.0,https://www.theage.com.au/national/resolve-political-monitor-20210322-p57cvx.html,Australia
Resolve Strategic,2021-05-15 00:00:00,,53.0,10.0,38.0,https://www.theage.com.au/national/resolve-political-monitor-20210322-p57cvx.html,Australia
Resolve Strategic,2021-06-15 00:00:00,,48.0,11.0,41.0,https://www.theage.com.au/national/resolve-political-monitor-20210322-p57cvx.html,Australia
Resolve Strategic,2021-07-15 00:00:00,,46.0,9.0,46.0,https://www.theage.com.au/national/resolve-political-monitor-20210322-p57cvx.html,Australia
Resolve Strategic,2021-08-15 00:00:00,,46.0,8.0,46.0,https://www.theage.com.au/national/resolve-political-monitor-20210322-p57cvx.html,Australia
Resolve Strategic,2021-09-15 00:00:00,,49.0,6.0,45.0,https://www.theage.com.au/national/resolve-political-monitor-20210322-p57cvx.html,Australia
Resolve Strategic,2021-10-15 00:00:00,,47.0,10.0,43.0,https://www.theage.com.au/national/resolve-political-monitor-20210322-p57cvx.html,Australia
Resolve Strategic,2021-11-15 00:00:00,,40.0,11.0,49.0,https://www.theage.com.au/national/resolve-political-monitor-20210322-p57cvx.html,Australia
Resolve Strategic,2022-01-15 00:00:00,,41.0,9.0,50.0,https://www.theage.com.au/national/resolve-political-monitor-20210322-p57cvx.html,Australia
Resolve Strategic,2022-02-15 00:00:00,,38.0,6.0,56.0,https://www.theage.com.au/national/resolve-political-monitor-20210322-p57cvx.html,Australia
Resolve Strategic,2022-04-15 00:00:00,,39.0,8.0,53.0,https://www.theage.com.au/national/resolve-political-monitor-20210322-p57cvx.html,Australia
Resolve Strategic,2022-08-20 00:00:00,2011.0,61.0,,22.0,https://www.pollbludger.net/fed2025/bludgertrack/leaders.htm?,Australia
Resolve Strategic,2022-09-17 00:00:00,1607.0,60.0,,24.0,https://www.pollbludger.net/fed2025/bludgertrack/leaders.htm?,Australia
Resolve Strategic,2022-10-08 00:00:00,1604.0,60.0,,25.0,https://www.pollbludger.net/fed2025/bludgertrack/leaders.htm?,Australia
Resolve Strategic,2022-10-29 00:00:00,1611.0,60.0,,24.0,https://www.pollbludger.net/fed2025/bludgertrack/leaders.htm?,Australia
Resolve Strategic,2022-12-03 00:00:00,1611.0,60.0,,24.0,https://www.pollbludger.net/fed2025/bludgertrack/leaders.htm?,Australia
Resolve Strategic,2023-01-21 00:00:00,1050.0,55.0,,31.0,https://www.pollbludger.net/fed2025/bludgertrack/leaders.htm?,Australia
Resolve Strategic,2023-02-18 00:00:00,1604.0,56.0,,30.0,https://www.pollbludger.net/fed2025/bludgertrack/leaders.htm?,Australia
Resolve Strategic,2023-03-15 00:00:00,1600.0,55.0,,31.0,https://www.pollbludger.net/fed2025/bludgertrack/leaders.htm?,Australia
Resolve Strategic,2023-04-15 00:00:00,1609.0,56.0,,29.0,https://www.pollbludger.net/fed2025/bludgertrack/leaders.htm?,Australia
Resolve Strategic,2023-05-13 00:00:00,1610.0,56.0,,29.0,https://www.pollbludger.net/fed2025/bludgertrack/leaders.htm?,Australia
Resolve Strategic,2023-06-10 00:00:00,1606.0,53.0,,35.0,https://www.pollbludger.net/fed2025/bludgertrack/leaders.htm?,Australia
Resolve Strategic,2023-07-14 00:00:00,1610.0,51.0,,34.0,https://www.pollbludger.net/fed2025/bludgertrack/leaders.htm?,Australia
Resolve Strategic,2023-08-11 00:00:00,1603.0,44.0,,42.0,https://www.pollbludger.net/fed2025/bludgertrack/leaders.htm?,Australia
Resolve Strategic,2023-09-08 00:00:00,1604.0,40.0,,47.0,https://www.pollbludger.net/fed2025/bludgertrack/leaders.htm?,Australia
Resolve Strategic,2023-10-03 00:00:00,4728.0,44.0,,43.0,https://www.pollbludger.net/fed2025/bludgertrack/leaders.htm?,Australia
Resolve Strategic,2023-11-04 00:00:00,1602.0,39.0,,46.0,https://www.pollbludger.net/fed2025/bludgertrack/leaders.htm?,Australia
Resolve Strategic,2023-12-02 00:00:00,1605.0,36.0,,48.0,https://www.pollbludger.net/fed2025/bludgertrack/leaders.htm?,Australia
Resolve Strategic,2024-02-23 00:00:00,1603.0,41.0,,47.0,https://www.pollbludger.net/fed2025/bludgertrack/leaders.htm?,Australia
Resolve Strategic,2024-04-20 00:00:00,1610.0,43.0,,48.0,https://www.pollbludger.net/fed2025/bludgertrack/leaders.htm?,Australia
Resolve Strategic,2024-05-18 00:00:00,1610.0,39.0,,49.0,https://www.pollbludger.net/fed2025/bludgertrack/leaders.htm?,Australia
Resolve Strategic,2024-06-15 00:00:00,1607.0,37.0,,51.0,https://www.pollbludger.net/fed2025/bludgertrack/leaders.htm?,Australia
Resolve Strategic,2024-07-13 00:00:00,1603.0,32.0,,54.0,https://www.pollbludger.net/fed2025/bludgertrack/leaders.htm?,Australia
Resolve Strategic,2024-08-10 00:00:00,1607.0,34.0,,48.0,https://www.pollbludger.net/fed2025/bludgertrack/leaders.htm?,Australia
Resolve Strategic,2024-09-06 00:00:00,1614.0,35.0,,41.0,https://www.pollbludger.net/fed2025/bludgertrack/leaders.htm?,Australia
Resolve Strategic,2024-10-04 00:00:00,1606.0,35.0,,52.0,https://www.pollbludger.net/fed2025/bludgertrack/leaders.htm?,Australia
Resolve Strategic,2024-11-08 00:00:00,1621.0,37.0,,51.0,https://www.pollbludger.net/fed2025/bludgertrack/leaders.htm?,Australia
Resolve Strategic,2024-12-07 00:00:00,1601.0,34.0,,57.0,https://www.pollbludger.net/fed2025/bludgertrack/leaders.htm?,Australia
Resolve Strategic,2025-01-20 00:00:00,1616.0,33.0,,55.0,https://www.pollbludger.net/fed2025/bludgertrack/leaders.htm?,Australia
Resolve Strategic,2025-02-22 00:00:00,1506.0,34.0,,56.0,https://www.pollbludger.net/fed2025/bludgertrack/leaders.htm?,Australia
Resolve Strategic,2025-03-29 00:00:00,3237.0,39.0,,49.0,https://www.pollbludger.net/fed2025/bludgertrack/leaders.htm?,Australia
Resolve Strategic,2025-04-12 00:00:00,1642.0,45.0,,43.0,https://www.pollbludger.net/fed2025/bludgertrack/leaders.htm?,Australia
Resolve Strategic,2025-04-27 00:00:00,2010.0,46.0,,44.0,https://www.pollbludger.net/fed2025/bludgertrack/leaders.htm?,Australia
Resolve Strategic,2025-08-16 00:00:00,1800.0,43.0,,45.0,https://www.pollbludger.net/fed2028/bludgertrack/leaders.htm?,Australia
Resolve Strategic,2025-09-13 00:00:00,1800.0,44.0,,45.0,https://www.pollbludger.net/fed2028/bludgertrack/leaders.htm?,Australia
Resolve Strategic,2025-10-12 00:00:00,1800.0,41.0,,47.0,https://www.pollbludger.net/fed2028/bludgertrack/leaders.htm?,Australia
Resolve Strategic,2025-11-08 00:00:00,1804.0,44.0,,44.0,https://www.pollbludger.net/fed2028/bludgertrack/leaders.htm?,Australia
Resolve Strategic,2025-12-07 00:00:00,1800.0,48.0,,43.0,https://www.pollbludger.net/fed2028/bludgertrack/leaders.htm?,Australia
Resolve Strategic,2025-12-20 00:00:00,1010.0,40.0,,49.0,https://www.pollbludger.net/fed2028/bludgertrack/leaders.htm?,Australia
YouGov,2023-09-28 00:00:00,1519.0,45.0,,48.0,https://www.pollbludger.net/fed2025/bludgertrack/leaders.htm?,Australia
YouGov,2023-10-09 00:00:00,1582.0,45.0,,48.0,https://www.pollbludger.net/fed2025/bludgertrack/leaders.htm?,Australia
YouGov,2023-11-13 00:00:00,1582.0,43.0,,50.0,https://www.pollbludger.net/fed2025/bludgertrack/leaders.htm?,Australia
YouGov,2023-12-04 00:00:00,1555.0,39.0,,55.0,https://www.pollbludger.net/fed2025/bludgertrack/leaders.htm?,Australia
YouGov,2024-01-16 00:00:00,1532.0,40.0,,53.0,https://www.pollbludger.net/fed2025/bludgertrack/leaders.htm?,Australia
YouGov,2024-02-06 00:00:00,1502.0,39.0,,55.0,https://www.pollbludger.net/fed2025/bludgertrack/leaders.htm?,Australia
YouGov,2024-03-26 00:00:00,1513.0,41.0,,52.0,https://www.pollbludger.net/fed2025/bludgertrack/leaders.htm?,Australia
YouGov,2024-05-14 00:00:00,1531.0,41.0,,53.0,https://www.pollbludger.net/fed2025/bludgertrack/leaders.htm?,Australia
YouGov,2024-06-03 00:00:00,1500.0,41.0,,53.0,https://www.pollbludger.net/fed2025/bludgertrack/leaders.htm?,Australia
YouGov,2024-07-22 00:00:00,1528.0,42.0,,52.0,https://www.pollbludger.net/fed2025/bludgertrack/leaders.htm?,Australia
YouGov,2024-08-27 00:00:00,1543.0,41.0,,42.0,https://www.pollbludger.net/fed2025/bludgertrack/leaders.htm?,Australia
YouGov,2024-09-16 00:00:00,1619.0,36.0,,58.0,https://www.pollbludger.net/fed2025/bludgertrack/leaders.htm?,Australia
YouGov,2024-11-20 00:00:00,1515.0,36.0,,56.0,https://www.pollbludger.net/fed2025/bludgertrack/leaders.htm?,Australia
YouGov,2025-01-14 00:00:00,1504.0,40.0,,55.0,https://www.pollbludger.net/fed2025/bludgertrack/leaders.htm?,Australia
YouGov,2025-02-26 00:00:00,1501.0,40.0,,52.0,https://www.pollbludger.net/fed2025/bludgertrack/leaders.htm?,Australia
YouGov,2025-03-05 00:00:00,1504.0,42.0,,51.0,https://www.pollbludger.net/fed2025/bludgertrack/leaders.htm?,Australia
YouGov,2025-03-12 00:00:00,1526.0,43.0,,49.0,https://www.pollbludger.net/fed2025/bludgertrack/leaders.htm?,Australia
YouGov,2025-03-18 00:00:00,1500.0,41.0,,50.0,https://www.pollbludger.net/fed2025/bludgertrack/leaders.htm?,Australia
YouGov,2025-04-02 00:00:00,1622.0,44.0,,50.0,https://www.pollbludger.net/fed2025/bludgertrack/leaders.htm?,Australia
YouGov,2025-04-09 00:00:00,1505.0,45.0,,47.0,https://www.pollbludger.net/fed2025/bludgertrack/leaders.htm?,Australia
YouGov,2025-04-14 00:00:00,1506.0,43.0,,49.0,https://www.pollbludger.net/fed2025/bludgertrack/leaders.htm?,Australia
YouGov,2025-04-21 00:00:00,1500.0,44.0,,50.0,https://www.pollbludger.net/fed2025/bludgertrack/leaders.htm?,Australia
YouGov,2025-04-30 00:00:00,3003.0,43.0,,49.0,https://www.pollbludger.net/fed2025/bludgertrack/leaders.htm?,Australia
