Series,Date,Total Count,Positive,Neutral,Negative,Source,Country
ABACUSIMPRESSIONPM,2014-03-15 00:00:00,,28.0,27.0,46.0,http://abacusdata.ca/conservatives-and-liberals-end-2014-neck-and-neck-as-harpers-personal-numbers-improve/,Canada
ABACUSIMPRESSIONPM,2014-07-15 00:00:00,,29.0,27.0,44.0,http://abacusdata.ca/conservatives-and-liberals-end-2014-neck-and-neck-as-harpers-personal-numbers-improve/,Canada
ABACUSIMPRESSIONPM,2014-08-15 00:00:00,,28.0,27.0,45.0,http://abacusdata.ca/conservatives-and-liberals-end-2014-neck-and-neck-as-harpers-personal-numbers-improve/,Canada
ABACUSIMPRESSIONPM,2014-09-15 00:00:00,,29.0,28.0,43.0,http://abacusdata.ca/conservatives-and-liberals-end-2014-neck-and-neck-as-harpers-personal-numbers-improve/,Canada
ABACUSIMPRESSIONPM,2014-11-15 00:00:00,,32.0,30.0,39.0,http://abacusdata.ca/conservatives-and-liberals-end-2014-neck-and-neck-as-harpers-personal-numbers-improve/,Canada
ABACUSIMPRESSIONPM,2014-12-15 00:00:00,,34.0,29.0,38.0,http://abacusdata.ca/conservatives-and-liberals-end-2014-neck-and-neck-as-harpers-personal-numbers-improve/,Canada
ABACUSIMPRESSIONPM,2015-11-15 00:00:00,,56.0,,19.0,http://abacusdata.ca/government-approval-hits-new-high-of-56-as-house-rises/,Canada
ABACUSIMPRESSIONPM,2016-01-15 00:00:00,,57.0,,24.0,http://abacusdata.ca/canadian-politics-update-a-more-competitive-political-landscape/,Canada
ABACUSIMPRESSIONPM,2016-03-15 00:00:00,,55.0,,24.0,http://abacusdata.ca/canadian-politics-update-a-more-competitive-political-landscape/,Canada
ABACUSIMPRESSIONPM,2016-05-15 00:00:00,,55.0,,25.0,http://abacusdata.ca/canadian-politics-update-a-more-competitive-political-landscape/,Canada
ABACUSIMPRESSIONPM,2016-06-15 00:00:00,,55.0,,23.0,http://abacusdata.ca/canadian-politics-update-a-more-competitive-political-landscape/,Canada
ABACUSIMPRESSIONPM,2016-08-15 00:00:00,,59.0,,22.0,http://abacusdata.ca/canadian-politics-update-a-more-competitive-political-landscape/,Canada
ABACUSIMPRESSIONPM,2016-11-15 00:00:00,,57.0,,24.0,http://abacusdata.ca/canadian-politics-update-a-more-competitive-political-landscape/,Canada
ABACUSIMPRESSIONPM,2016-12-15 00:00:00,,52.0,,29.0,http://abacusdata.ca/canadian-politics-update-a-more-competitive-political-landscape/,Canada
ABACUSIMPRESSIONPM,2017-02-15 00:00:00,,51.0,,30.0,http://abacusdata.ca/canadian-politics-update-a-more-competitive-political-landscape/,Canada
ABACUSIMPRESSIONPM,2017-04-15 00:00:00,,46.0,,33.0,http://abacusdata.ca/canadian-politics-update-a-more-competitive-political-landscape/,Canada
ABACUSIMPRESSIONPM,2017-07-15 00:00:00,,49.0,,30.0,http://abacusdata.ca/canadian-politics-update-a-more-competitive-political-landscape/,Canada
ABACUSIMPRESSIONPM,2017-09-15 00:00:00,,47.0,,28.0,http://abacusdata.ca/canadian-politics-update-a-more-competitive-political-landscape/,Canada
ABACUSIMPRESSIONPM,2017-10-15 00:00:00,,48.0,,31.0,http://abacusdata.ca/canadian-politics-update-a-more-competitive-political-landscape/,Canada
ABACUSIMPRESSIONPM,2017-11-15 00:00:00,,48.0,,32.0,http://abacusdata.ca/liberals-and-conservatives-neck-and-neck-as-the-race-to-2019-takes-shape/,Canada
ABACUSIMPRESSIONPM,2018-01-15 00:00:00,,47.0,,31.0,http://abacusdata.ca/liberals-and-conservatives-neck-and-neck-as-the-race-to-2019-takes-shape/,Canada
ABACUSIMPRESSIONPM,2018-03-15 00:00:00,,39.0,,38.0,http://abacusdata.ca/liberals-and-conservatives-neck-and-neck-as-the-race-to-2019-takes-shape/,Canada
ABACUSIMPRESSIONPM,2018-07-15 00:00:00,,43.0,,36.0,http://abacusdata.ca/liberals-and-conservatives-neck-and-neck-as-the-race-to-2019-takes-shape/,Canada
ABACUSIMPRESSIONPM,2018-08-15 00:00:00,,43.0,,36.0,https://abacusdata.ca/2020beginspolling_liberalslead_canadianpolitics_abacusdata/,Canada
ABACUSIMPRESSIONPM,2018-09-15 00:00:00,,44.0,,37.0,https://abacusdata.ca/2020beginspolling_liberalslead_canadianpolitics_abacusdata/,Canada
ABACUSIMPRESSIONPM,2018-11-15 00:00:00,,43.0,,35.0,https://abacusdata.ca/2020beginspolling_liberalslead_canadianpolitics_abacusdata/,Canada
ABACUSIMPRESSIONPM,2018-12-15 00:00:00,,44.0,,37.0,https://abacusdata.ca/2020beginspolling_liberalslead_canadianpolitics_abacusdata/,Canada
ABACUSIMPRESSIONPM,2019-02-15 00:00:00,,41.0,,37.0,https://abacusdata.ca/2020beginspolling_liberalslead_canadianpolitics_abacusdata/,Canada
ABACUSIMPRESSIONPM,2019-03-15 00:00:00,,33.0,,47.0,https://abacusdata.ca/2020beginspolling_liberalslead_canadianpolitics_abacusdata/,Canada
ABACUSIMPRESSIONPM,2019-04-15 00:00:00,,32.0,,46.0,https://abacusdata.ca/2020beginspolling_liberalslead_canadianpolitics_abacusdata/,Canada
ABACUSIMPRESSIONPM,2019-05-15 00:00:00,,33.0,,47.0,https://abacusdata.ca/2020beginspolling_liberalslead_canadianpolitics_abacusdata/,Canada
ABACUSIMPRESSIONPM,2019-06-15 00:00:00,,35.0,,46.0,https://abacusdata.ca/2020beginspolling_liberalslead_canadianpolitics_abacusdata/,Canada
ABACUSIMPRESSIONPM,2019-07-15 00:00:00,,35.0,,46.0,https://abacusdata.ca/2020beginspolling_liberalslead_canadianpolitics_abacusdata/,Canada
ABACUSIMPRESSIONPM,2019-08-01 00:00:00,,36.0,,45.0,https://abacusdata.ca/2020beginspolling_liberalslead_canadianpolitics_abacusdata/,Canada
ABACUSIMPRESSIONPM,2019-08-15 00:00:00,,34.0,,45.0,https://abacusdata.ca/2020beginspolling_liberalslead_canadianpolitics_abacusdata/,Canada
ABACUSIMPRESSIONPM,2019-08-31 00:00:00,,35.0,,45.0,https://abacusdata.ca/2020beginspolling_liberalslead_canadianpolitics_abacusdata/,Canada
ABACUSIMPRESSIONPM,2019-09-10 00:00:00,,35.0,,46.0,https://abacusdata.ca/2020beginspolling_liberalslead_canadianpolitics_abacusdata/,Canada
ABACUSIMPRESSIONPM,2019-09-22 00:00:00,,31.0,,49.0,https://abacusdata.ca/2020beginspolling_liberalslead_canadianpolitics_abacusdata/,Canada
ABACUSIMPRESSIONPM,2019-09-26 00:00:00,,34.0,,47.0,https://abacusdata.ca/2020beginspolling_liberalslead_canadianpolitics_abacusdata/,Canada
ABACUSIMPRESSIONPM,2019-10-05 00:00:00,,35.0,,47.0,https://abacusdata.ca/2020beginspolling_liberalslead_canadianpolitics_abacusdata/,Canada
ABACUSIMPRESSIONPM,2019-11-15 00:00:00,,35.0,,45.0,https://abacusdata.ca/2020beginspolling_liberalslead_canadianpolitics_abacusdata/,Canada
ABACUSIMPRESSIONPM,2019-12-15 00:00:00,,36.0,,46.0,https://abacusdata.ca/2020beginspolling_liberalslead_canadianpolitics_abacusdata/,Canada
ABACUSIMPRESSIONPM,2020-01-09 00:00:00,,35.0,,44.0,https://abacusdata.ca/2020beginspolling_liberalslead_canadianpolitics_abacusdata/,Canada
ABACUSIMPRESSIONPM,2020-01-17 00:00:00,1500.0,36.0,,43.0,https://abacusdata.ca/2020beginspolling_liberalslead_canadianpolitics_abacusdata/,Canada
ABACUSIMPRESSIONPM,2020-02-15 00:00:00,,36.0,,43.0,https://abacusdata.ca/canadian-politics-poll-vote-june-2020-abacus-data/,Canada
ABACUSIMPRESSIONPM,2020-03-15 00:00:00,,32.0,,47.0,https://abacusdata.ca/canadian-politics-poll-vote-june-2020-abacus-data/,Canada
ABACUSIMPRESSIONPM,2020-05-01 00:00:00,,47.0,,31.0,https://abacusdata.ca/canadian-politics-poll-vote-june-2020-abacus-data/,Canada
ABACUSIMPRESSIONPM,2020-05-30 00:00:00,,47.0,,30.0,https://abacusdata.ca/canadian-politics-poll-vote-june-2020-abacus-data/,Canada
ABACUSIMPRESSIONPM,2020-06-21 00:00:00,2979.0,47.0,,31.0,https://abacusdata.ca/canadian-politics-poll-vote-june-2020-abacus-data/,Canada
ABACUSIMPRESSIONPM,2020-09-21 00:00:00,1500.0,40.0,,39.0,https://www.politico.com/news/2020/09/23/poll-trudeau-support-420066,Canada
ABACUSIMPRESSIONPM,2020-10-07 00:00:00,,40.0,,40.0,https://abacusdata.ca/horserace-tightens-vaccines-rollout-canadian-politics-abacus-data/,Canada
ABACUSIMPRESSIONPM,2020-11-13 00:00:00,,42.0,,36.0,https://abacusdata.ca/horserace-tightens-vaccines-rollout-canadian-politics-abacus-data/,Canada
ABACUSIMPRESSIONPM,2020-11-25 00:00:00,,42.0,,34.0,https://abacusdata.ca/horserace-tightens-vaccines-rollout-canadian-politics-abacus-data/,Canada
ABACUSIMPRESSIONPM,2020-12-20 00:00:00,,39.0,,37.0,https://abacusdata.ca/horserace-tightens-vaccines-rollout-canadian-politics-abacus-data/,Canada
ABACUSIMPRESSIONPM,2021-01-15 00:00:00,,39.0,,37.0,https://abacusdata.ca/horserace-tightens-vaccines-rollout-canadian-politics-abacus-data/,Canada
ABACUSIMPRESSIONPM,2021-02-03 00:00:00,3930.0,36.0,,42.0,https://abacusdata.ca/horserace-tightens-vaccines-rollout-canadian-politics-abacus-data/,Canada
ABACUSIMPRESSIONPM,2021-03-05 00:00:00,2000.0,37.0,,40.0,https://abacusdata.ca/liberals-regain-lead-brighten-mood-canada/,Canada
ABACUSIMPRESSIONPM,2021-03-17 00:00:00,2000.0,37.0,,38.0,https://abacusdata.ca/canada-mood-tentative-as-spring-arrives/,Canada
ABACUSIMPRESSIONPM,2021-03-30 00:00:00,2000.0,39.0,,40.0,https://abacusdata.ca/liberals-lead-by-8-otoole-negatives/,Canada
ABACUSIMPRESSIONPM,2021-04-14 00:00:00,1981.0,36.0,,39.0,https://abacusdata.ca/grim-mood-canadian-politics-liberals-lead-abacus-data/,Canada
ABACUSIMPRESSIONPM,2021-04-21 00:00:00,,40.0,,37.0,https://abacusdata.ca/liberals-conservatives-neck-and-neck-poll-canadian-politics/,Canada
ABACUSIMPRESSIONPM,2021-04-25 00:00:00,2201.0,37.0,,42.0,https://abacusdata.ca/liberals-conservatives-neck-and-neck-poll-canadian-politics/,Canada
ABACUSIMPRESSIONPM,2021-05-12 00:00:00,1500.0,39.0,,43.0,https://abacusdata.ca/liberals-conservatives-neck-and-neck-poll-canadian-politics/,Canada
ABACUSIMPRESSIONPM,2021-05-28 00:00:00,,38.0,,40.0,https://abacusdata.ca/party-leaders-canada-abacus-july-2021/,Canada
ABACUSIMPRESSIONPM,2021-06-01 00:00:00,,38.0,,41.0,https://abacusdata.ca/party-leaders-canada-abacus-july-2021/,Canada
ABACUSIMPRESSIONPM,2021-06-16 00:00:00,,39.0,,39.0,https://abacusdata.ca/party-leaders-canada-abacus-july-2021/,Canada
ABACUSIMPRESSIONPM,2021-06-21 00:00:00,2070.0,38.0,,41.0,https://abacusdata.ca/liberal-fortunes-improve-lead-by-10/,Canada
ABACUSIMPRESSIONPM,2021-06-30 00:00:00,1500.0,40.0,,39.0,https://abacusdata.ca/party-leaders-canada-abacus-july-2021/,Canada
ABACUSIMPRESSIONPM,2021-07-19 00:00:00,,40.0,,42.0,https://abacusdata.ca/election-2021-liberal-lead-shrinks/,Canada
ABACUSIMPRESSIONPM,2021-08-02 00:00:00,,40.0,,41.0,https://abacusdata.ca/election-2021-liberal-lead-shrinks/,Canada
ABACUSIMPRESSIONPM,2021-08-11 00:00:00,,41.0,,39.0,https://abacusdata.ca/election-2021-liberal-lead-shrinks/,Canada
ABACUSIMPRESSIONPM,2021-08-16 00:00:00,1500.0,40.0,,44.0,https://abacusdata.ca/election-2021-liberal-lead-shrinks/,Canada
ABACUSIMPRESSIONPM,2021-08-22 00:00:00,2000.0,39.0,,42.0,https://abacusdata.ca/what-canadians-think-about-the-leaders/,Canada
ABACUSIMPRESSIONPM,2021-08-29 00:00:00,2000.0,40.0,,43.0,https://abacusdata.ca/election-2021-liberals-conservatives-neck-and-neck/,Canada
ABACUSIMPRESSIONPM,2021-09-04 00:00:00,,38.0,,44.0,https://abacusdata.ca/election-2021-conservatives-liberals-tied/,Canada
ABACUSIMPRESSIONPM,2021-09-06 00:00:00,2875.0,38.0,,43.0,https://abacusdata.ca/election-2021-conservatives-liberals-tied/,Canada
ABACUSIMPRESSIONPM,2021-09-12 00:00:00,2000.0,40.0,,43.0,https://abacusdata.ca/election-2021-conservatives-liberals-tied-again/,Canada
ABACUSIMPRESSIONPM,2021-09-19 00:00:00,,39.0,,44.0,https://abacusdata.ca/new-government-poll-canadian-politics-abacus/,Canada
ABACUSIMPRESSIONPM,2021-10-20 00:00:00,2220.0,38.0,,44.0,https://abacusdata.ca/new-government-poll-canadian-politics-abacus/,Canada
ABACUSIMPRESSIONPM,2021-11-30 00:00:00,2025.0,40.0,,41.0,https://abacusdata.ca/throne-speech-canadian-politics-poll/,Canada
ABACUSIMPRESSIONPM,2022-01-12 00:00:00,2200.0,40.0,,42.0,https://abacusdata.ca/canadian-politics-omicron-january-2022/,Canada
ABACUSIMPRESSIONPM,2022-02-08 00:00:00,1500.0,36.0,,46.0,https://abacusdata.ca/canadian-politics-freedom-convoy-february-2022/,Canada
ABACUSIMPRESSIONPM,2022-02-22 00:00:00,5200.0,38.0,,43.0,https://abacusdata.ca/canadian-politics-emegencies-act-feb-2022/,Canada
ABACUSIMPRESSIONPM,2022-03-25 00:00:00,1500.0,36.0,,45.0,https://abacusdata.ca/canadian-politics-liberal-ndp-deal/,Canada
ABACUSIMPRESSIONPM,2022-04-09 00:00:00,2000.0,37.0,,44.0,https://abacusdata.ca/canadian-politics-april-2022-polling-update/,Canada
ABACUSIMPRESSIONPM,2022-05-06 00:00:00,,38.0,,43.0,https://abacusdata.ca/canadian-politics-may-2022-abacus-data/,Canada
ABACUSIMPRESSIONPM,2022-05-23 00:00:00,,36.0,,44.0,https://abacusdata.ca/canadian-politics-june-2022/,Canada
ABACUSIMPRESSIONPM,2022-05-30 00:00:00,,35.0,,48.0,,Canada
ABACUSIMPRESSIONPM,2022-06-09 00:00:00,1500.0,36.0,,45.0,https://abacusdata.ca/trust-and-disinformation-in-canada/,Canada
ABACUSIMPRESSIONPM,2022-06-24 00:00:00,3026.0,35.0,,46.0,https://abacusdata.ca/canadian-politics-june-2022/,Canada
ABACUSIMPRESSIONPM,2022-07-19 00:00:00,1500.0,34.0,,47.0,https://abacusdata.ca/canadian-politics-july-2022/,Canada
ABACUSIMPRESSIONPM,2022-07-28 00:00:00,2400.0,31.0,,51.0,https://abacusdata.ca/canadian-politics-july-2022-2/,Canada
ABACUSIMPRESSIONPM,2022-08-25 00:00:00,,30.0,,51.0,,Canada
ABACUSIMPRESSIONPM,2022-08-31 00:00:00,,32.0,,50.0,https://abacusdata.ca/canadian-politics-july-2022-2/,Canada
ABACUSIMPRESSIONPM,2022-09-14 00:00:00,1990.0,33.0,,48.0,https://abacusdata.ca/canadian-politics-september-2022-poilievre/,Canada
ABACUSIMPRESSIONPM,2022-10-26 00:00:00,1500.0,33.0,,49.0,https://abacusdata.ca/emergencies-act-inquiry-november-2022/,Canada
ABACUSIMPRESSIONPM,2022-11-30 00:00:00,1500.0,32.0,,48.0,https://abacusdata.ca/canadian-politics-november-2022/,Canada
ABACUSIMPRESSIONPM,2023-01-16 00:00:00,2099.0,31.0,,49.0,https://abacusdata.ca/canadian-politics-january-2023/,Canada
ABACUSIMPRESSIONPM,2023-01-30 00:00:00,1500.0,31.0,,50.0,https://abacusdata.ca/canadian-politics-polling-abacus-data-january-2023-2/,Canada
ABACUSIMPRESSIONPM,2023-02-18 00:00:00,4000.0,32.0,,48.0,https://abacusdata.ca/canadian-politics-polling-abacus-data-february-2023/,Canada
ABACUSIMPRESSIONPM,2023-03-23 00:00:00,,31.0,,51.0,https://abacusdata.ca/canadian-politics-polling-abacus-data-february-2023/,Canada
ABACUSIMPRESSIONPM,2023-05-23 00:00:00,,31.0,,50.0,https://abacusdata.ca/canadian-politics-polling-abacus-data-february-2023/,Canada
ABACUSIMPRESSIONPM,2023-06-23 00:00:00,,31.0,,52.0,https://abacusdata.ca/canadian-politics-polling-abacus-data-february-2023/,Canada
ABACUSIMPRESSIONPM,2023-07-23 00:00:00,,29.0,,51.0,https://abacusdata.ca/canadian-politics-polling-abacus-data-february-2023/,Canada
ABACUSIMPRESSIONPM,2023-08-23 00:00:00,,29.0,,53.0,https://abacusdata.ca/canadian-politics-polling-abacus-data-february-2023/,Canada
ABACUSIMPRESSIONPM,2023-09-23 00:00:00,1985.0,27.0,,56.0,https://abacusdata.ca/canadian-politics-polling-abacus-data-february-2023/,Canada
ABACUSIMPRESSIONPM,2023-10-23 00:00:00,1985.0,27.0,,55.0,https://abacusdata.ca/canadian-politics-polling-abacus-data-february-2023/,Canada
ABACUSIMPRESSIONPM,2023-11-01 00:00:00,,29.0,,53.0,https://abacusdata.ca/canadian-politics-poll-conservatives-lead-liberals-august-2024/,Canada
ABACUSIMPRESSIONPM,2023-11-12 00:00:00,,25.0,,58.0,https://abacusdata.ca/canadian-politics-poll-conservatives-lead-liberals-august-2024/,Canada
ABACUSIMPRESSIONPM,2023-11-28 00:00:00,,28.0,,56.0,https://abacusdata.ca/canadian-politics-poll-conservatives-lead-liberals-august-2024/,Canada
ABACUSIMPRESSIONPM,2023-12-12 00:00:00,,27.0,,55.0,https://abacusdata.ca/canadian-politics-poll-conservatives-lead-liberals-august-2024/,Canada
ABACUSIMPRESSIONPM,2024-01-09 00:00:00,,25.0,,59.0,https://abacusdata.ca/canadian-politics-poll-conservatives-lead-liberals-august-2024/,Canada
ABACUSIMPRESSIONPM,2024-01-23 00:00:00,,26.0,,57.0,https://abacusdata.ca/canadian-politics-poll-conservatives-lead-liberals-august-2024/,Canada
ABACUSIMPRESSIONPM,2024-02-07 00:00:00,,24.0,,57.0,https://abacusdata.ca/canadian-politics-poll-conservatives-lead-liberals-august-2024/,Canada
ABACUSIMPRESSIONPM,2024-02-22 00:00:00,,23.0,,59.0,https://abacusdata.ca/canadian-politics-poll-conservatives-lead-liberals-august-2024/,Canada
ABACUSIMPRESSIONPM,2024-03-07 00:00:00,,25.0,,58.0,https://abacusdata.ca/canadian-politics-poll-conservatives-lead-liberals-august-2024/,Canada
ABACUSIMPRESSIONPM,2024-03-21 00:00:00,,24.0,,58.0,https://abacusdata.ca/canadian-politics-poll-conservatives-lead-liberals-august-2024/,Canada
ABACUSIMPRESSIONPM,2024-04-09 00:00:00,,25.0,,58.0,https://abacusdata.ca/canadian-politics-poll-conservatives-lead-liberals-august-2024/,Canada
ABACUSIMPRESSIONPM,2024-04-16 00:00:00,,25.0,,57.0,https://abacusdata.ca/canadian-politics-poll-conservatives-lead-liberals-august-2024/,Canada
ABACUSIMPRESSIONPM,2024-04-29 00:00:00,,24.0,,58.0,https://abacusdata.ca/canadian-politics-poll-conservatives-lead-liberals-august-2024/,Canada
ABACUSIMPRESSIONPM,2024-05-15 00:00:00,,23.0,,56.0,https://abacusdata.ca/canadian-politics-poll-conservatives-lead-liberals-august-2024/,Canada
ABACUSIMPRESSIONPM,2024-05-21 00:00:00,,26.0,,58.0,https://abacusdata.ca/canadian-politics-poll-conservatives-lead-liberals-august-2024/,Canada
ABACUSIMPRESSIONPM,2024-06-13 00:00:00,,26.0,,59.0,https://abacusdata.ca/canadian-politics-poll-conservatives-lead-liberals-august-2024/,Canada
ABACUSIMPRESSIONPM,2024-06-26 00:00:00,,26.0,,58.0,https://abacusdata.ca/canadian-politics-poll-conservatives-lead-liberals-august-2024/,Canada
ABACUSIMPRESSIONPM,2024-07-10 00:00:00,,24.0,,59.0,https://abacusdata.ca/canadian-politics-poll-conservatives-lead-liberals-august-2024/,Canada
ABACUSIMPRESSIONPM,2024-07-23 00:00:00,,24.0,,59.0,https://abacusdata.ca/canadian-politics-poll-conservatives-lead-liberals-august-2024/,Canada
ABACUSIMPRESSIONPM,2024-08-07 00:00:00,1550.0,25.0,,58.0,https://abacusdata.ca/canadian-politics-poll-conservatives-lead-liberals-august-2024/,Canada
ABACUSIMPRESSIONPM,2024-08-18 00:00:00,,24.0,,59.0,https://abacusdata.ca/conservative-lead-by-21-canadian-politics/,Canada
ABACUSIMPRESSIONPM,2024-09-12 00:00:00,,22.0,,61.0,https://abacusdata.ca/conservative-lead-by-21-canadian-politics/,Canada
ABACUSIMPRESSIONPM,2024-09-26 00:00:00,,22.0,,60.0,https://abacusdata.ca/conservative-lead-by-21-canadian-politics/,Canada
ABACUSIMPRESSIONPM,2024-10-10 00:00:00,,23.0,,59.0,https://abacusdata.ca/conservative-lead-by-21-canadian-politics/,Canada
ABACUSIMPRESSIONPM,2024-10-22 00:00:00,,23.0,,60.0,https://abacusdata.ca/conservative-lead-by-21-canadian-politics/,Canada
ABACUSIMPRESSIONPM,2024-11-05 00:00:00,,23.0,,61.0,https://abacusdata.ca/conservative-lead-by-21-canadian-politics/,Canada
ABACUSIMPRESSIONPM,2024-11-20 00:00:00,,23.0,,61.0,https://abacusdata.ca/conservative-lead-by-21-canadian-politics/,Canada
ABACUSIMPRESSIONPM,2024-12-04 00:00:00,,23.0,,61.0,https://abacusdata.ca/conservative-lead-by-21-canadian-politics/,Canada
ABACUSIMPRESSIONPM,2024-12-16 00:00:00,,23.0,,61.0,https://abacusdata.ca/conservative-lead-by-21-canadian-politics/,Canada
ABACUSIMPRESSIONPM,2024-12-17 00:00:00,,20.0,,63.0,https://abacusdata.ca/conservative-lead-by-21-canadian-politics/,Canada
ABACUSIMPRESSIONPM,2025-01-09 00:00:00,,19.0,,64.0,https://abacusdata.ca/conservative-lead-by-21-canadian-politics/,Canada
ABACUSIMPRESSIONPM,2025-01-14 00:00:00,,19.0,,64.0,https://abacusdata.ca/conservative-lead-by-21-canadian-politics/,Canada
ABACUSIMPRESSIONPM,2025-01-26 00:00:00,2205.0,22.0,,61.0,https://abacusdata.ca/conservative-lead-by-21-canadian-politics/,Canada
ABACUSIMPRESSIONPM,2025-02-11 00:00:00,3000.0,23.0,,58.0,https://abacusdata.ca/canadian-politics-polling-february-2025/,Canada
ABACUSIMPRESSIONPM,2025-02-15 00:00:00,1500.0,26.0,,56.0,https://abacusdata.ca/canadian-politics-shifting-landscape-february-27/,Canada
ABACUSIMPRESSIONPM,2025-03-20 00:00:00,,40.0,,28.0,https://abacusdata.ca/abacus-data-poll-post-election-first-poll/,Canada
ABACUSIMPRESSIONPM,2025-03-25 00:00:00,,41.0,,30.0,https://abacusdata.ca/abacus-data-poll-post-election-first-poll/,Canada
ABACUSIMPRESSIONPM,2025-03-27 00:00:00,,42.0,,31.0,https://abacusdata.ca/abacus-data-poll-post-election-first-poll/,Canada
ABACUSIMPRESSIONPM,2025-04-03 00:00:00,,45.0,,30.0,https://abacusdata.ca/abacus-data-poll-post-election-first-poll/,Canada
ABACUSIMPRESSIONPM,2025-04-08 00:00:00,,49.0,,24.0,https://abacusdata.ca/abacus-data-poll-post-election-first-poll/,Canada
ABACUSIMPRESSIONPM,2025-04-10 00:00:00,,48.0,,28.0,https://abacusdata.ca/abacus-data-poll-post-election-first-poll/,Canada
ABACUSIMPRESSIONPM,2025-04-15 00:00:00,,45.0,,32.0,https://abacusdata.ca/abacus-data-poll-post-election-first-poll/,Canada
ABACUSIMPRESSIONPM,2025-04-21 00:00:00,,46.0,,33.0,https://abacusdata.ca/abacus-data-poll-post-election-first-poll/,Canada
ABACUSIMPRESSIONPM,2025-04-27 00:00:00,,46.0,,34.0,https://abacusdata.ca/abacus-data-poll-post-election-first-poll/,Canada
ABACUSIMPRESSIONPM,2025-05-05 00:00:00,,46.0,,29.0,https://abacusdata.ca/abacus-data-poll-post-election-first-poll/,Canada
ABACUSIMPRESSIONPM,2025-05-21 00:00:00,2273.0,49.0,,29.0,https://abacusdata.ca/abacus-data-poll-post-election-first-poll/,Canada
ABACUSIMPRESSIONPM,2025-06-05 00:00:00,2585.0,51.0,,27.0,https://abacusdata.ca/abacus-data-poll-optimism-direction-of-country-canada/,Canada
ABACUSIMPRESSIONPM,2025-06-19 00:00:00,1500.0,48.0,,29.0,https://abacusdata.ca/abacus-data-poll-52-think-the-carney-government-is-off-to-a-good-start-28-disagree/,Canada
ABACUSIMPRESSIONPM,2025-07-02 00:00:00,1500.0,49.0,,28.0,https://abacusdata.ca/abacus-data-poll-optimism-reaches-a-multi-year-high-as-canadians-ease-into-summer-carney-government-maintains-strong-support-but-vote-choice-remains-tight/,Canada
ABACUSIMPRESSIONPM,2025-07-15 00:00:00,,49.0,,28.0,https://abacusdata.ca/abacus-data-poll-conservatives-edge-ahead-as-cost-of-living-dominates-and-trump-fades/,Canada
ABACUSIMPRESSIONPM,2025-08-07 00:00:00,,48.0,,29.0,https://abacusdata.ca/abacus-data-poll-conservatives-edge-ahead-as-cost-of-living-dominates-and-trump-fades/,Canada
ABACUSIMPRESSIONPM,2025-08-19 00:00:00,1915.0,48.0,,30.0,https://abacusdata.ca/abacus-data-poll-conservatives-edge-ahead-as-cost-of-living-dominates-and-trump-fades/,Canada
ABACUSIMPRESSIONPM,2025-09-30 00:00:00,1504.0,46.0,,34.0,https://abacusdata.ca/abacus-data-poll-liberals-and-conservatives-locked-in-tight-race-as-cost-of-living-concerns-surge/,Canada
ABACUSIMPRESSIONPM,2025-10-15 00:00:00,4501.0,46.0,,31.0,https://abacusdata.ca/abacus-data-poll-political-deadlock-persists-as-carney-navigates-trump-and-trade-pressure/,Canada
ABACUSIMPRESSIONPM,2025-10-29 00:00:00,2922.0,46.0,,32.0,https://abacusdata.ca/abacus-data-poll-tight-race-continues-as-trumps-trade-talk-cancellation-adds-tension-ahead-of-budget/,Canada
ABACUSIMPRESSIONPM,2025-11-06 00:00:00,1916.0,45.0,,33.0,https://abacusdata.ca/abacus-data-poll-budget-lands-softly-as-political-deadlock-continues/,Canada
ABACUSIMPRESSIONPM,2026-01-27 00:00:00,2498.0,53.0,,30.0,https://abacusdata.ca/prime-minister-carney-approval-liberals-strengthen-ahead-conservative-convention/,Canada
ABACUSIMPRESSIONPM,2026-02-10 00:00:00,1915.0,51.0,,29.0,https://abacusdata.ca/new-abacus-poll-liberals-open-their-largest-lead-since-carney-became-leader-as-optimism-hits-multi-year-high/,Canada
ABACUSJOBPM,2026-02-26 00:00:00,1500.0,50.0,,30.0,https://abacusdata.ca/new-abacus-poll-liberal-lead-holds-after-floor-crossing-as-turnout-advantage-widens/,Canada
ABACUSJOBPM,2015-01-15 00:00:00,,35.0,,42.0,http://abacusdata.ca/how-do-we-feel-about-the-trudeau-government/,Canada
ABACUSJOBPM,2015-02-15 00:00:00,,37.0,,42.0,http://abacusdata.ca/how-do-we-feel-about-the-trudeau-government/,Canada
ABACUSJOBPM,2015-03-15 00:00:00,,31.0,,45.0,http://abacusdata.ca/how-do-we-feel-about-the-trudeau-government/,Canada
ABACUSJOBPM,2015-04-15 00:00:00,,35.0,,43.0,http://abacusdata.ca/how-do-we-feel-about-the-trudeau-government/,Canada
ABACUSJOBPM,2015-05-15 00:00:00,,32.0,,45.0,http://abacusdata.ca/how-do-we-feel-about-the-trudeau-government/,Canada
ABACUSJOBPM,2015-07-15 00:00:00,,32.0,,47.0,http://abacusdata.ca/how-do-we-feel-about-the-trudeau-government/,Canada
ABACUSJOBPM,2015-11-15 00:00:00,,51.0,,19.0,http://abacusdata.ca/how-do-we-feel-about-the-trudeau-government/,Canada
ABACUSJOBPM,2016-01-15 00:00:00,,53.0,,25.0,http://abacusdata.ca/how-do-we-feel-about-the-trudeau-government/,Canada
ABACUSJOBPM,2016-03-15 00:00:00,,52.0,,27.0,http://abacusdata.ca/federal-politics-more-competitive-reviews-of-trudeau-trump-meeting-ar-positive/,Canada
ABACUSJOBPM,2016-05-15 00:00:00,,54.0,,27.0,http://abacusdata.ca/federal-politics-more-competitive-reviews-of-trudeau-trump-meeting-ar-positive/,Canada
ABACUSJOBPM,2016-06-15 00:00:00,,56.0,,24.0,http://abacusdata.ca/federal-politics-more-competitive-reviews-of-trudeau-trump-meeting-ar-positive/,Canada
ABACUSJOBPM,2016-08-15 00:00:00,,57.0,,24.0,http://abacusdata.ca/federal-politics-more-competitive-reviews-of-trudeau-trump-meeting-ar-positive/,Canada
ABACUSJOBPM,2016-11-15 00:00:00,,55.0,,27.0,http://abacusdata.ca/federal-politics-more-competitive-reviews-of-trudeau-trump-meeting-ar-positive/,Canada
ABACUSJOBPM,2016-12-15 00:00:00,,50.0,,32.0,http://abacusdata.ca/federal-politics-more-competitive-reviews-of-trudeau-trump-meeting-ar-positive/,Canada
ABACUSJOBPM,2017-02-15 00:00:00,,49.0,,33.0,http://abacusdata.ca/federal-politics-more-competitive-reviews-of-trudeau-trump-meeting-ar-positive/,Canada
ABACUSJOBPM,2017-04-15 00:00:00,,46.0,,34.0,http://abacusdata.ca/canadian-politics-update-a-more-competitive-political-landscape/,Canada
ABACUSJOBPM,2017-06-15 00:00:00,,48.0,,34.0,http://abacusdata.ca/canadian-politics-update-a-more-competitive-political-landscape/,Canada
ABACUSJOBPM,2017-09-15 00:00:00,,47.0,,30.0,http://abacusdata.ca/canadian-politics-update-a-more-competitive-political-landscape/,Canada
ABACUSJOBPM,2017-10-15 00:00:00,,40.0,,38.0,http://abacusdata.ca/canadian-politics-update-a-more-competitive-political-landscape/,Canada
ABACUSJOBPM,2017-11-15 00:00:00,,47.0,,34.0,http://abacusdata.ca/canadian-politics-update-a-more-competitive-political-landscape/,Canada
ABACUSJOBPM,2018-01-15 00:00:00,,48.0,,33.0,http://abacusdata.ca/canadian-politics-update-a-more-competitive-political-landscape/,Canada
ABACUSJOBPM,2018-03-15 00:00:00,,42.0,,41.0,http://abacusdata.ca/canadian-politics-update-a-more-competitive-political-landscape/,Canada
ABACUSJOBPM,2018-07-15 00:00:00,,44.0,,39.0,http://abacusdata.ca/canadian-politics-update-a-more-competitive-political-landscape/,Canada
ABACUSJOBPM,2018-08-15 00:00:00,,44.0,,38.0,http://abacusdata.ca/assessment-of-the-trudeau-government-at-year-end/,Canada
ABACUSJOBPM,2018-09-15 00:00:00,,44.0,,37.0,http://abacusdata.ca/assessment-of-the-trudeau-government-at-year-end/,Canada
ABACUSJOBPM,2018-11-15 00:00:00,,45.0,,42.0,http://abacusdata.ca/assessment-of-the-trudeau-government-at-year-end/,Canada
ABACUSJOBPM,2018-12-18 00:00:00,2000.0,42.0,,39.0,http://abacusdata.ca/assessment-of-the-trudeau-government-at-year-end/,Canada
ABACUSJOBPM,2019-03-15 00:00:00,,34.0,,49.0,https://abacusdata.ca/liberal-support-post-throne-speech-2020/,Canada
ABACUSJOBPM,2019-04-15 00:00:00,,32.0,,48.0,https://abacusdata.ca/liberal-support-post-throne-speech-2020/,Canada
ABACUSJOBPM,2019-05-15 00:00:00,,33.0,,49.0,https://abacusdata.ca/liberal-support-post-throne-speech-2020/,Canada
ABACUSJOBPM,2019-06-15 00:00:00,,35.0,,47.0,https://abacusdata.ca/liberal-support-post-throne-speech-2020/,Canada
ABACUSJOBPM,2019-07-15 00:00:00,,35.0,,46.0,https://abacusdata.ca/liberal-support-post-throne-speech-2020/,Canada
ABACUSJOBPM,2019-08-15 00:00:00,,36.0,,45.0,https://abacusdata.ca/liberal-support-post-throne-speech-2020/,Canada
ABACUSJOBPM,2019-11-15 00:00:00,,37.0,,44.0,https://abacusdata.ca/liberal-support-post-throne-speech-2020/,Canada
ABACUSJOBPM,2019-12-15 00:00:00,,39.0,,43.0,https://abacusdata.ca/liberal-support-post-throne-speech-2020/,Canada
ABACUSJOBPM,2020-01-09 00:00:00,,38.0,,42.0,https://abacusdata.ca/liberal-support-post-throne-speech-2020/,Canada
ABACUSJOBPM,2020-05-01 00:00:00,,55.0,,23.0,https://abacusdata.ca/liberal-support-post-throne-speech-2020/,Canada
ABACUSJOBPM,2020-05-30 00:00:00,,58.0,,24.0,https://abacusdata.ca/liberal-support-post-throne-speech-2020/,Canada
ABACUSJOBPM,2020-06-21 00:00:00,2979.0,52.0,,31.0,https://abacusdata.ca/liberal-support-post-throne-speech-2020/,Canada
ABACUSJOBPM,2020-07-15 00:00:00,,48.0,,34.0,https://abacusdata.ca/liberal-support-post-throne-speech-2020/,Canada
ABACUSJOBPM,2020-07-15 00:00:00,,44.0,,38.0,https://abacusdata.ca/liberal-support-post-throne-speech-2020/,Canada
ABACUSJOBPM,2020-08-15 00:00:00,,45.0,,38.0,https://abacusdata.ca/liberal-support-post-throne-speech-2020/,Canada
ABACUSJOBPM,2020-09-03 00:00:00,,44.0,,38.0,https://abacusdata.ca/liberal-support-post-throne-speech-2020/,Canada
ABACUSJOBPM,2020-09-21 00:00:00,1500.0,46.0,,37.0,https://abacusdata.ca/liberal-support-post-throne-speech-2020/,Canada
ABACUSJOBPM,2020-09-29 00:00:00,,47.0,,37.0,https://abacusdata.ca/liberal-support-post-throne-speech-2020/,Canada
ABACUSJOBPM,2020-10-07 00:00:00,,45.0,,37.0,https://abacusdata.ca/horserace-tightens-vaccines-rollout-canadian-politics-abacus-data/,Canada
ABACUSJOBPM,2020-11-13 00:00:00,,47.0,,34.0,https://abacusdata.ca/horserace-tightens-vaccines-rollout-canadian-politics-abacus-data/,Canada
ABACUSJOBPM,2020-11-25 00:00:00,,48.0,,25.0,https://abacusdata.ca/horserace-tightens-vaccines-rollout-canadian-politics-abacus-data/,Canada
ABACUSJOBPM,2020-12-20 00:00:00,,45.0,,36.0,https://abacusdata.ca/horserace-tightens-vaccines-rollout-canadian-politics-abacus-data/,Canada
ABACUSJOBPM,2021-01-15 00:00:00,,44.0,,36.0,https://abacusdata.ca/horserace-tightens-vaccines-rollout-canadian-politics-abacus-data/,Canada
ABACUSJOBPM,2021-02-03 00:00:00,3930.0,40.0,,40.0,https://abacusdata.ca/horserace-tightens-vaccines-rollout-canadian-politics-abacus-data/,Canada
ABACUSJOBPM,2021-03-05 00:00:00,2000.0,40.0,,40.0,https://abacusdata.ca/liberals-regain-lead-brighten-mood-canada/,Canada
ABACUSJOBPM,2021-03-17 00:00:00,2000.0,41.0,,39.0,https://abacusdata.ca/liberals-conservatives-neck-and-neck-poll-canadian-politics/,Canada
ABACUSJOBPM,2021-03-30 00:00:00,2000.0,42.0,,39.0,https://abacusdata.ca/liberals-conservatives-neck-and-neck-poll-canadian-politics/,Canada
ABACUSJOBPM,2021-04-14 00:00:00,1981.0,41.0,,40.0,https://abacusdata.ca/liberals-conservatives-neck-and-neck-poll-canadian-politics/,Canada
ABACUSJOBPM,2021-04-21 00:00:00,,42.0,,38.0,https://abacusdata.ca/liberals-conservatives-neck-and-neck-poll-canadian-politics/,Canada
ABACUSJOBPM,2021-04-25 00:00:00,2201.0,41.0,,42.0,https://abacusdata.ca/liberals-conservatives-neck-and-neck-poll-canadian-politics/,Canada
ABACUSJOBPM,2021-05-12 00:00:00,1500.0,41.0,,41.0,https://abacusdata.ca/liberals-conservatives-neck-and-neck-poll-canadian-politics/,Canada
ABACUSJOBPM,2021-05-28 00:00:00,,43.0,,40.0,https://abacusdata.ca/liberal-fortunes-improve-lead-by-10/,Canada
ABACUSJOBPM,2021-06-01 00:00:00,,41.0,,38.0,https://abacusdata.ca/liberal-fortunes-improve-lead-by-10/,Canada
ABACUSJOBPM,2021-06-16 00:00:00,,40.0,,40.0,https://abacusdata.ca/liberal-fortunes-improve-lead-by-10/,Canada
ABACUSJOBPM,2021-06-21 00:00:00,2070.0,44.0,,38.0,https://abacusdata.ca/liberal-fortunes-improve-lead-by-10/,Canada
ABACUSJOBPM,2021-06-30 00:00:00,1500.0,46.0,,39.0,https://abacusdata.ca/election-2021-liberal-lead-shrinks/,Canada
ABACUSJOBPM,2021-07-19 00:00:00,,43.0,,40.0,https://abacusdata.ca/election-2021-liberal-lead-shrinks/,Canada
ABACUSJOBPM,2021-08-02 00:00:00,,43.0,,39.0,https://abacusdata.ca/election-2021-liberal-lead-shrinks/,Canada
ABACUSJOBPM,2021-08-11 00:00:00,,45.0,,37.0,https://abacusdata.ca/election-2021-liberal-lead-shrinks/,Canada
ABACUSJOBPM,2021-08-17 00:00:00,1500.0,44.0,,41.0,https://abacusdata.ca/election-2021-liberal-lead-shrinks/,Canada
ABACUSJOBPM,2021-10-20 00:00:00,2220.0,42.0,,43.0,https://abacusdata.ca/election-2021-liberal-lead-shrinks/,Canada
ABACUSJOBPM,2021-11-30 00:00:00,2025.0,44.0,,41.0,https://abacusdata.ca/throne-speech-canadian-politics-poll/,Canada
ABACUSJOBPM,2022-01-12 00:00:00,2200.0,44.0,,40.0,https://abacusdata.ca/canadian-politics-omicron-january-2022/,Canada
ABACUSJOBPM,2022-02-08 00:00:00,1500.0,38.0,,45.0,https://abacusdata.ca/canadian-politics-freedom-convoy-february-2022/,Canada
ABACUSJOBPM,2022-02-22 00:00:00,5200.0,39.0,15.0,46.0,https://abacusdata.ca/canadian-politics-emegencies-act-feb-2022/,Canada
ABACUSJOBPM,2022-03-25 00:00:00,1500.0,40.0,,,https://abacusdata.ca/canadian-politics-liberal-ndp-deal/,Canada
ABACUSJOBPM,2022-04-09 00:00:00,2000.0,41.0,,,https://abacusdata.ca/canadian-politics-april-2022-polling-update/,Canada
ABACUSJOBPM,2022-04-19 00:00:00,,42.0,,,,Canada
ABACUSJOBPM,2022-05-06 00:00:00,,41.0,,,https://abacusdata.ca/canadian-politics-may-2022-abacus-data/,Canada
ABACUSJOBPM,2022-05-24 00:00:00,,40.0,,,https://abacusdata.ca/canadian-politics-june-2022/,Canada
ABACUSJOBPM,2022-05-30 00:00:00,,39.0,,,,Canada
ABACUSJOBPM,2022-06-09 00:00:00,1500.0,40.0,,44.0,https://abacusdata.ca/trust-and-disinformation-in-canada/,Canada
ABACUSJOBPM,2022-06-24 00:00:00,3026.0,38.0,,45.0,https://abacusdata.ca/canadian-politics-june-2022/,Canada
ABACUSJOBPM,2022-07-19 00:00:00,1500.0,38.0,,46.0,https://abacusdata.ca/canadian-politics-july-2022/,Canada
ABACUSJOBPM,2022-07-28 00:00:00,2400.0,38.0,,51.0,https://abacusdata.ca/canadian-politics-july-2022-2/,Canada
ABACUSJOBPM,2022-08-25 00:00:00,,33.0,,51.0,,Canada
ABACUSJOBPM,2022-08-31 00:00:00,,36.0,,49.0,https://abacusdata.ca/canadian-politics-july-2022-2/,Canada
ABACUSJOBPM,2022-09-14 00:00:00,1990.0,37.0,,49.0,https://abacusdata.ca/canadian-politics-september-2022-poilievre/,Canada
ABACUSJOBPM,2022-10-26 00:00:00,1500.0,35.0,,47.0,https://abacusdata.ca/emergencies-act-inquiry-november-2022/,Canada
ABACUSJOBPM,2022-11-30 00:00:00,1500.0,36.0,,48.0,https://abacusdata.ca/canadian-politics-november-2022/,Canada
ABACUSJOBPM,2023-01-16 00:00:00,2099.0,34.0,,47.0,https://abacusdata.ca/canadian-politics-january-2023/,Canada
ABACUSJOBPM,2023-01-30 00:00:00,1500.0,34.0,,49.0,https://abacusdata.ca/canadian-politics-polling-abacus-data-january-2023-2/,Canada
ABACUSJOBPM,2023-02-18 00:00:00,4000.0,34.0,,48.0,https://abacusdata.ca/canadian-politics-polling-abacus-data-february-2023/,Canada
ABACUSJOBPM,2023-03-23 00:00:00,,33.0,,49.0,https://abacusdata.ca/canadian-politics-polling-abacus-data-february-2023/,Canada
ABACUSJOBPM,2023-05-23 00:00:00,,35.0,,49.0,https://abacusdata.ca/canadian-politics-polling-abacus-data-february-2023/,Canada
ABACUSJOBPM,2023-06-23 00:00:00,,35.0,,51.0,https://abacusdata.ca/canadian-politics-polling-abacus-data-february-2023/,Canada
ABACUSJOBPM,2023-07-23 00:00:00,,32.0,,54.0,https://abacusdata.ca/canadian-politics-polling-abacus-data-february-2023/,Canada
ABACUSJOBPM,2023-08-23 00:00:00,,31.0,,53.0,https://abacusdata.ca/canadian-politics-polling-abacus-data-february-2023/,Canada
ABACUSJOBPM,2023-09-23 00:00:00,1985.0,29.0,,57.0,https://abacusdata.ca/canadian-politics-polling-abacus-data-february-2023/,Canada
ABACUSJOBPM,2023-10-23 00:00:00,1985.0,27.0,,55.0,https://abacusdata.ca/canadian-politics-polling-abacus-data-february-2023/,Canada
ABACUSJOBPM,2023-11-23 00:00:00,2000.0,26.0,,58.0,https://abacusdata.ca/conservative-leads-grows-to-16-as-federal-government-approval-drops-4-abacus-poll/,Canada
ABACUSJOBPM,2023-12-23 00:00:00,1919.0,28.0,,56.0,https://abacusdata.ca/conservative-lead-drops-to-10-over-liberals/,Canada
ABACUSJOBPM,2024-01-09 00:00:00,1500.0,26.0,,58.0,https://abacusdata.ca/conservative-lead-by-17-over-liberals-abacus-data/,Canada
ABACUSJOBPM,2024-01-23 00:00:00,1500.0,28.0,,58.0,https://abacusdata.ca/canadian-politics-poll-conservatives-lead-liberals-august-2024/,Canada
ABACUSJOBPM,2024-02-07 00:00:00,,24.0,,59.0,https://abacusdata.ca/canadian-politics-poll-conservatives-lead-liberals-august-2024/,Canada
ABACUSJOBPM,2024-02-22 00:00:00,,24.0,,59.0,https://abacusdata.ca/canadian-politics-poll-conservatives-lead-liberals-august-2024/,Canada
ABACUSJOBPM,2024-03-07 00:00:00,,26.0,,58.0,https://abacusdata.ca/canadian-politics-poll-conservatives-lead-liberals-august-2024/,Canada
ABACUSJOBPM,2024-03-21 00:00:00,,26.0,,59.0,https://abacusdata.ca/canadian-politics-poll-conservatives-lead-liberals-august-2024/,Canada
ABACUSJOBPM,2024-04-09 00:00:00,,26.0,,60.0,https://abacusdata.ca/canadian-politics-poll-conservatives-lead-liberals-august-2024/,Canada
ABACUSJOBPM,2024-04-16 00:00:00,,26.0,,57.0,https://abacusdata.ca/canadian-politics-poll-conservatives-lead-liberals-august-2024/,Canada
ABACUSJOBPM,2024-04-29 00:00:00,,25.0,,60.0,https://abacusdata.ca/canadian-politics-poll-conservatives-lead-liberals-august-2024/,Canada
ABACUSJOBPM,2024-05-21 00:00:00,,27.0,,58.0,https://abacusdata.ca/canadian-politics-poll-conservatives-lead-liberals-august-2024/,Canada
ABACUSJOBPM,2024-06-13 00:00:00,,26.0,,60.0,https://abacusdata.ca/canadian-politics-poll-conservatives-lead-liberals-august-2024/,Canada
ABACUSJOBPM,2024-06-26 00:00:00,,28.0,,58.0,https://abacusdata.ca/canadian-politics-poll-conservatives-lead-liberals-august-2024/,Canada
ABACUSJOBPM,2024-07-10 00:00:00,,26.0,,60.0,https://abacusdata.ca/canadian-politics-poll-conservatives-lead-liberals-august-2024/,Canada
ABACUSJOBPM,2024-07-23 00:00:00,1500.0,25.0,,59.0,https://abacusdata.ca/canadian-politics-poll-conservatives-lead-liberals-august-2024/,Canada
ABACUSJOBPM,2024-08-07 00:00:00,1550.0,27.0,,57.0,https://abacusdata.ca/canadian-politics-poll-conservatives-lead-liberals-august-2024/,Canada
ABACUSJOBPM,2025-02-11 00:00:00,3000.0,27.0,,56.0,https://abacusdata.ca/canadian-politics-polling-february-2025/,Canada
ABACUSJOBPM,2025-03-20 00:00:00,,39.0,,25.0,https://abacusdata.ca/abacus-data-poll-post-election-first-poll/,Canada
ABACUSJOBPM,2025-03-25 00:00:00,,41.0,,25.0,https://abacusdata.ca/abacus-data-poll-post-election-first-poll/,Canada
ABACUSJOBPM,2025-04-08 00:00:00,,49.0,,24.0,https://abacusdata.ca/abacus-data-poll-post-election-first-poll/,Canada
ABACUSJOBPM,2025-05-21 00:00:00,2273.0,50.0,,24.0,https://abacusdata.ca/abacus-data-poll-post-election-first-poll/,Canada
ABACUSJOBPM,2025-06-05 00:00:00,2585.0,53.0,,23.0,https://abacusdata.ca/abacus-data-poll-optimism-direction-of-country-canada/,Canada
ABACUSJOBPM,2025-06-19 00:00:00,1500.0,52.0,,25.0,https://abacusdata.ca/abacus-data-poll-52-think-the-carney-government-is-off-to-a-good-start-28-disagree/,Canada
ABACUSJOBPM,2025-07-02 00:00:00,1500.0,52.0,,25.0,https://abacusdata.ca/abacus-data-poll-optimism-reaches-a-multi-year-high-as-canadians-ease-into-summer-carney-government-maintains-strong-support-but-vote-choice-remains-tight/,Canada
ABACUSJOBPM,2025-07-15 00:00:00,,52.0,,27.0,https://abacusdata.ca/abacus-data-poll-conservatives-edge-ahead-as-cost-of-living-dominates-and-trump-fades/,Canada
ABACUSJOBPM,2025-08-07 00:00:00,,50.0,,27.0,https://abacusdata.ca/abacus-data-poll-conservatives-edge-ahead-as-cost-of-living-dominates-and-trump-fades/,Canada
ABACUSJOBPM,2025-08-19 00:00:00,1915.0,49.0,,30.0,https://abacusdata.ca/abacus-data-poll-conservatives-edge-ahead-as-cost-of-living-dominates-and-trump-fades/,Canada
ABACUSJOBPM,2025-09-02 00:00:00,1500.0,45.0,,32.0,https://abacusdata.ca/abacus-data-poll-carneys-liberals-regain-lead-as-economy-woes-grow/,Canada
ABACUSJOBPM,2025-04-08 00:00:00,,41.0,,25.0,https://abacusdata.ca/new-year-same-deadlock-liberals-and-conservatives-tied-as-trump-re-emerges-and-voters-stay-cautious/,Canada
ABACUSJOBPM,2025-07-15 00:00:00,1915.0,52.0,,27.0,https://abacusdata.ca/new-year-same-deadlock-liberals-and-conservatives-tied-as-trump-re-emerges-and-voters-stay-cautious/,Canada
ABACUSJOBPM,2025-08-07 00:00:00,1686.0,50.0,,27.0,https://abacusdata.ca/abacus-data-poll-canadian-political-opinions-stable-as-trade-talks-continue/,Canada
ABACUSJOBPM,2025-08-19 00:00:00,1915.0,49.0,,30.0,https://abacusdata.ca/abacus-data-poll-conservatives-edge-ahead-as-cost-of-living-dominates-and-trump-fades/,Canada
ABACUSJOBPM,2025-09-02 00:00:00,1500.0,48.0,,30.0,https://abacusdata.ca/abacus-data-poll-carneys-liberals-regain-lead-as-economy-woes-grow/,Canada
ABACUSJOBPM,2025-09-17 00:00:00,2230.0,50.0,,30.0,https://abacusdata.ca/abacus-data-poll-crime-and-safety-rise-as-top-issue-as-parliament-resumes-liberals-and-conservatives-tied/,Canada
ABACUSJOBPM,2025-10-01 00:00:00,1504.0,46.0,,31.0,https://abacusdata.ca/abacus-data-poll-liberals-and-conservatives-locked-in-tight-race-as-cost-of-living-concerns-surge/,Canada
ABACUSJOBPM,2025-10-15 00:00:00,4501.0,48.0,,32.0,https://abacusdata.ca/abacus-data-poll-political-deadlock-persists-as-carney-navigates-trump-and-trade-pressure/,Canada
ABACUSJOBPM,2025-10-29 00:00:00,2922.0,47.0,,34.0,https://abacusdata.ca/abacus-data-poll-tight-race-continues-as-trumps-trade-talk-cancellation-adds-tension-ahead-of-budget/,Canada
ABACUSJOBPM,2025-11-06 00:00:00,1916.0,44.0,,34.0,https://abacusdata.ca/abacus-data-poll-budget-lands-softly-as-political-deadlock-continues/,Canada
ABACUSJOBPM,2025-11-27 00:00:00,2421.0,48.0,,32.0,https://abacusdata.ca/abacus-data-poll-federal-liberals-gain-a-bit-of-ground-post-budget-but-stalemate-holds/,Canada
ABACUSJOBPM,2025-12-10 00:00:00,,47.0,,35.0,https://abacusdata.ca/new-year-same-deadlock-liberals-and-conservatives-tied-as-trump-re-emerges-and-voters-stay-cautious/,Canada
ABACUSJOBPM,2026-01-27 00:00:00,2498.0,54.0,,31.0,https://abacusdata.ca/prime-minister-carney-approval-liberals-strengthen-ahead-conservative-convention/,Canada
ABACUSJOBPM,2026-02-10 00:00:00,1915.0,52.0,,29.0,https://abacusdata.ca/new-abacus-poll-liberals-open-their-largest-lead-since-carney-became-leader-as-optimism-hits-multi-year-high/,Canada
ABACUSJOBPM,2026-02-26 00:00:00,1500.0,52.0,,30.0,https://abacusdata.ca/new-abacus-poll-liberal-lead-holds-after-floor-crossing-as-turnout-advantage-widens/,Canada
ANGUSREID,1991-01-24 00:00:00,,26.4,,73.6,https://search2.odesi.ca/#/details?uri=%2Fodesi%2Fir-1-555-18-E-1991-01.xml,Canada
ANGUSREID,1991-02-15 00:00:00,1500.0,21.7,,77.3,https://search2.odesi.ca/#/details?uri=%2Fodesi%2Fir-1-555-19-E-1991-02.xml,Canada
ANGUSREID,1991-03-21 00:00:00,1447.0,21.2,,78.8,https://search2.odesi.ca/#/details?uri=%2Fodesi%2Fir-1-555-20-E-1991-03.xml,Canada
ANGUSREID,1991-06-06 00:00:00,1425.0,17.3,,82.7,https://search2.odesi.ca/#/details?uri=%2Fodesi%2Fir-1-555-21-E-1991-05.xml,Canada
ANGUSREID,1991-08-13 00:00:00,1420.0,20.0,,80.0,https://search2.odesi.ca/#/details?uri=%2Fodesi%2Fir-1-555-22-E-1991-07.xml,Canada
ANGUSREID,1991-10-31 00:00:00,1447.0,18.2,,81.8,https://search2.odesi.ca/#/details?uri=%2Fodesi%2Fir-1-555-24-E-1991-10.xml,Canada
ANGUSREID,1991-11-28 00:00:00,1449.0,17.9,,82.1,https://search2.odesi.ca/#/details?uri=%2Fodesi%2Fir-1-555-25-E-1991-11.xml,Canada
ANGUSREID,1991-12-07 00:00:00,1423.0,16.9,,83.1,https://search2.odesi.ca/#/details?uri=%2Fodesi%2Fir-1-555-26-E-1991-12.xml,Canada
ANGUSREID,1992-01-10 00:00:00,1667.0,14.9,,71.7,https://search2.odesi.ca/#/details?uri=%2Fodesi%2Fir-1-555-27-E-1992-01.xml,Canada
ANGUSREID,1992-02-15 00:00:00,1442.0,15.7,,84.3,https://search2.odesi.ca/#/details?uri=%2Fodesi%2Fir-1-555-28-E-1992-02.xml,Canada
ANGUSREID,1992-03-27 00:00:00,1443.0,19.1,,80.9,https://search2.odesi.ca/#/details?uri=%2Fodesi%2Fir-1-555-29-E-1992-03.xml,Canada
ANGUSREID,1992-05-26 00:00:00,1393.0,23.0,,77.0,https://search2.odesi.ca/#/details?uri=%2Fodesi%2Fir-1-555-31-E-1992-05.xml,Canada
ANGUSREID,1992-06-29 00:00:00,1414.0,22.7,,77.3,https://search2.odesi.ca/#/details?uri=%2Fodesi%2Fir-1-555-32-E-1992-06.xml,Canada
ANGUSREID,1992-07-31 00:00:00,1416.0,22.5,,77.5,https://search2.odesi.ca/#/details?uri=%2Fodesi%2Fir-1-555-33-E-1992-07.xml,Canada
ANGUSREID,1992-08-31 00:00:00,1417.0,23.6,,76.4,https://search2.odesi.ca/#/details?uri=%2Fodesi%2Fir-1-555-34-E-1992-08.xml,Canada
ANGUSREID,1992-10-31 00:00:00,1338.0,20.4,,79.6,https://search2.odesi.ca/#/details?uri=%2Fodesi%2Fir-1-555-36-E-1992-10.xml,Canada
ANGUSREID,1992-11-07 00:00:00,1402.0,17.8,,82.2,https://search2.odesi.ca/#/details?uri=%2Fodesi%2Fir-1-555-37-E-1992-11.xml,Canada
ANGUSREID,1993-02-28 00:00:00,1385.0,25.6,,74.4,https://search2.odesi.ca/#/details?uri=%2Fodesi%2Fir-1-555-41-E-1993-02.xml,Canada
ANGUSREID,1993-06-28 00:00:00,1143.0,57.9,,42.1,https://search2.odesi.ca/#/details?uri=%2Fodesi%2Fir-1-555-45-E-1993-06.xml,Canada
ANGUSREID,1993-07-31 00:00:00,1182.0,67.0,,33.0,https://search2.odesi.ca/#/details?uri=%2Fodesi%2Fir-1-555-46-E-1993-07.xml,Canada
ANGUSREID,1994-04-27 00:00:00,1358.0,74.7,,25.3,https://search2.odesi.ca/#/details?uri=%2Fodesi%2Fir-1-555-57-E-1994-04.xml,Canada
ANGUSREID,1994-10-01 00:00:00,1385.0,76.6,,23.4,https://search2.odesi.ca/#/details?uri=%2Fodesi%2Fir-1-555-62-E-1994-09.xml,Canada
ANGUSREID,1995-03-23 00:00:00,1401.0,74.2,,25.8,https://search2.odesi.ca/#/details?uri=%2Fodesi%2Fir-1-555-71-E-1995-03.xml,Canada
ANGUSREID,1995-11-01 00:00:00,1435.0,65.4,,34.6,https://search2.odesi.ca/#/details?uri=%2Fodesi%2Fir-1-555-79-E-1995-11.xml,Canada
ANGUSREID,2007-01-10 00:00:00,1201.0,54.0,,44.0,AngusReidStrategies,Canada
ANGUSREID,2007-03-07 00:00:00,1000.0,37.0,,41.0,AngusReidStrategies,Canada
ANGUSREID,2007-03-14 00:00:00,1000.0,40.0,,39.0,AngusReidStrategies,Canada
ANGUSREID,2007-03-28 00:00:00,1000.0,40.0,,39.0,AngusReidStrategies,Canada
ANGUSREID,2007-04-20 00:00:00,1009.0,34.0,,43.0,AngusReidStrategies,Canada
ANGUSREID,2007-05-23 00:00:00,1097.0,33.0,,47.0,AngusReidStrategies,Canada
ANGUSREID,2007-06-16 00:00:00,1079.0,31.0,,47.0,AngusReidStrategies,Canada
ANGUSREID,2007-07-16 00:00:00,1086.0,29.0,,47.0,AngusReidStrategies,Canada
ANGUSREID,2007-08-22 00:00:00,1066.0,31.0,,42.0,AngusReidStrategies,Canada
ANGUSREID,2007-10-15 00:00:00,1050.0,29.0,,45.0,AngusReidStrategies,Canada
ANGUSREID,2007-12-15 00:00:00,1050.0,30.0,,45.0,AngusReidStrategies,Canada
ANGUSREID,2008-02-15 00:00:00,1050.0,34.0,,46.0,AngusReidStrategies,Canada
ANGUSREID,2008-03-15 00:00:00,1050.0,33.0,,44.0,AngusReidStrategies,Canada
ANGUSREID,2008-04-15 00:00:00,1050.0,33.0,,40.0,AngusReidStrategies,Canada
ANGUSREID,2009-10-15 00:00:00,,34.0,,,CIDGallupend2009.pdf,Canada
ANGUSREID,2010-08-15 00:00:00,,31.0,,61.0,http://angusreid.org/trudeau-tracker/,Canada
ANGUSREID,2014-02-16 00:00:00,1514.0,36.0,,57.0,http://www.cbc.ca/news2/interactives/leadermeter/index.html#hilo,Canada
ANGUSREID,2014-03-09 00:00:00,6445.0,29.0,,56.0,http://www.cbc.ca/news2/interactives/leadermeter/index.html#hilo,Canada
ANGUSREID,2014-04-15 00:00:00,1505.0,38.0,,55.0,http://www.cbc.ca/news2/interactives/leadermeter/index.html#hilo,Canada
ANGUSREID,2014-05-23 00:00:00,1503.0,36.0,,58.0,http://www.cbc.ca/news2/interactives/leadermeter/index.html#hilo,Canada
ANGUSREID,2014-06-12 00:00:00,6264.0,38.0,,56.0,http://www.cbc.ca/news2/interactives/leadermeter/index.html#hilo,Canada
ANGUSREID,2014-09-19 00:00:00,1502.0,39.0,,54.0,http://www.cbc.ca/news2/interactives/leadermeter/index.html#hilo,Canada
ANGUSREID,2014-12-13 00:00:00,6325.0,42.0,,53.0,http://www.cbc.ca/news2/interactives/leadermeter/index.html#hilo,Canada
ANGUSREID,2015-03-15 00:00:00,,45.0,,45.0,http://angusreid.org/trudeau-tracker/,Canada
ANGUSREID,2015-06-07 00:00:00,6005.0,37.0,,57.0,http://www.cbc.ca/news2/interactives/leadermeter/index.html#hilo,Canada
ANGUSREID,2015-08-15 00:00:00,,46.0,,44.0,http://angusreid.org/trudeau-tracker/,Canada
ANGUSREID,2015-11-27 00:00:00,5294.0,63.0,,29.0,http://www.cbc.ca/news2/interactives/leadermeter/index.html#hilo,Canada
ANGUSREID,2016-02-10 00:00:00,5867.0,61.0,,32.0,http://www.cbc.ca/news2/interactives/leadermeter/index.html#hilo,Canada
ANGUSREID,2016-05-15 00:00:00,,61.0,,33.0,http://angusreid.org/federal-issues-february2020/,Canada
ANGUSREID,2016-06-16 00:00:00,1519.0,63.0,,33.0,http://www.cbc.ca/news2/interactives/leadermeter/index.html#hilo,Canada
ANGUSREID,2016-09-11 00:00:00,4629.0,65.0,,30.0,http://www.cbc.ca/news2/interactives/leadermeter/index.html#hilo,Canada
ANGUSREID,2016-12-12 00:00:00,5128.0,55.0,,41.0,http://www.cbc.ca/news2/interactives/leadermeter/index.html#hilo,Canada
ANGUSREID,2017-03-13 00:00:00,5404.0,54.0,,41.0,http://www.cbc.ca/news2/interactives/leadermeter/index.html#hilo,Canada
ANGUSREID,2017-06-12 00:00:00,5406.0,54.0,,42.0,http://www.cbc.ca/news2/interactives/leadermeter/index.html#hilo,Canada
ANGUSREID,2017-09-19 00:00:00,5466.0,50.0,,45.0,http://www.cbc.ca/news2/interactives/leadermeter/index.html#hilo,Canada
ANGUSREID,2017-12-14 00:00:00,1044.0,46.0,,49.0,http://www.cbc.ca/news2/interactives/leadermeter/index.html#hilo,Canada
ANGUSREID,2018-03-15 00:00:00,5423.0,40.0,,56.0,http://www.cbc.ca/news2/interactives/leadermeter/index.html#hilo,Canada
ANGUSREID,2018-06-14 00:00:00,1023.0,52.0,,41.0,http://www.cbc.ca/news2/interactives/leadermeter/index.html#hilo,Canada
ANGUSREID,2018-12-18 00:00:00,3239.0,35.0,,58.0,http://angusreid.org/wp-content/uploads/2018/12/2018.12.18-federal-politics.pdf,Canada
ANGUSREID,2019-03-25 00:00:00,5807.0,35.0,,65.0,http://www.cbc.ca/news2/interactives/leadermeter/index.html#hilo,Canada
ANGUSREID,2019-06-04 00:00:00,1525.0,33.0,,64.0,http://www.cbc.ca/news2/interactives/leadermeter/index.html#hilo,Canada
ANGUSREID,2019-07-12 00:00:00,2361.0,32.0,,61.0,http://www.cbc.ca/news2/interactives/leadermeter/index.html#hilo,Canada
ANGUSREID,2019-09-23 00:00:00,1523.0,33.0,,61.0,http://www.cbc.ca/news2/interactives/leadermeter/index.html#hilo,Canada
ANGUSREID,2019-12-11 00:00:00,4516.0,36.0,,61.0,http://www.cbc.ca/news2/interactives/leadermeter/index.html#hilo,Canada
ANGUSREID,2020-01-15 00:00:00,,43.0,,51.0,http://angusreid.org/wp-content/uploads/2020/03/2020.03.02_Federal-1.pdf,Canada
ANGUSREID,2020-01-24 00:00:00,1559.0,50.0,,48.0,http://angusreid.org/wp-content/uploads/2021/01/2021.01.26_VoteIntent.pdf,Canada
ANGUSREID,2020-02-28 00:00:00,5043.0,33.0,,64.0,http://angusreid.org/wp-content/uploads/2020/03/2020.03.02_Federal-1.pdf,Canada
ANGUSREID,2020-04-15 00:00:00,,54.0,,44.0,http://angusreid.org/wp-content/uploads/2020/07/2020.07.13_Trudeau-Approval.pdf,Canada
ANGUSREID,2020-05-15 00:00:00,,55.0,,44.0,http://angusreid.org/wp-content/uploads/2020/07/2020.07.13_Trudeau-Approval.pdf,Canada
ANGUSREID,2020-07-11 00:00:00,1503.0,50.0,,48.0,http://angusreid.org/wp-content/uploads/2020/07/2020.07.13_Trudeau-Approval.pdf,Canada
ANGUSREID,2020-07-24 00:00:00,1519.0,44.0,,54.0,http://angusreid.org/trudeau-approval-we-charity/,Canada
ANGUSREID,2020-09-20 00:00:00,5005.0,45.0,,52.0,http://angusreid.org/federal-politics-september-2020/,Canada
ANGUSREID,2020-10-10 00:00:00,,35.0,,61.0,http://angusreid.org/trudeau-tracker/,Canada
ANGUSREID,2020-11-09 00:00:00,1602.0,49.0,,49.0,http://angusreid.org/federal-politics-covid-november/,Canada
ANGUSREID,2020-11-30 00:00:00,5003.0,50.0,,47.0,http://angusreid.org/wp-content/uploads/2020/12/2020.12.02_FederalPolitics-December.pdf,Canada
ANGUSREID,2021-02-15 00:00:00,,45.0,,52.0,https://angusreid.org/trudeau-tracker/,Canada
ANGUSREID,2021-02-19 00:00:00,1987.0,45.0,,52.0,https://angusreid.org/wp-content/uploads/2021/02/2021.02.19_Federal_Feb.pdf,Canada
ANGUSREID,2021-03-03 00:00:00,5004.0,45.0,,52.0,https://angusreid.org/federal-politics-conservative-leadership/,Canada
ANGUSREID,2021-03-15 00:00:00,,45.0,,52.0,https://angusreid.org/trudeau-tracker/,Canada
ANGUSREID,2021-04-15 00:00:00,,41.0,,55.0,https://angusreid.org/trudeau-tracker/,Canada
ANGUSREID,2021-04-25 00:00:00,2008.0,41.0,,55.0,https://angusreid.org/federal-politics-budget-2021/,Canada
ANGUSREID,2021-06-15 00:00:00,,45.0,,53.0,https://angusreid.org/trudeau-tracker/,Canada
ANGUSREID,2021-07-15 00:00:00,,40.0,,56.0,https://angusreid.org/trudeau-tracker/,Canada
ANGUSREID,2021-08-15 00:00:00,,40.0,,56.0,https://angusreid.org/trudeau-tracker/,Canada
ANGUSREID,2021-09-15 00:00:00,,36.0,,61.0,https://angusreid.org/trudeau-tracker/,Canada
ANGUSREID,2021-10-15 00:00:00,,41.0,,56.0,https://angusreid.org/trudeau-tracker/,Canada
ANGUSREID,2021-11-15 00:00:00,,38.0,,54.0,https://angusreid.org/trudeau-tracker/,Canada
ANGUSREID,2022-01-15 00:00:00,,42.0,,53.0,https://angusreid.org/trudeau-tracker/,Canada
ANGUSREID,2022-02-15 00:00:00,,40.0,,57.0,https://angusreid.org/trudeau-tracker/,Canada
ANGUSREID,2022-03-15 00:00:00,,39.0,,57.0,https://angusreid.org/trudeau-tracker/,Canada
ANGUSREID,2022-07-15 00:00:00,,38.0,,52.0,https://angusreid.org/trudeau-tracker/,Canada
ANGUSREID,2022-09-15 00:00:00,,40.0,,56.0,https://angusreid.org/trudeau-tracker/,Canada
ANGUSREID,2022-12-15 00:00:00,,43.0,,54.0,https://angusreid.org/trudeau-tracker/,Canada
ANGUSREID,2023-03-15 00:00:00,4899.0,37.0,,57.0,https://angusreid.org/trudeau-tracker/,Canada
ANGUSREID,2023-05-15 00:00:00,,40.0,,55.0,https://angusreid.org/trudeau-tracker/,Canada
ANGUSREID,2023-06-03 00:00:00,3885.0,36.0,,59.0,https://angusreid.org/trudeau-tracker/,Canada
ANGUSREID,2023-08-11 00:00:00,1606.0,39.0,,57.0,https://angusreid.org/federal-politics-august-2023-justin-trudeau-pierre-poilievre-liberals-conservatives/,Canada
ANGUSREID,2023-09-06 00:00:00,3400.0,33.0,,63.0,https://angusreid.org/federal-politics-august-2023-justin-trudeau-pierre-poilievre-liberals-conservatives/,Canada
ANGUSREID,2023-10-13 00:00:00,,31.0,,64.0,https://angusreid.org/federal-politics-august-2023-justin-trudeau-pierre-poilievre-liberals-conservatives/,Canada
ANGUSREID,2023-12-15 00:00:00,,30.0,4.0,66.0,https://angusreid.org/federal-politics-august-2023-justin-trudeau-pierre-poilievre-liberals-conservatives/,Canada
ANGUSREID,2024-03-15 00:00:00,,32.0,5.0,63.0,https://angusreid.org/federal-politics-august-2023-justin-trudeau-pierre-poilievre-liberals-conservatives/,Canada
ANGUSREID,2024-04-15 00:00:00,,28.0,5.0,66.0,https://angusreid.org/federal-politics-august-2023-justin-trudeau-pierre-poilievre-liberals-conservatives/,Canada
ANGUSREID,2024-06-15 00:00:00,,28.0,5.0,67.0,https://angusreid.org/federal-politics-august-2023-justin-trudeau-pierre-poilievre-liberals-conservatives/,Canada
ANGUSREID,2024-09-15 00:00:00,,30.0,5.0,65.0,https://angusreid.org/trudeau-tracker/,Canada
ANGUSREID,2024-10-15 00:00:00,,29.0,4.0,67.0,https://angusreid.org/trudeau-tracker/,Canada
ANGUSREID,2024-11-14 00:00:00,,28.0,4.0,68.0,https://angusreid.org/trudeau-tracker/,Canada
ANGUSREID,2024-12-15 00:00:00,,22.0,4.0,74.0,https://angusreid.org/trudeau-tracker/,Canada
ANGUSREID,2025-02-15 00:00:00,,34.0,8.0,58.0,https://angusreid.org/trudeau-tracker/,Canada
ANGUSREID,2025-03-15 00:00:00,,47.0,5.0,49.0,https://angusreid.org/trudeau-tracker/,Canada
ANGUSREID,2025-04-14 00:00:00,,54.0,,39.0,https://angusreid.org/elbows-carney-approval-vote/,Canada
ANGUSREID,2025-06-03 00:00:00,,57.0,,29.0,https://angusreid.org/elbows-carney-approval-vote/,Canada
ANGUSREID,2025-08-05 00:00:00,,56.0,,34.0,https://angusreid.org/elbows-carney-approval-vote/,Canada
ANGUSREID,2025-09-04 00:00:00,,51.0,,41.0,https://angusreid.org/elbows-carney-approval-vote/,Canada
ANGUSREID,2025-09-05 00:00:00,,51.0,8.0,41.0,https://angusreid.org/wp-content/uploads/2025/09/2025.09.04_fed_carney_poli.pdf?utm_source=openai,Canada
ANGUSREID,2025-02-18 00:00:00,,46.0,17.0,37.0,https://angusreid.org/federal-politics-poilievre-favourability-hits-lowest-point-of-his-leadership-carney-approval/?utm_source=openai,Canada
ANGUSREID,2025-03-17 00:00:00,,50.0,15.0,35.0,https://angusreid.org/federal-politics-poilievre-favourability-hits-lowest-point-of-his-leadership-carney-approval/?utm_source=openai,Canada
ANGUSREID,2025-04-07 00:00:00,,55.0,7.0,38.0,https://angusreid.org/federal-politics-poilievre-favourability-hits-lowest-point-of-his-leadership-carney-approval/?utm_source=openai,Canada
ANGUSREID,2025-04-21 00:00:00,,54.0,,29.0,https://angusreid.org/carney-marker/,Canada
ANGUSREID,2025-04-26 00:00:00,,54.0,,41.0,https://angusreid.org/carney-marker/,Canada
ANGUSREID,2025-06-03 00:00:00,,57.0,,41.0,https://angusreid.org/carney-marker/,Canada
ANGUSREID,2025-08-05 00:00:00,,56.0,,29.0,https://angusreid.org/carney-marker/,Canada
ANGUSREID,2025-09-04 00:00:00,,51.0,,34.0,https://angusreid.org/carney-marker/,Canada
ANGUSREID,2025-09-22 00:00:00,,50.0,,41.0,https://angusreid.org/carney-marker/,Canada
ANGUSREID,2025-10-09 00:00:00,,50.0,,41.0,https://angusreid.org/carney-marker/,Canada
ANGUSREID,2025-11-07 00:00:00,,52.0,,42.0,https://angusreid.org/carney-marker/,Canada
ANGUSREID,2025-12-01 00:00:00,,52.0,,39.0,https://angusreid.org/carney-marker/,Canada
ANGUSREID,2026-01-26 00:00:00,,60.0,,34.0,https://angusreid.org/carney-marker/,Canada
ANGUSREIDFAV,2021-01-27 00:00:00,,50.0,,,https://angusreid.org/wp-content/uploads/2021/08/2021.08.30_Election_Week_3.pdf,Canada
ANGUSREIDFAV,2021-02-22 00:00:00,,45.0,,,https://angusreid.org/wp-content/uploads/2021/08/2021.08.30_Election_Week_3.pdf,Canada
ANGUSREIDFAV,2021-03-17 00:00:00,,45.0,,,https://angusreid.org/wp-content/uploads/2021/08/2021.08.30_Election_Week_3.pdf,Canada
ANGUSREIDFAV,2021-04-28 00:00:00,,41.0,,,https://angusreid.org/wp-content/uploads/2021/08/2021.08.30_Election_Week_3.pdf,Canada
ANGUSREIDFAV,2021-05-21 00:00:00,,43.0,,,https://angusreid.org/wp-content/uploads/2021/08/2021.08.30_Election_Week_3.pdf,Canada
ANGUSREIDFAV,2021-06-11 00:00:00,,45.0,,,https://angusreid.org/wp-content/uploads/2021/08/2021.08.30_Election_Week_3.pdf,Canada
ANGUSREIDFAV,2021-07-16 00:00:00,,40.0,,,https://angusreid.org/wp-content/uploads/2021/08/2021.08.30_Election_Week_3.pdf,Canada
ANGUSREIDFAV,2021-07-27 00:00:00,,38.0,,58.0,https://angusreid.org/federal-politics-august-2021/,Canada
ANGUSREIDFAV,2021-07-29 00:00:00,,37.0,,,https://angusreid.org/wp-content/uploads/2021/08/2021.08.30_Election_Week_3.pdf,Canada
ANGUSREIDFAV,2021-08-03 00:00:00,1605.0,38.0,,58.0,https://angusreid.org/wp-content/uploads/2021/08/2021.08.05_fed_politics_aug_2021_releasetables.pdf,Canada
ANGUSREIDFAV,2021-08-12 00:00:00,,40.0,,,https://angusreid.org/wp-content/uploads/2021/08/2021.08.30_Election_Week_3.pdf,Canada
ANGUSREIDFAV,2021-08-19 00:00:00,,40.0,,,https://angusreid.org/wp-content/uploads/2021/08/2021.08.30_Election_Week_3.pdf,Canada
ANGUSREIDFAV,2021-08-23 00:00:00,1692.0,38.0,,59.0,https://angusreid.org/wp-content/uploads/2021/08/2021.08.23_Federal_leaders_issues.pdf,Canada
ANGUSREIDFAV,2021-08-29 00:00:00,1639.0,34.0,,62.0,https://angusreid.org/wp-content/uploads/2021/08/2021.08.30_Election_Week_3.pdf,Canada
ANGUSREIDFAV,2021-09-06 00:00:00,1709.0,36.0,,61.0,https://angusreid.org/federal-election-pre-leaders-debate/,Canada
ANGUSREIDFAV,2024-04-15 00:00:00,,55.0,,45.0,https://angusreid.org/canada-party-leaders-historically-unpopular/?utm_source=openai,Canada
ANGUSREIDGOV,1994-03-22 00:00:00,1338.0,72.8,,27.2,https://search2.odesi.ca/#/details?uri=%2Fodesi%2Fir-1-555-56-E-1994-03.xml,Canada
ANGUSREIDGOV,1994-10-31 00:00:00,1403.0,73.8,,26.2,https://search2.odesi.ca/#/details?uri=%2Fodesi%2Fir-1-555-64-E-1994.xml,Canada
ANGUSREIDGOV,1995-01-23 00:00:00,1423.0,59.5,,40.5,https://search2.odesi.ca/#/details?uri=%2Fodesi%2Fir-1-555-68-E-1995-01.xml,Canada
ANGUSREIDGOV,1995-09-01 00:00:00,1444.0,67.5,,32.5,https://search2.odesi.ca/#/details?uri=%2Fodesi%2Fir-1-555-77-E-1995-09.xml,Canada
CAMPAIGNRESEARCHPM,2017-02-06 00:00:00,1457.0,39.0,15.0,46.0,http://www.cbc.ca/news2/interactives/leadermeter/index.html#sources,Canada
CAMPAIGNRESEARCHPM,2017-03-07 00:00:00,1886.0,51.0,15.0,34.0,http://www.cbc.ca/news2/interactives/leadermeter/index.html#sources,Canada
CAMPAIGNRESEARCHPM,2017-04-11 00:00:00,1970.0,48.0,14.0,38.0,http://www.cbc.ca/news2/interactives/leadermeter/index.html#sources,Canada
CAMPAIGNRESEARCHPM,2017-05-13 00:00:00,1969.0,53.0,14.0,33.0,http://www.cbc.ca/news2/interactives/leadermeter/index.html#sources,Canada
CAMPAIGNRESEARCHPM,2017-06-12 00:00:00,2767.0,50.0,15.0,35.0,http://www.cbc.ca/news2/interactives/leadermeter/index.html#sources,Canada
CAMPAIGNRESEARCHPM,2017-07-10 00:00:00,1540.0,49.0,13.0,38.0,http://www.cbc.ca/news2/interactives/leadermeter/index.html#sources,Canada
CAMPAIGNRESEARCHPM,2017-09-11 00:00:00,1770.0,52.0,12.0,36.0,http://www.cbc.ca/news2/interactives/leadermeter/index.html#sources,Canada
CAMPAIGNRESEARCHPM,2017-10-11 00:00:00,2002.0,46.0,16.0,38.0,http://www.cbc.ca/news2/interactives/leadermeter/index.html#sources,Canada
CAMPAIGNRESEARCHPM,2017-11-09 00:00:00,2616.0,46.0,16.0,38.0,http://www.cbc.ca/news2/interactives/leadermeter/index.html#sources,Canada
CAMPAIGNRESEARCHPM,2018-01-11 00:00:00,1887.0,47.0,13.0,40.0,http://www.cbc.ca/news2/interactives/leadermeter/index.html#sources,Canada
CAMPAIGNRESEARCHPM,2018-02-10 00:00:00,2227.0,44.0,14.0,42.0,http://www.cbc.ca/news2/interactives/leadermeter/index.html#sources,Canada
CAMPAIGNRESEARCHPM,2018-06-18 00:00:00,1579.0,41.0,14.0,45.0,http://www.cbc.ca/news2/interactives/leadermeter/index.html#sources,Canada
CAMPAIGNRESEARCHPM,2018-09-15 00:00:00,,39.0,,,,Canada
CAMPAIGNRESEARCHPM,2018-11-15 00:00:00,,41.0,,,,Canada
CAMPAIGNRESEARCHPM,2018-12-15 00:00:00,,39.0,,,,Canada
CAMPAIGNRESEARCHPM,2019-02-15 00:00:00,,35.0,,,,Canada
CAMPAIGNRESEARCHPM,2019-03-15 00:00:00,,29.0,,,,Canada
CAMPAIGNRESEARCHPM,2019-04-15 00:00:00,,29.0,,,,Canada
CAMPAIGNRESEARCHPM,2019-05-15 00:00:00,,31.0,,,,Canada
CAMPAIGNRESEARCHPM,2019-06-15 00:00:00,,32.0,,,https://www.campaignresearch.com/single-post/Jagmeet-Singh-Soars-Can-the-Leader-of-the-NDP-close-the-deal-Maybe-just-maybe,Canada
CAMPAIGNRESEARCHPM,2019-07-15 00:00:00,,34.0,,,https://www.campaignresearch.com/single-post/Jagmeet-Singh-Soars-Can-the-Leader-of-the-NDP-close-the-deal-Maybe-just-maybe,Canada
CAMPAIGNRESEARCHPM,2019-08-15 00:00:00,,33.0,,,https://www.campaignresearch.com/single-post/Jagmeet-Singh-Soars-Can-the-Leader-of-the-NDP-close-the-deal-Maybe-just-maybe,Canada
CAMPAIGNRESEARCHPM,2019-09-15 00:00:00,,32.0,,,https://www.campaignresearch.com/single-post/Jagmeet-Singh-Soars-Can-the-Leader-of-the-NDP-close-the-deal-Maybe-just-maybe,Canada
CAMPAIGNRESEARCHPM,2019-10-02 00:00:00,,31.0,,54.0,https://www.cbc.ca/news2/interactives/leadermeter/index.html#sources,Canada
CAMPAIGNRESEARCHPM,2019-10-10 00:00:00,3147.0,31.0,,,https://www.campaignresearch.com/single-post/Jagmeet-Singh-Soars-Can-the-Leader-of-the-NDP-close-the-deal-Maybe-just-maybe,Canada
CanadianElectionStudy,1972-07-15 00:00:00,435.0,52.3,,34.5,http://odesi2.scholarsportal.info/documentation/CES/1972/June/can72j_freq.pdf,Canada
CanadianElectionStudy,1972-09-15 00:00:00,1077.0,54.4,,31.2,http://odesi2.scholarsportal.info/documentation/CES/1972/September/can72s_freq.pdf,Canada
CSES,1997-02-15 00:00:00,1623.0,53.77,,,<http://www.umich.edu/~cses/>,Canada
CSES,2004-08-15 00:00:00,1623.0,45.96,,54.04,CSES,Canada
CSES,2008-11-15 00:00:00,1878.0,56.18,,43.82,cses,Canada
CSES,2019-11-21 00:00:00,2795.0,54.7,,45.3,CSES Module 5,Canada
DecimaGOV,1980-09-15 00:00:00,1500.0,44.0,3.3,52.7,,Canada
DecimaGOV,1980-12-15 00:00:00,1500.0,39.6,2.5,57.9,http://www.queensu.ca/cora/_trends/Govt_Satis.htm,Canada
DecimaGOV,1981-03-15 00:00:00,1500.0,39.2,2.7,58.1,http://www.queensu.ca/cora/_trends/Govt_Satis.htm,Canada
DecimaGOV,1981-06-15 00:00:00,1500.0,35.0,2.1,62.9,http://www.queensu.ca/cora/_trends/Govt_Satis.htm,Canada
DecimaGOV,1981-09-15 00:00:00,1500.0,27.0,2.9,70.2,http://www.queensu.ca/cora/_trends/Govt_Satis.htm,Canada
DecimaGOV,1981-12-15 00:00:00,1500.0,27.8,1.2,70.9,http://www.queensu.ca/cora/_trends/Govt_Satis.htm,Canada
DecimaGOV,1982-03-15 00:00:00,1500.0,23.9,1.2,74.9,http://www.queensu.ca/cora/_trends/Govt_Satis.htm,Canada
DecimaGOV,1982-06-15 00:00:00,1500.0,18.6,2.1,79.3,http://www.queensu.ca/cora/_trends/Govt_Satis.htm,Canada
DecimaGOV,1982-09-15 00:00:00,1500.0,25.0,1.4,73.6,http://www.queensu.ca/cora/_trends/Govt_Satis.htm,Canada
DecimaGOV,1982-12-15 00:00:00,1500.0,25.2,1.3,73.4,http://www.queensu.ca/cora/_trends/Govt_Satis.htm,Canada
DecimaGOV,1983-03-15 00:00:00,1500.0,28.6,1.2,70.2,http://www.queensu.ca/cora/_trends/Govt_Satis.htm,Canada
DecimaGOV,1983-06-15 00:00:00,1500.0,35.4,1.3,63.2,http://www.queensu.ca/cora/_trends/Govt_Satis.htm,Canada
DecimaGOV,1983-09-15 00:00:00,1500.0,34.5,1.9,63.6,http://www.queensu.ca/cora/_trends/Govt_Satis.htm,Canada
DecimaGOV,1983-12-15 00:00:00,1500.0,36.4,2.9,60.7,http://www.queensu.ca/cora/_trends/Govt_Satis.htm,Canada
DecimaGOV,1984-03-15 00:00:00,1500.0,38.2,2.5,59.3,http://www.queensu.ca/cora/_trends/Govt_Satis.htm,Canada
DecimaGOV,1984-06-15 00:00:00,1500.0,43.4,2.2,54.4,http://www.queensu.ca/cora/_trends/Govt_Satis.htm,Canada
DecimaGOV,1984-12-15 00:00:00,1500.0,55.0,6.7,38.3,http://www.queensu.ca/cora/_trends/Govt_Satis.htm,Canada
DecimaGOV,1985-03-15 00:00:00,1500.0,58.9,3.7,37.3,http://www.queensu.ca/cora/_trends/Govt_Satis.htm,Canada
DecimaGOV,1985-06-15 00:00:00,1500.0,44.0,2.9,53.0,http://www.queensu.ca/cora/_trends/Govt_Satis.htm,Canada
DecimaGOV,1985-09-15 00:00:00,1500.0,50.1,1.7,48.2,http://www.queensu.ca/cora/_trends/Govt_Satis.htm,Canada
DecimaGOV,1985-12-15 00:00:00,1500.0,41.5,3.3,55.2,http://www.queensu.ca/cora/_trends/Govt_Satis.htm,Canada
DecimaGOV,1986-03-15 00:00:00,1500.0,46.2,2.0,51.8,http://www.queensu.ca/cora/_trends/Govt_Satis.htm,Canada
DecimaGOV,1986-06-15 00:00:00,1500.0,42.7,1.7,55.6,http://www.queensu.ca/cora/_trends/Govt_Satis.htm,Canada
DecimaGOV,1986-09-15 00:00:00,1500.0,44.2,1.7,54.1,http://www.queensu.ca/cora/_trends/Govt_Satis.htm,Canada
DecimaGOV,1986-12-15 00:00:00,1500.0,41.4,2.7,55.8,http://www.queensu.ca/cora/_trends/Govt_Satis.htm,Canada
DecimaGOV,1987-03-15 00:00:00,1500.0,33.6,1.4,65.0,http://www.queensu.ca/cora/_trends/Govt_Satis.htm,Canada
DecimaGOV,1987-06-15 00:00:00,1500.0,42.1,1.7,56.2,http://www.queensu.ca/cora/_trends/Govt_Satis.htm,Canada
DecimaGOV,1987-09-15 00:00:00,1500.0,40.6,2.3,57.2,http://www.queensu.ca/cora/_trends/Govt_Satis.htm,Canada
DecimaGOV,1987-12-15 00:00:00,1500.0,42.9,2.3,54.8,http://www.queensu.ca/cora/_trends/Govt_Satis.htm,Canada
DecimaGOV,1988-03-15 00:00:00,1500.0,43.8,2.1,54.1,http://www.queensu.ca/cora/_trends/Govt_Satis.htm,Canada
DecimaGOV,1988-06-15 00:00:00,1500.0,45.2,1.9,52.8,http://www.queensu.ca/cora/_trends/Govt_Satis.htm,Canada
DecimaGOV,1988-09-15 00:00:00,1500.0,57.1,1.5,41.3,http://www.queensu.ca/cora/_trends/Govt_Satis.htm,Canada
DecimaGOV,1989-06-15 00:00:00,1500.0,38.3,1.9,59.8,http://www.queensu.ca/cora/_trends/Govt_Satis.htm,Canada
DecimaGOV,1989-09-15 00:00:00,1500.0,36.4,2.5,61.0,http://www.queensu.ca/cora/_trends/Govt_Satis.htm,Canada
DecimaGOV,1989-12-15 00:00:00,1500.0,31.1,1.8,67.2,http://www.queensu.ca/cora/_trends/Govt_Satis.htm,Canada
DecimaGOV,1990-03-15 00:00:00,1500.0,25.5,1.9,72.7,http://www.queensu.ca/cora/_trends/Govt_Satis.htm,Canada
DecimaGOV,1990-06-15 00:00:00,1500.0,26.0,2.4,71.6,http://www.queensu.ca/cora/_trends/Govt_Satis.htm,Canada
DecimaGOV,1990-09-15 00:00:00,1500.0,22.8,1.6,75.6,http://www.queensu.ca/cora/_trends/Govt_Satis.htm,Canada
DecimaGOV,1990-12-15 00:00:00,1500.0,18.9,1.5,79.6,http://www.queensu.ca/cora/_trends/Govt_Satis.htm,Canada
DecimaGOV,1991-03-15 00:00:00,1500.0,21.6,1.7,76.7,http://www.queensu.ca/cora/_trends/Govt_Satis.htm,Canada
DecimaGOV,1991-06-15 00:00:00,1500.0,17.6,1.5,80.8,http://www.queensu.ca/cora/_trends/Govt_Satis.htm,Canada
DecimaGOV,1991-09-15 00:00:00,1500.0,19.7,1.6,78.7,http://www.queensu.ca/cora/_trends/Govt_Satis.htm,Canada
DecimaGOV,1991-12-15 00:00:00,1500.0,18.2,1.5,80.2,http://www.queensu.ca/cora/_trends/Govt_Satis.htm,Canada
DecimaGOV,1992-03-15 00:00:00,1500.0,18.8,1.7,79.6,http://www.queensu.ca/cora/_trends/Govt_Satis.htm,Canada
DecimaGOV,1992-06-15 00:00:00,1500.0,24.0,1.9,74.0,http://www.queensu.ca/cora/_trends/Govt_Satis.htm,Canada
DecimaGOV,1992-09-15 00:00:00,1500.0,24.0,1.9,74.0,http://www.queensu.ca/cora/_trends/Govt_Satis.htm,Canada
DecimaGOV,1992-12-15 00:00:00,1500.0,18.6,1.7,79.8,http://www.queensu.ca/cora/_trends/Govt_Satis.htm,Canada
DecimaGOV,1993-03-15 00:00:00,1500.0,22.0,1.9,76.1,http://www.queensu.ca/cora/_trends/Govt_Satis.htm,Canada
DecimaGOV,1993-06-15 00:00:00,1500.0,22.4,1.9,75.7,http://www.queensu.ca/cora/_trends/Govt_Satis.htm,Canada
DecimaGOV,1993-09-15 00:00:00,1500.0,24.4,1.9,73.7,http://www.queensu.ca/cora/_trends/Govt_Satis.htm,Canada
DecimaGOV,1993-12-15 00:00:00,1500.0,41.5,7.4,38.3,http://www.queensu.ca/cora/_trends/Govt_Satis.htm,Canada
DecimaGOV,1994-03-15 00:00:00,1500.0,44.2,3.8,51.9,http://www.queensu.ca/cora/_trends/Govt_Satis.htm,Canada
DecimaGOV,1994-06-15 00:00:00,1500.0,46.9,2.1,51.1,http://www.queensu.ca/cora/_trends/Govt_Satis.htm,Canada
DecimaGOV,1994-09-15 00:00:00,1500.0,48.1,2.2,49.7,http://www.queensu.ca/cora/_trends/Govt_Satis.htm,Canada
DecimaGOV,1994-12-15 00:00:00,1500.0,53.9,2.5,43.6,http://www.queensu.ca/cora/_trends/Govt_Satis.htm,Canada
DecimaGOV,1995-03-15 00:00:00,1500.0,50.7,6.8,42.5,http://www.queensu.ca/cora/_trends/Govt_Satis.htm,Canada
EKOSPM,2009-01-17 00:00:00,1000.0,35.0,10.0,55.0,http://www.ekospolitics.com/wp-content/uploads/ekos-globe-survey-results-jan-212.pdf,Canada
EKOSPM,2009-04-13 00:00:00,1587.0,38.0,8.0,54.0,http://www.ekospolitics.com/wp-content/uploads/ekos-cbc-survey-results-apr-162.pdf,Canada
EKOSPM,2009-06-16 00:00:00,3422.0,33.0,20.0,47.0,http://www.ekospolitics.com/wp-content/uploads/0779-full-report-_june-1851.pdf,Canada
EKOSPM,2009-06-23 00:00:00,3505.0,34.0,20.0,46.0,http://www.ekospolitics.com/wp-content/uploads/0779-full-report-_june-25_.pdf,Canada
EKOSPM,2009-08-11 00:00:00,2985.0,36.0,18.0,47.0,0779-Full report_August 13_.pdf,Canada
EKOSPM,2009-10-06 00:00:00,3333.0,39.0,19.0,42.0,http://www.ekospolitics.com/wp-content/uploads/0779-full-report-_october-8_.pdf,Canada
EKOSPM,2010-02-23 00:00:00,6553.0,33.0,15.0,52.0,cbc-2010-02-26.pdf,Canada
EKOSPM,2010-04-27 00:00:00,2303.0,33.0,18.0,49.0,http://www.ekospolitics.com/wp-content/uploads/full_report_april_29.pdf,Canada
EKOSPM,2010-08-31 00:00:00,3559.0,32.0,16.0,52.0,http://www.ekospolitics.com/wp-content/uploads/full_report_september_2.pdf,Canada
EKOSPM,2012-09-18 00:00:00,1208.0,35.0,13.0,50.0,https://www.huffingtonpost.ca/2012/09/24/harper-disapproval-poll-abacus_n_1909544.html,Canada
EKOSPM,2013-04-10 00:00:00,4568.0,28.0,19.0,50.0,http://www.cbc.ca/news2/interactives/leadermeter/index.html#sources,Canada
EKOSPM,2013-05-26 00:00:00,3318.0,23.0,22.0,55.0,http://www.cbc.ca/news2/interactives/leadermeter/index.html#sources,Canada
EKOSPM,2013-07-09 00:00:00,2900.0,26.0,18.0,56.0,http://www.cbc.ca/news2/interactives/leadermeter/index.html#sources,Canada
EKOSPM,2013-10-29 00:00:00,1377.0,24.0,7.0,69.0,http://www.cbc.ca/news2/interactives/leadermeter/index.html#sources,Canada
EKOSPM,2014-04-03 00:00:00,4134.0,27.0,20.0,54.0,http://www.cbc.ca/news2/interactives/leadermeter/index.html#sources,Canada
EKOSPM,2014-05-15 00:00:00,3677.0,28.0,22.0,50.0,http://www.cbc.ca/news2/interactives/leadermeter/index.html#sources,Canada
EKOSPM,2014-07-23 00:00:00,2620.0,29.0,7.0,65.0,http://www.cbc.ca/news2/interactives/leadermeter/index.html#sources,Canada
EKOSPM,2014-10-15 00:00:00,1671.0,30.0,7.0,63.0,http://www.cbc.ca/news2/interactives/leadermeter/index.html#sources,Canada
EKOSPM,2014-10-29 00:00:00,1628.0,25.0,24.0,52.0,http://www.cbc.ca/news2/interactives/leadermeter/index.html#sources,Canada
EKOSPM,2014-11-06 00:00:00,1561.0,30.0,22.0,48.0,http://www.cbc.ca/news2/interactives/leadermeter/index.html#sources,Canada
EKOSPM,2014-12-12 00:00:00,3276.0,37.0,8.0,55.0,http://www.cbc.ca/news2/interactives/leadermeter/index.html#sources,Canada
EKOSPM,2014-12-18 00:00:00,2183.0,37.0,7.0,56.0,http://www.cbc.ca/news2/interactives/leadermeter/index.html#sources,Canada
EKOSPM,2015-01-03 00:00:00,4412.0,38.0,9.0,53.0,http://www.cbc.ca/news2/interactives/leadermeter/index.html#sources,Canada
EKOSPM,2015-02-03 00:00:00,1009.0,40.0,9.0,51.0,http://www.cbc.ca/news2/interactives/leadermeter/index.html#sources,Canada
EKOSPM,2015-02-10 00:00:00,1020.0,36.0,8.0,56.0,http://www.cbc.ca/news2/interactives/leadermeter/index.html#sources,Canada
EKOSPM,2015-02-17 00:00:00,3386.0,37.0,7.0,55.0,http://www.cbc.ca/news2/interactives/leadermeter/index.html#sources,Canada
EKOSPM,2015-03-04 00:00:00,3241.0,37.0,7.0,57.0,http://www.cbc.ca/news2/interactives/leadermeter/index.html#sources,Canada
EKOSPM,2015-03-10 00:00:00,2950.0,35.0,8.0,57.0,http://www.cbc.ca/news2/interactives/leadermeter/index.html#sources,Canada
EKOSPM,2015-03-17 00:00:00,7664.0,37.0,8.0,56.0,http://www.cbc.ca/news2/interactives/leadermeter/index.html#sources,Canada
EKOSPM,2015-04-14 00:00:00,6798.0,36.0,7.0,58.0,http://www.cbc.ca/news2/interactives/leadermeter/index.html#sources,Canada
EKOSPM,2015-05-12 00:00:00,2177.0,32.0,7.0,61.0,http://www.cbc.ca/news2/interactives/leadermeter/index.html#sources,Canada
EKOSPM,2015-06-02 00:00:00,3646.0,32.0,6.0,62.0,http://www.cbc.ca/news2/interactives/leadermeter/index.html#sources,Canada
EKOSPM,2015-06-28 00:00:00,1752.0,36.0,8.0,57.0,http://www.cbc.ca/news2/interactives/leadermeter/index.html#sources,Canada
EKOSPM,2015-07-28 00:00:00,4494.0,33.0,7.0,61.0,http://www.cbc.ca/news2/interactives/leadermeter/index.html#sources,Canada
EKOSPM,2015-08-18 00:00:00,2893.0,31.0,6.0,63.0,http://www.cbc.ca/news2/interactives/leadermeter/index.html#sources,Canada
EKOSPM,2015-09-01 00:00:00,7329.0,32.0,7.0,62.0,http://www.cbc.ca/news2/interactives/leadermeter/index.html#sources,Canada
EKOSPM,2015-12-10 00:00:00,1811.0,64.0,9.0,27.0,http://www.cbc.ca/news2/interactives/leadermeter/index.html#sources,Canada
EKOSPM,2016-06-07 00:00:00,2371.0,65.0,4.0,32.0,http://www.cbc.ca/news2/interactives/leadermeter/index.html#sources,Canada
EKOSPM,2017-06-19 00:00:00,5658.0,51.0,4.0,45.0,http://www.cbc.ca/news2/interactives/leadermeter/index.html#sources,Canada
EKOSPM,2017-10-01 00:00:00,4839.0,50.0,4.0,46.0,http://www.cbc.ca/news2/interactives/leadermeter/index.html#sources,Canada
EKOSPM,2020-01-14 00:00:00,1136.0,50.0,,50.0,https://www.ekospolitics.com/index.php/2020/01/directional-outlook-and-public-response-to-growing-iran-u-s-tensions/,Canada
EKOSPM,2022-01-17 00:00:00,2612.0,41.0,,59.0,https://www.ekospolitics.com/index.php/2022/01/federal-landscape-frozen/,Canada
EKOSPM,2023-03-13 00:00:00,3115.0,38.0,,56.0,https://www.ekospolitics.com/index.php/2023/03/polarized-gridlock/,Canada
EKOSPM,2024-04-22 00:00:00,1033.0,31.0,,69.0,https://www.ekospolitics.com/index.php/2024/04/conservative-party-holds-11-point-lead/,Canada
EKOSPM,2025-04-16 00:00:00,1210.0,62.0,,38.0,https://www.ekospolitics.com/index.php/2025/04/massive-gender-divide-underpins-tightened-race/,Canada
EKOSPM,2025-06-04 00:00:00,1529.0,68.0,,32.0,https://www.ekospolitics.com/index.php/2025/06/june-2025-political-update/,Canada
EKOSPM,2025-09-12 00:00:00,1614.0,58.0,,42.0,https://www.ekospolitics.com/index.php/2025/09/liberals-maintain-clear-leadership-position/,Canada
EKOSPM,2025-10-24 00:00:00,1199.0,59.0,,41.0,https://www.ekospolitics.com/index.php/2025/10/little-appetite-for-fall-election/,Canada
EKOSPM,2026-01-14 00:00:00,1012.0,61.0,,39.0,https://www.ekospolitics.com/index.php/2026/01/dread-deepens-to-record-high-as-canadians-rally-to-a-more-churchillian-carney/,Canada
EnvironicsGOV,1978-06-15 00:00:00,1913.0,39.6,6.1,50.4,http://www.queensu.ca/cora/_trends/Govt_Satis.htm,Canada
EnvironicsGOV,1978-09-15 00:00:00,1812.0,37.1,5.0,54.6,http://www.queensu.ca/cora/_trends/Govt_Satis.htm,Canada
EnvironicsGOV,1978-11-15 00:00:00,2207.0,33.1,7.8,54.2,http://www.queensu.ca/cora/_trends/Govt_Satis.htm,Canada
EnvironicsGOV,1979-03-15 00:00:00,1967.0,37.2,4.6,54.0,http://www.queensu.ca/cora/_trends/Govt_Satis.htm,Canada
EnvironicsGOV,1979-05-15 00:00:00,1819.0,38.8,3.6,53.6,http://www.queensu.ca/cora/_trends/Govt_Satis.htm,Canada
EnvironicsGOV,1979-06-15 00:00:00,1701.0,46.1,5.1,27.1,http://www.queensu.ca/cora/_trends/Govt_Satis.htm,Canada
EnvironicsGOV,1979-11-15 00:00:00,1772.0,35.2,5.8,53.7,http://www.queensu.ca/cora/_trends/Govt_Satis.htm,Canada
EnvironicsGOV,1980-02-15 00:00:00,1849.0,31.1,5.2,58.5,http://www.queensu.ca/cora/_trends/Govt_Satis.htm,Canada
EnvironicsGOV,1980-04-15 00:00:00,1808.0,47.8,3.6,43.9,http://www.queensu.ca/cora/_trends/Govt_Satis.htm,Canada
EnvironicsGOV,1980-06-15 00:00:00,1846.0,47.6,4.9,45.3,http://www.queensu.ca/cora/_trends/Govt_Satis.htm,Canada
EnvironicsGOV,1980-09-15 00:00:00,1846.0,52.4,2.9,43.4,http://www.queensu.ca/cora/_trends/Govt_Satis.htm,Canada
EnvironicsGOV,1980-11-15 00:00:00,1873.0,47.9,2.2,48.0,http://www.queensu.ca/cora/_trends/Govt_Satis.htm,Canada
EnvironicsGOV,1981-02-15 00:00:00,2291.0,42.4,1.9,53.7,http://www.queensu.ca/cora/_trends/Govt_Satis.htm,Canada
EnvironicsGOV,1981-06-15 00:00:00,1060.0,73.6,3.4,23.0,http://www.queensu.ca/cora/_trends/Govt_Satis.htm,Canada
EnvironicsGOV,1981-09-15 00:00:00,1947.0,31.6,2.1,64.1,http://www.queensu.ca/cora/_trends/Govt_Satis.htm,Canada
EnvironicsGOV,1981-11-15 00:00:00,1924.0,31.7,1.8,65.0,http://www.queensu.ca/cora/_trends/Govt_Satis.htm,Canada
EnvironicsGOV,1982-02-15 00:00:00,1937.0,28.6,2.6,67.1,http://www.queensu.ca/cora/_trends/Govt_Satis.htm,Canada
EnvironicsGOV,1982-04-15 00:00:00,1964.0,29.9,1.3,64.4,http://www.queensu.ca/cora/_trends/Govt_Satis.htm,Canada
EnvironicsGOV,1982-06-15 00:00:00,1937.0,20.7,1.8,75.6,http://www.queensu.ca/cora/_trends/Govt_Satis.htm,Canada
EnvironicsGOV,1982-09-15 00:00:00,1942.0,25.9,1.7,71.4,http://www.queensu.ca/cora/_trends/Govt_Satis.htm,Canada
EnvironicsGOV,1982-11-15 00:00:00,2017.0,28.1,2.8,64.1,http://www.queensu.ca/cora/_trends/Govt_Satis.htm,Canada
EnvironicsGOV,1983-02-15 00:00:00,1953.0,31.0,2.1,65.3,http://www.queensu.ca/cora/_trends/Govt_Satis.htm,Canada
EnvironicsGOV,1983-04-15 00:00:00,2024.0,29.4,1.8,65.4,http://www.queensu.ca/cora/_trends/Govt_Satis.htm,Canada
EnvironicsGOV,1983-06-15 00:00:00,2020.0,32.7,1.8,60.3,http://www.queensu.ca/cora/_trends/Govt_Satis.htm,Canada
EnvironicsGOV,1983-09-15 00:00:00,2011.0,33.2,1.9,61.0,http://www.queensu.ca/cora/_trends/Govt_Satis.htm,Canada
EnvironicsGOV,1983-11-15 00:00:00,2009.0,39.5,1.7,53.8,http://www.queensu.ca/cora/_trends/Govt_Satis.htm,Canada
EnvironicsGOV,1984-02-15 00:00:00,2021.0,41.0,2.4,51.2,http://www.queensu.ca/cora/_trends/Govt_Satis.htm,Canada
EnvironicsGOV,1984-04-15 00:00:00,2003.0,37.5,3.4,54.1,http://www.queensu.ca/cora/_trends/Govt_Satis.htm,Canada
EnvironicsGOV,1984-06-15 00:00:00,2019.0,44.5,1.9,48.9,http://www.queensu.ca/cora/_trends/Govt_Satis.htm,Canada
EnvironicsGOV,1984-09-15 00:00:00,2037.0,57.6,3.1,15.1,http://www.queensu.ca/cora/_trends/Govt_Satis.htm,Canada
EnvironicsGOV,1984-11-15 00:00:00,2021.0,64.5,5.1,18.2,http://www.queensu.ca/cora/_trends/Govt_Satis.htm,Canada
EnvironicsGOV,1985-02-15 00:00:00,2052.0,63.8,3.3,25.9,http://www.queensu.ca/cora/_trends/Govt_Satis.htm,Canada
EnvironicsGOV,1985-04-15 00:00:00,2045.0,66.7,1.9,25.5,http://www.queensu.ca/cora/_trends/Govt_Satis.htm,Canada
EnvironicsGOV,1985-06-15 00:00:00,2058.0,54.8,1.2,39.9,http://www.queensu.ca/cora/_trends/Govt_Satis.htm,Canada
EnvironicsGOV,1985-09-15 00:00:00,2057.0,54.6,2.4,38.2,http://www.queensu.ca/cora/_trends/Govt_Satis.htm,Canada
EnvironicsGOV,1985-11-15 00:00:00,2040.0,47.5,3.3,43.4,http://www.queensu.ca/cora/_trends/Govt_Satis.htm,Canada
EnvironicsGOV,1986-02-15 00:00:00,2017.0,49.9,3.3,45.1,http://www.queensu.ca/cora/_trends/Govt_Satis.htm,Canada
EnvironicsGOV,1986-06-15 00:00:00,2038.0,40.7,3.6,51.1,http://www.queensu.ca/cora/_trends/Govt_Satis.htm,Canada
EnvironicsGOV,1986-09-15 00:00:00,1984.0,44.3,3.8,49.4,http://www.queensu.ca/cora/_trends/Govt_Satis.htm,Canada
EnvironicsGOV,1986-11-15 00:00:00,1953.0,33.8,4.0,59.9,http://www.queensu.ca/cora/_trends/Govt_Satis.htm,Canada
EnvironicsGOV,1987-03-15 00:00:00,1974.0,33.4,4.2,62.4,http://www.queensu.ca/cora/_trends/Govt_Satis.htm,Canada
EnvironicsGOV,1987-05-15 00:00:00,1981.0,34.5,0.0,62.0,http://www.queensu.ca/cora/_trends/Govt_Satis.htm,Canada
EnvironicsGOV,1987-09-15 00:00:00,1968.0,38.0,3.5,58.6,http://www.queensu.ca/cora/_trends/Govt_Satis.htm,Canada
EnvironicsGOV,1987-11-15 00:00:00,1984.0,41.0,0.0,55.5,http://www.queensu.ca/cora/_trends/Govt_Satis.htm,Canada
EnvironicsGOV,1988-02-15 00:00:00,1989.0,46.0,0.0,50.6,http://www.queensu.ca/cora/_trends/Govt_Satis.htm,Canada
EnvironicsGOV,1988-05-15 00:00:00,1994.0,48.7,0.0,48.1,http://www.queensu.ca/cora/_trends/Govt_Satis.htm,Canada
EnvironicsGOV,1988-10-15 00:00:00,2021.0,44.8,0.0,48.4,http://www.queensu.ca/cora/_trends/Govt_Satis.htm,Canada
EnvironicsGOV,1988-12-15 00:00:00,2006.0,90.3,0.0,9.7,http://www.queensu.ca/cora/_trends/Govt_Satis.htm,Canada
EnvironicsGOV,1989-03-15 00:00:00,1948.0,49.6,0.0,44.7,http://www.queensu.ca/cora/_trends/Govt_Satis.htm,Canada
EnvironicsGOV,1989-06-15 00:00:00,1947.0,39.2,0.0,56.7,http://www.queensu.ca/cora/_trends/Govt_Satis.htm,Canada
EnvironicsGOV,1989-10-15 00:00:00,1945.0,34.8,0.0,61.9,http://www.queensu.ca/cora/_trends/Govt_Satis.htm,Canada
EnvironicsGOV,1989-12-15 00:00:00,1943.0,31.4,0.0,66.0,http://www.queensu.ca/cora/_trends/Govt_Satis.htm,Canada
EnvironicsGOV,1990-03-15 00:00:00,1936.0,26.1,0.0,70.3,http://www.queensu.ca/cora/_trends/Govt_Satis.htm,Canada
EnvironicsGOV,1990-06-15 00:00:00,1972.0,25.9,0.0,70.9,http://www.queensu.ca/cora/_trends/Govt_Satis.htm,Canada
EnvironicsGOV,1990-10-15 00:00:00,1944.0,23.1,0.0,75.3,http://www.queensu.ca/cora/_trends/Govt_Satis.htm,Canada
EnvironicsGOV,1991-01-15 00:00:00,2131.0,20.2,0.0,75.9,http://www.queensu.ca/cora/_trends/Govt_Satis.htm,Canada
EnvironicsGOV,1991-04-15 00:00:00,1959.0,19.5,0.0,78.0,http://www.queensu.ca/cora/_trends/Govt_Satis.htm,Canada
EnvironicsGOV,1991-07-15 00:00:00,1951.0,14.6,0.0,82.1,http://www.queensu.ca/cora/_trends/Govt_Satis.htm,Canada
EnvironicsGOV,1991-10-15 00:00:00,1930.0,18.7,0.0,76.5,http://www.queensu.ca/cora/_trends/Govt_Satis.htm,Canada
EnvironicsGOV,1992-02-15 00:00:00,1951.0,15.8,0.0,81.4,http://www.queensu.ca/cora/_trends/Govt_Satis.htm,Canada
EnvironicsGOV,1992-05-15 00:00:00,1938.0,18.7,0.0,78.7,http://www.queensu.ca/cora/_trends/Govt_Satis.htm,Canada
EnvironicsGOV,1992-08-15 00:00:00,1950.0,21.3,0.0,75.5,http://www.queensu.ca/cora/_trends/Govt_Satis.htm,Canada
EnvironicsGOV,1992-11-15 00:00:00,1946.0,18.9,0.0,78.6,http://www.queensu.ca/cora/_trends/Govt_Satis.htm,Canada
EnvironicsGOV,1993-03-15 00:00:00,1986.0,19.5,0.0,77.9,http://www.queensu.ca/cora/_trends/Govt_Satis.htm,Canada
EnvironicsGOV,1993-06-15 00:00:00,1958.0,18.0,0.0,77.8,http://www.queensu.ca/cora/_trends/Govt_Satis.htm,Canada
EnvironicsGOV,1993-08-15 00:00:00,1939.0,22.1,0.0,74.0,http://www.queensu.ca/cora/_trends/Govt_Satis.htm,Canada
EnvironicsGOV,1994-03-15 00:00:00,1941.0,57.6,0.0,35.9,http://www.queensu.ca/cora/_trends/Govt_Satis.htm,Canada
EnvironicsGOV,1994-06-15 00:00:00,1967.0,58.6,0.0,37.4,http://www.queensu.ca/cora/_trends/Govt_Satis.htm,Canada
EnvironicsGOV,1994-09-15 00:00:00,1932.0,58.9,0.0,36.7,http://www.queensu.ca/cora/_trends/Govt_Satis.htm,Canada
EnvironicsGOV,1994-12-15 00:00:00,1942.0,59.9,0.0,37.5,http://www.queensu.ca/cora/_trends/Govt_Satis.htm,Canada
EnvironicsGOV,1995-03-15 00:00:00,1935.0,54.1,0.0,43.1,http://www.queensu.ca/cora/_trends/Govt_Satis.htm,Canada
EnvironicsGOV,1995-06-15 00:00:00,1981.0,54.1,0.0,42.0,http://www.queensu.ca/cora/_trends/Govt_Satis.htm,Canada
EnvironicsGOV,1995-09-15 00:00:00,1938.0,53.5,0.0,42.3,http://www.queensu.ca/cora/_trends/Govt_Satis.htm,Canada
EnvironicsGOV,1995-12-15 00:00:00,1917.0,51.6,0.0,44.9,http://www.queensu.ca/cora/_trends/Govt_Satis.htm,Canada
EnvironicsGOV,1996-03-15 00:00:00,1992.0,51.3,0.0,44.4,http://www.queensu.ca/cora/_trends/Govt_Satis.htm,Canada
EnvironicsGOV,1996-06-15 00:00:00,1954.0,49.5,0.0,47.4,http://www.queensu.ca/cora/_trends/Govt_Satis.htm,Canada
EnvironicsGOV,1996-09-15 00:00:00,1965.0,53.1,0.0,43.1,http://www.queensu.ca/cora/_trends/Govt_Satis.htm,Canada
EnvironicsGOV,1996-12-15 00:00:00,1927.0,48.1,0.0,48.6,http://www.queensu.ca/cora/_trends/Govt_Satis.htm,Canada
EnvironicsGOV,1997-03-15 00:00:00,1954.0,42.5,0.0,51.7,http://www.queensu.ca/cora/_trends/Govt_Satis.htm,Canada
EnvironicsGOV,1997-07-15 00:00:00,1941.0,57.6,0.0,39.4,http://www.queensu.ca/cora/_trends/Govt_Satis.htm,Canada
EnvironicsGOV,1997-10-15 00:00:00,1953.0,56.0,0.0,40.4,http://www.queensu.ca/cora/_trends/Govt_Satis.htm,Canada
EnvironicsGOV,1997-12-15 00:00:00,1948.0,58.0,0.0,37.1,http://www.queensu.ca/cora/_trends/Govt_Satis.htm,Canada
EnvironicsGOV,1998-03-15 00:00:00,1936.0,60.9,0.0,35.0,http://www.queensu.ca/cora/_trends/Govt_Satis.htm,Canada
EnvironicsGOV,1998-06-15 00:00:00,1942.0,53.8,0.0,41.1,http://www.queensu.ca/cora/_trends/Govt_Satis.htm,Canada
EnvironicsGOV,1998-10-15 00:00:00,1942.0,53.2,0.0,42.1,http://www.queensu.ca/cora/_trends/Govt_Satis.htm,Canada
EnvironicsGOV,1998-12-15 00:00:00,1921.0,54.8,0.0,41.0,http://www.queensu.ca/cora/_trends/Govt_Satis.htm,Canada
EnvironicsGOV,1999-03-15 00:00:00,1986.0,53.1,0.0,41.8,http://www.queensu.ca/cora/_trends/Govt_Satis.htm,Canada
EnvironicsGOV,1999-06-15 00:00:00,1919.0,53.1,0.0,39.7,http://www.queensu.ca/cora/_trends/Govt_Satis.htm,Canada
EnvironicsGOV,1999-09-15 00:00:00,1943.0,56.8,0.0,39.4,http://www.queensu.ca/cora/_trends/Govt_Satis.htm,Canada
EnvironicsGOV,1999-12-15 00:00:00,1958.0,62.5,0.0,37.6,http://www.queensu.ca/cora/_trends/Govt_Satis.htm,Canada
EnvironicsGOV,2000-03-15 00:00:00,1913.0,57.3,0.0,42.8,http://www.queensu.ca/cora/_trends/Govt_Satis.htm,Canada
EnvironicsGOV,2000-06-15 00:00:00,1953.0,56.9,0.0,43.0,http://www.queensu.ca/cora/_trends/Govt_Satis.htm,Canada
EnvironicsGOV,2000-09-15 00:00:00,1994.0,55.8,0.0,44.2,http://www.queensu.ca/cora/_trends/Govt_Satis.htm,Canada
EnvironicsGOV,2000-12-15 00:00:00,2015.0,59.2,0.0,40.8,http://www.queensu.ca/cora/_trends/Govt_Satis.htm,Canada
EnvironicsGOV,2001-04-15 00:00:00,1918.0,50.6,0.0,49.4,http://www.queensu.ca/cora/_trends/Govt_Satis.htm,Canada
EnvironicsGOV,2001-06-15 00:00:00,1932.0,50.9,0.0,49.1,http://www.queensu.ca/cora/_trends/Govt_Satis.htm,Canada
EnvironicsGOV,2001-09-15 00:00:00,1884.0,60.5,0.0,39.4,http://www.queensu.ca/cora/_trends/Govt_Satis.htm,Canada
EnvironicsGOV,2001-12-15 00:00:00,1912.0,53.4,0.0,46.7,http://www.queensu.ca/cora/_trends/Govt_Satis.htm,Canada
EnvironicsGOV,2003-03-15 00:00:00,1945.0,49.5,,48.7,http://www.queensu.ca/cora/_trends/Govt_Satis.htm,Canada
EnvironicsGOV,2003-06-15 00:00:00,1933.0,46.3,,52.0,http://www.queensu.ca/cora/_trends/Govt_Satis.htm,Canada
EnvironicsGOV,2003-09-15 00:00:00,1938.0,51.2,,47.0,http://www.queensu.ca/cora/_trends/Govt_Satis.htm,Canada
EnvironicsGOV,2003-12-15 00:00:00,2002.0,57.6,,37.1,http://www.queensu.ca/cora/_trends/Govt_Satis.htm,Canada
EnvironicsGOV,2004-03-15 00:00:00,2014.0,42.1,,55.5,http://www.queensu.ca/cora/_trends/Govt_Satis.htm,Canada
EnvironicsGOV,2004-09-15 00:00:00,2027.0,56.6,,39.8,http://www.queensu.ca/cora/_trends/Govt_Satis.htm,Canada
EnvironicsGOV,2004-12-15 00:00:00,2020.0,46.7,,51.9,http://www.queensu.ca/cora/_trends/Govt_Satis.htm,Canada
EnvironicsGOV,2005-03-15 00:00:00,2022.0,45.4,,52.2,http://www.queensu.ca/cora/_trends/Govt_Satis.htm,Canada
EnvironicsGOV,2005-06-15 00:00:00,2022.0,33.5,,65.3,http://www.queensu.ca/cora/_trends/Govt_Satis.htm,Canada
EnvironicsGOV,2005-09-15 00:00:00,2024.0,43.4,,55.0,http://www.queensu.ca/cora/_trends/Govt_Satis.htm,Canada
EnvironicsGOV,2005-12-15 00:00:00,2044.0,53.2,1.0,44.8,http://www.queensu.ca/cora/_trends/Govt_Satis.htm,Canada
EnvironicsGOV,2006-03-15 00:00:00,2035.0,49.4,,40.4,http://www.queensu.ca/cora/_trends/Govt_Satis.htm,Canada
EnvironicsGOV,2006-06-15 00:00:00,2172.0,54.7,,41.8,http://www.queensu.ca/cora/_trends/Govt_Satis.htm,Canada
EnvironicsGOV,2006-09-15 00:00:00,2021.0,58.9,,39.0,http://www.queensu.ca/cora/_trends/Govt_Satis.htm,Canada
EnvironicsGOV,2006-12-15 00:00:00,2045.0,53.3,,44.6,http://www.queensu.ca/cora/_trends/Govt_Satis.htm,Canada
EnvironicsGOV,2007-03-15 00:00:00,2030.0,53.2,,45.7,http://www.queensu.ca/cora/_trends/Govt_Satis.htm,Canada
EnvironicsGOV,2007-06-15 00:00:00,2021.0,46.6,,51.2,http://www.queensu.ca/cora/_trends/Govt_Satis.htm,Canada
EnvironicsGOV,2007-09-15 00:00:00,2047.0,57.0,,40.7,http://www.queensu.ca/cora/_trends/Govt_Satis.htm,Canada
EnvironicsGOV,2007-12-15 00:00:00,2002.0,66.0,,34.0,http://www.queensu.ca/cora/_trends/Govt_Satis.htm,Canada
EnvironicsGOV,2008-03-15 00:00:00,2026.0,49.1,,48.1,http://www.queensu.ca/cora/_trends/Govt_Satis.htm,Canada
EnvironicsGOV,2008-06-15 00:00:00,2025.0,47.3,,49.7,http://www.queensu.ca/cora/_trends/Govt_Satis.htm,Canada
EnvironicsGOV,2008-12-15 00:00:00,2021.0,39.6,,58.0,http://www.queensu.ca/cora/_trends/Govt_Satis.htm,Canada
EnvironicsGOV,2009-06-15 00:00:00,2023.0,45.0,,53.1,http://www.queensu.ca/cora/_trends/Govt_Satis.htm,Canada
EnvironicsGOV,2009-09-15 00:00:00,,49.2,,47.1,http://www.queensu.ca/cora/_trends/Govt_Satis.htm,Canada
EnvironicsPM,1985-11-15 00:00:00,2059.0,42.8,,43.7,http://www.queensu.ca/cora/,Canada
EnvironicsPM,1986-06-15 00:00:00,2053.0,41.3,,47.5,http://www.queensu.ca/cora/,Canada
EnvironicsPM,1986-09-15 00:00:00,2042.0,34.3,,56.4,http://www.queensu.ca/cora/,Canada
EnvironicsPM,1987-03-15 00:00:00,2004.0,27.4,,62.0,http://www.queensu.ca/cora/,Canada
EnvironicsPM,1987-05-15 00:00:00,2019.0,23.3,,65.2,http://www.queensu.ca/cora/,Canada
EnvironicsPM,1987-09-15 00:00:00,1979.0,25.0,,66.3,http://www.queensu.ca/cora/,Canada
EnvironicsPM,1987-11-15 00:00:00,1965.0,27.8,,60.6,http://www.queensu.ca/cora/,Canada
EnvironicsPM,1988-02-15 00:00:00,1984.0,30.2,,60.5,http://www.queensu.ca/cora/,Canada
EnvironicsPM,1988-05-15 00:00:00,1991.0,34.1,,57.5,http://www.queensu.ca/cora/,Canada
EnvironicsPM,1988-10-15 00:00:00,1996.0,35.8,,56.0,http://www.queensu.ca/cora/,Canada
EnvironicsPM,1989-03-15 00:00:00,689.0,60.2,,24.7,http://www.queensu.ca/cora/,Canada
EnvironicsPM,1989-06-15 00:00:00,1949.0,44.5,,43.6,http://www.queensu.ca/cora/,Canada
EnvironicsPM,1989-10-15 00:00:00,1947.0,34.3,,56.9,http://www.queensu.ca/cora/,Canada
EnvironicsPM,1989-12-15 00:00:00,1947.0,29.3,,64.0,http://www.queensu.ca/cora/,Canada
EnvironicsPM,1990-03-15 00:00:00,1951.0,24.6,,68.1,http://www.queensu.ca/cora/,Canada
EnvironicsPM,1990-06-15 00:00:00,1940.0,20.5,,73.6,http://www.queensu.ca/cora/,Canada
EnvironicsPM,1990-10-15 00:00:00,1973.0,20.7,,73.7,http://www.queensu.ca/cora/,Canada
EnvironicsPM,1990-12-15 00:00:00,1947.0,16.9,,79.3,http://www.queensu.ca/cora/,Canada
EnvironicsPM,1991-01-15 00:00:00,2141.0,16.5,,78.0,http://www.queensu.ca/cora/,Canada
EnvironicsPM,1991-04-15 00:00:00,1964.0,15.2,,78.8,http://www.queensu.ca/cora/,Canada
EnvironicsPM,1991-06-15 00:00:00,1952.0,11.8,,83.0,http://www.queensu.ca/cora/,Canada
EnvironicsPM,1991-10-15 00:00:00,1934.0,12.6,,81.7,http://www.queensu.ca/cora/,Canada
EnvironicsPM,1992-02-15 00:00:00,1954.0,12.0,,82.8,http://www.queensu.ca/cora/,Canada
EnvironicsPM,1992-05-15 00:00:00,1937.0,15.4,,79.6,http://www.queensu.ca/cora/,Canada
EnvironicsPM,1992-08-15 00:00:00,1953.0,18.5,,75.6,http://www.queensu.ca/cora/,Canada
EnvironicsPM,1992-11-15 00:00:00,1953.0,12.3,,82.8,http://www.queensu.ca/cora/,Canada
EnvironicsPM,1993-03-15 00:00:00,1988.0,19.2,,75.8,http://www.queensu.ca/cora/,Canada
EnvironicsPM,1993-06-15 00:00:00,1961.0,14.7,,78.6,http://www.queensu.ca/cora/,Canada
EnvironicsPM,1993-08-15 00:00:00,1944.0,47.9,,30.7,http://www.queensu.ca/cora/,Canada
EnvironicsPM,1993-12-15 00:00:00,1949.0,61.8,,14.1,http://www.queensu.ca/cora/,Canada
EnvironicsPM,1994-03-15 00:00:00,1951.0,64.6,,22.5,http://www.queensu.ca/cora/,Canada
EnvironicsPM,1994-06-15 00:00:00,1975.0,65.4,,22.4,http://www.queensu.ca/cora/,Canada
EnvironicsPM,1994-09-15 00:00:00,1939.0,63.4,,24.0,http://www.queensu.ca/cora/,Canada
EnvironicsPM,1994-12-15 00:00:00,1944.0,66.3,,23.3,http://www.queensu.ca/cora/,Canada
EnvironicsPM,1995-03-15 00:00:00,1943.0,63.3,,27.3,http://www.queensu.ca/cora/,Canada
EnvironicsPM,1995-06-15 00:00:00,1988.0,61.5,,28.2,http://www.queensu.ca/cora/,Canada
EnvironicsPM,1995-09-15 00:00:00,1946.0,60.5,,28.8,http://www.queensu.ca/cora/,Canada
EnvironicsPM,1995-12-15 00:00:00,1930.0,53.2,,37.8,http://www.queensu.ca/cora/,Canada
EnvironicsPM,1996-03-15 00:00:00,1993.0,53.6,,35.4,http://www.queensu.ca/cora/,Canada
EnvironicsPM,1996-06-15 00:00:00,1962.0,51.0,,40.2,http://www.queensu.ca/cora/,Canada
EnvironicsPM,1996-09-15 00:00:00,1970.0,51.5,,37.8,http://www.queensu.ca/cora/,Canada
EnvironicsPM,1996-12-15 00:00:00,1933.0,46.0,,45.3,http://www.queensu.ca/cora/,Canada
EnvironicsPM,1997-03-15 00:00:00,1961.0,46.3,,43.5,http://www.queensu.ca/cora/,Canada
EnvironicsPM,1997-07-15 00:00:00,1949.0,52.6,,38.6,http://www.queensu.ca/cora/,Canada
EnvironicsPM,1997-10-15 00:00:00,1962.0,54.7,,35.8,http://www.queensu.ca/cora/,Canada
EnvironicsPM,1997-12-15 00:00:00,1952.0,57.2,,34.2,http://www.queensu.ca/cora/,Canada
EnvironicsPM,1998-03-15 00:00:00,1944.0,61.2,,30.6,http://www.queensu.ca/cora/,Canada
EnvironicsPM,1998-06-15 00:00:00,1948.0,56.1,,33.3,http://www.queensu.ca/cora/,Canada
EnvironicsPM,1998-10-15 00:00:00,1944.0,54.0,,37.8,http://www.queensu.ca/cora/,Canada
EnvironicsPM,1998-12-15 00:00:00,1929.0,51.5,,37.3,http://www.queensu.ca/cora/,Canada
EnvironicsPM,1999-03-15 00:00:00,1989.0,49.8,,41.1,http://www.queensu.ca/cora/,Canada
EnvironicsPM,1999-06-15 00:00:00,1931.0,50.4,,37.8,http://www.queensu.ca/cora/,Canada
EnvironicsPM,1999-09-15 00:00:00,1965.0,56.4,,35.4,http://www.queensu.ca/cora/,Canada
EnvironicsPM,1999-12-15 00:00:00,1924.0,64.2,,35.8,http://www.queensu.ca/cora/,Canada
EnvironicsPM,2000-03-15 00:00:00,1954.0,51.5,,41.4,http://www.queensu.ca/cora/,Canada
EnvironicsPM,2000-06-15 00:00:00,1988.0,35.6,,42.9,http://www.queensu.ca/cora/,Canada
EnvironicsPM,2000-09-15 00:00:00,2028.0,55.4,,38.4,http://www.queensu.ca/cora/,Canada
EnvironicsPM,2000-12-15 00:00:00,2048.0,51.2,,40.5,http://www.queensu.ca/cora/,Canada
EnvironicsPM,2001-04-15 00:00:00,1878.0,48.4,,51.6,http://www.queensu.ca/cora/,Canada
EnvironicsPM,2001-06-15 00:00:00,1488.0,52.8,,43.8,http://www.queensu.ca/cora/,Canada
EnvironicsPM,2001-09-15 00:00:00,1940.0,58.7,,37.8,http://www.queensu.ca/cora/,Canada
EnvironicsPM,2001-12-15 00:00:00,1942.0,53.5,,42.3,http://www.queensu.ca/cora/,Canada
EnvironicsPM,2003-03-15 00:00:00,1934.0,44.7,,48.3,http://www.queensu.ca/cora/,Canada
EnvironicsPM,2003-06-15 00:00:00,1966.0,42.2,,54.1,http://www.queensu.ca/cora/,Canada
EnvironicsPM,2003-09-15 00:00:00,1930.0,45.3,,46.8,http://www.queensu.ca/cora/,Canada
EnvironicsPM,2004-03-15 00:00:00,2014.0,53.1,,38.4,http://www.queensu.ca/cora/,Canada
EnvironicsPM,2004-09-15 00:00:00,1879.0,56.4,,38.5,http://www.queensu.ca/cora/,Canada
EnvironicsPM,2004-12-15 00:00:00,2021.0,51.0,,44.5,http://www.queensu.ca/cora/,Canada
EnvironicsPM,2005-03-15 00:00:00,2022.0,47.7,,47.3,http://www.queensu.ca/cora/,Canada
EnvironicsPM,2005-06-15 00:00:00,2022.0,40.9,,55.8,http://www.queensu.ca/cora/,Canada
EnvironicsPM,2005-09-15 00:00:00,2024.0,45.2,,49.7,http://www.queensu.ca/cora/,Canada
EnvironicsPM,2006-03-15 00:00:00,2035.0,61.2,,26.6,http://www.queensu.ca/cora/,Canada
EnvironicsPM,2006-06-15 00:00:00,2036.0,57.8,,38.1,http://www.queensu.ca/cora/,Canada
EnvironicsPM,2006-09-15 00:00:00,2021.0,53.1,,42.3,http://www.queensu.ca/cora/,Canada
EnvironicsPM,2006-12-15 00:00:00,2045.0,52.5,,41.7,http://www.queensu.ca/cora/,Canada
EnvironicsPM,2007-03-15 00:00:00,2030.0,54.5,,39.8,http://www.queensu.ca/cora/,Canada
EnvironicsPM,2007-06-15 00:00:00,2021.0,48.8,,46.5,http://www.queensu.ca/cora/,Canada
EnvironicsPM,2007-09-15 00:00:00,2047.0,52.3,,41.9,http://www.queensu.ca/cora/,Canada
EnvironicsPM,2007-12-15 00:00:00,2032.0,57.4,,37.1,http://www.queensu.ca/cora/,Canada
EnvironicsPM,2008-03-15 00:00:00,2026.0,49.4,,44.8,http://www.queensu.ca/cora/,Canada
EnvironicsPM,2008-06-15 00:00:00,2025.0,46.3,,46.9,http://www.queensu.ca/cora/,Canada
EnvironicsPM,2008-12-15 00:00:00,2021.0,41.7,,54.3,http://www.queensu.ca/cora/,Canada
EnvironicsPM,2009-03-15 00:00:00,2020.0,49.5,,45.3,http://www.queensu.ca/cora/,Canada
FORUMPM,2013-04-15 00:00:00,1764.0,32.0,9.0,59.0,http://www.cbc.ca/news2/interactives/leadermeter/index.html#hilo,Canada
FORUMPM,2013-05-22 00:00:00,1779.0,29.0,7.0,64.0,http://www.cbc.ca/news2/interactives/leadermeter/index.html#hilo,Canada
FORUMPM,2013-06-18 00:00:00,1525.0,33.0,9.0,58.0,http://www.cbc.ca/news2/interactives/leadermeter/index.html#hilo,Canada
FORUMPM,2013-07-23 00:00:00,1782.0,31.0,9.0,60.0,http://www.cbc.ca/news2/interactives/leadermeter/index.html#hilo,Canada
FORUMPM,2013-08-23 00:00:00,1189.0,30.0,7.0,62.0,http://www.cbc.ca/news2/interactives/leadermeter/index.html#hilo,Canada
FORUMPM,2013-09-17 00:00:00,1527.0,32.0,9.0,58.0,http://www.cbc.ca/news2/interactives/leadermeter/index.html#hilo,Canada
FORUMPM,2013-10-22 00:00:00,1859.0,31.0,10.0,58.0,http://www.cbc.ca/news2/interactives/leadermeter/index.html#hilo,Canada
FORUMPM,2013-10-23 00:00:00,1007.0,34.0,7.0,59.0,http://www.cbc.ca/news2/interactives/leadermeter/index.html#hilo,Canada
FORUMPM,2013-11-13 00:00:00,1834.0,31.0,8.0,61.0,http://www.cbc.ca/news2/interactives/leadermeter/index.html#hilo,Canada
FORUMPM,2014-01-17 00:00:00,1779.0,30.0,8.0,62.0,http://www.cbc.ca/news2/interactives/leadermeter/index.html#hilo,Canada
FORUMPM,2014-01-24 00:00:00,1228.0,29.0,8.0,63.0,http://www.cbc.ca/news2/interactives/leadermeter/index.html#hilo,Canada
FORUMPM,2014-02-19 00:00:00,1824.0,31.0,8.0,60.0,http://www.cbc.ca/news2/interactives/leadermeter/index.html#hilo,Canada
FORUMPM,2014-03-28 00:00:00,1764.0,33.0,10.0,57.0,http://www.cbc.ca/news2/interactives/leadermeter/index.html#hilo,Canada
FORUMPM,2014-04-29 00:00:00,1572.0,31.0,9.0,60.0,http://www.cbc.ca/news2/interactives/leadermeter/index.html#hilo,Canada
FORUMPM,2014-05-23 00:00:00,1694.0,33.0,7.0,60.0,http://www.cbc.ca/news2/interactives/leadermeter/index.html#hilo,Canada
FORUMPM,2014-06-17 00:00:00,1683.0,34.0,8.0,58.0,http://www.cbc.ca/news2/interactives/leadermeter/index.html#hilo,Canada
FORUMPM,2014-07-18 00:00:00,1624.0,33.0,9.0,58.0,http://www.cbc.ca/news2/interactives/leadermeter/index.html#hilo,Canada
FORUMPM,2014-08-19 00:00:00,1798.0,35.0,10.0,55.0,http://www.cbc.ca/news2/interactives/leadermeter/index.html#hilo,Canada
FORUMPM,2014-09-05 00:00:00,1267.0,34.0,11.0,55.0,http://www.cbc.ca/news2/interactives/leadermeter/index.html#hilo,Canada
FORUMPM,2014-10-05 00:00:00,1504.0,34.0,9.0,57.0,http://www.cbc.ca/news2/interactives/leadermeter/index.html#hilo,Canada
FORUMPM,2014-11-20 00:00:00,1500.0,36.0,9.0,55.0,http://www.cbc.ca/news2/interactives/leadermeter/index.html#hilo,Canada
FORUMPM,2014-12-11 00:00:00,1658.0,34.0,9.0,57.0,http://www.cbc.ca/news2/interactives/leadermeter/index.html#hilo,Canada
FORUMPM,2015-01-06 00:00:00,1741.0,34.0,10.0,56.0,http://www.cbc.ca/news2/interactives/leadermeter/index.html#hilo,Canada
FORUMPM,2015-01-28 00:00:00,1382.0,34.0,10.0,56.0,http://www.cbc.ca/news2/interactives/leadermeter/index.html#hilo,Canada
FORUMPM,2015-03-31 00:00:00,1239.0,33.0,8.0,59.0,http://www.cbc.ca/news2/interactives/leadermeter/index.html#hilo,Canada
FORUMPM,2015-04-16 00:00:00,1365.0,33.0,8.0,58.0,http://www.cbc.ca/news2/interactives/leadermeter/index.html#hilo,Canada
FORUMPM,2015-05-13 00:00:00,1286.0,31.0,8.0,61.0,http://www.cbc.ca/news2/interactives/leadermeter/index.html#hilo,Canada
FORUMPM,2015-06-05 00:00:00,1156.0,33.0,8.0,59.0,http://www.cbc.ca/news2/interactives/leadermeter/index.html#hilo,Canada
FORUMPM,2015-06-16 00:00:00,1281.0,28.0,10.0,62.0,http://www.cbc.ca/news2/interactives/leadermeter/index.html#hilo,Canada
FORUMPM,2015-06-23 00:00:00,1268.0,30.0,9.0,61.0,http://www.cbc.ca/news2/interactives/leadermeter/index.html#hilo,Canada
FORUMPM,2015-06-29 00:00:00,1221.0,31.0,8.0,61.0,http://www.cbc.ca/news2/interactives/leadermeter/index.html#hilo,Canada
FORUMPM,2015-07-07 00:00:00,1200.0,35.0,7.0,58.0,http://www.cbc.ca/news2/interactives/leadermeter/index.html#hilo,Canada
FORUMPM,2015-07-13 00:00:00,1251.0,27.0,10.0,62.0,http://www.cbc.ca/news2/interactives/leadermeter/index.html#hilo,Canada
FORUMPM,2015-07-20 00:00:00,1208.0,31.0,7.0,62.0,http://www.cbc.ca/news2/interactives/leadermeter/index.html#hilo,Canada
FORUMPM,2015-07-28 00:00:00,1397.0,32.0,9.0,59.0,http://www.cbc.ca/news2/interactives/leadermeter/index.html#hilo,Canada
FORUMPM,2015-08-02 00:00:00,1399.0,29.0,8.0,63.0,http://www.cbc.ca/news2/interactives/leadermeter/index.html#hilo,Canada
FORUMPM,2015-08-19 00:00:00,1473.0,28.0,7.0,65.0,http://www.cbc.ca/news2/interactives/leadermeter/index.html#hilo,Canada
FORUMPM,2015-08-24 00:00:00,1440.0,26.0,6.0,68.0,http://www.cbc.ca/news2/interactives/leadermeter/index.html#hilo,Canada
FORUMPM,2015-09-10 00:00:00,1308.0,29.0,6.0,65.0,http://www.cbc.ca/news2/interactives/leadermeter/index.html#hilo,Canada
FORUMPM,2015-09-15 00:00:00,1384.0,28.0,7.0,66.0,http://www.cbc.ca/news2/interactives/leadermeter/index.html#hilo,Canada
FORUMPM,2015-09-15 00:00:00,1402.0,33.0,9.0,59.0,http://www.cbc.ca/news2/interactives/leadermeter/index.html#hilo,Canada
FORUMPM,2015-09-18 00:00:00,922.0,32.0,8.0,60.0,http://www.cbc.ca/news2/interactives/leadermeter/index.html#hilo,Canada
FORUMPM,2015-09-23 00:00:00,1557.0,31.0,7.0,61.0,http://www.cbc.ca/news2/interactives/leadermeter/index.html#hilo,Canada
FORUMPM,2015-09-29 00:00:00,1499.0,33.0,6.0,61.0,http://www.cbc.ca/news2/interactives/leadermeter/index.html#hilo,Canada
FORUMPM,2015-10-06 00:00:00,1447.0,30.0,7.0,63.0,http://www.cbc.ca/news2/interactives/leadermeter/index.html#hilo,Canada
FORUMPM,2015-10-14 00:00:00,1438.0,31.0,5.0,63.0,http://www.cbc.ca/news2/interactives/leadermeter/index.html#hilo,Canada
FORUMPM,2015-11-07 00:00:00,1256.0,60.0,20.0,20.0,http://www.cbc.ca/news2/interactives/leadermeter/index.html#hilo,Canada
FORUMPM,2015-12-08 00:00:00,1369.0,57.0,13.0,30.0,http://www.cbc.ca/news2/interactives/leadermeter/index.html#hilo,Canada
FORUMPM,2016-02-17 00:00:00,1406.0,57.0,9.0,34.0,http://www.cbc.ca/news2/interactives/leadermeter/index.html#hilo,Canada
FORUMPM,2016-03-15 00:00:00,1567.0,54.0,11.0,35.0,http://www.cbc.ca/news2/interactives/leadermeter/index.html#hilo,Canada
FORUMPM,2016-04-05 00:00:00,1455.0,58.0,9.0,33.0,http://www.cbc.ca/news2/interactives/leadermeter/index.html#hilo,Canada
FORUMPM,2016-05-11 00:00:00,1517.0,57.0,9.0,34.0,http://www.cbc.ca/news2/interactives/leadermeter/index.html#hilo,Canada
FORUMPM,2016-06-07 00:00:00,2271.0,57.0,10.0,33.0,http://www.cbc.ca/news2/interactives/leadermeter/index.html#hilo,Canada
FORUMPM,2016-07-05 00:00:00,1429.0,62.0,10.0,29.0,http://www.cbc.ca/news2/interactives/leadermeter/index.html#hilo,Canada
FORUMPM,2016-08-06 00:00:00,1345.0,60.0,10.0,30.0,http://www.cbc.ca/news2/interactives/leadermeter/index.html#hilo,Canada
FORUMPM,2016-09-07 00:00:00,1370.0,55.0,9.0,36.0,http://www.cbc.ca/news2/interactives/leadermeter/index.html#hilo,Canada
FORUMPM,2016-09-21 00:00:00,1326.0,54.0,11.0,35.0,http://www.cbc.ca/news2/interactives/leadermeter/index.html#hilo,Canada
FORUMPM,2016-10-12 00:00:00,1437.0,56.0,9.0,35.0,http://www.cbc.ca/news2/interactives/leadermeter/index.html#hilo,Canada
FORUMPM,2016-11-10 00:00:00,1474.0,58.0,10.0,32.0,http://www.cbc.ca/news2/interactives/leadermeter/index.html#hilo,Canada
FORUMPM,2016-12-07 00:00:00,1304.0,51.0,10.0,39.0,http://www.cbc.ca/news2/interactives/leadermeter/index.html#hilo,Canada
FORUMPM,2017-01-21 00:00:00,1332.0,48.0,9.0,42.0,http://www.cbc.ca/news2/interactives/leadermeter/index.html#hilo,Canada
FORUMPM,2017-02-26 00:00:00,1340.0,45.0,11.0,44.0,http://www.cbc.ca/news2/interactives/leadermeter/index.html#hilo,Canada
FORUMPM,2017-04-24 00:00:00,1479.0,42.0,10.0,47.0,http://www.cbc.ca/news2/interactives/leadermeter/index.html#hilo,Canada
FORUMPM,2017-06-08 00:00:00,1483.0,48.0,11.0,41.0,http://www.cbc.ca/news2/interactives/leadermeter/index.html#hilo,Canada
FORUMPM,2017-08-17 00:00:00,1150.0,49.0,10.0,42.0,http://www.cbc.ca/news2/interactives/leadermeter/index.html#hilo,Canada
FORUMPM,2017-09-14 00:00:00,1350.0,43.0,11.0,47.0,http://www.cbc.ca/news2/interactives/leadermeter/index.html#hilo,Canada
FORUMPM,2017-12-14 00:00:00,1284.0,42.0,11.0,47.0,http://www.cbc.ca/news2/interactives/leadermeter/index.html#hilo,Canada
FORUMPM,2018-01-24 00:00:00,1408.0,44.0,9.0,47.0,http://www.cbc.ca/news2/interactives/leadermeter/index.html#hilo,Canada
FORUMPM,2018-04-20 00:00:00,1585.0,33.0,9.0,58.0,http://www.cbc.ca/news2/interactives/leadermeter/index.html#hilo,Canada
FORUMPM,2018-05-16 00:00:00,1484.0,35.0,9.0,56.0,http://www.cbc.ca/news2/interactives/leadermeter/index.html#hilo,Canada
FORUMPM,2019-05-15 00:00:00,,31.0,,56.0,https://www.campaignresearch.com/single-post/2019/05/03/Conservatives-maintain-their-lead,Canada
FORUMPM,2019-06-11 00:00:00,1633.0,34.0,,56.0,http://poll.forumresearch.com/post/2970/fed-horserace-may-2019,Canada
FORUMPM,2019-07-30 00:00:00,1733.0,34.0,,55.0,http://poll.forumresearch.com/post/3009/fed-horserace-july-2019/,Canada
FORUMPM,2019-09-21 00:00:00,,37.0,,54.0,https://www.cbc.ca/news2/interactives/leadermeter/index.html#sources,Canada
FORUMPM,2019-10-15 00:00:00,,36.0,,55.0,https://www.cbc.ca/news2/interactives/leadermeter/index.html#sources,Canada
FORUMPM,2019-10-16 00:00:00,,39.0,,53.0,https://www.cbc.ca/news2/interactives/leadermeter/index.html#sources,Canada
GALLUPCANADA,1957-09-15 00:00:00,1227.0,51.8,,43.0,https://library.carleton.ca/find/data/gallup-canada,Canada
GALLUPCANADA,1957-12-15 00:00:00,2122.0,60.0,,10.4,https://library.carleton.ca/find/data/gallup-canada,Canada
GALLUPCANADA,1958-06-15 00:00:00,1202.0,63.1,,11.9,https://library.carleton.ca/find/data/gallup-canada,Canada
GALLUPCANADA,1959-03-15 00:00:00,698.0,52.4,,30.1,https://library.carleton.ca/find/data/gallup-canada,Canada
GALLUPCANADA,1960-01-15 00:00:00,679.0,50.8,,21.6,https://library.carleton.ca/find/data/gallup-canada,Canada
GALLUPCANADA,1960-07-15 00:00:00,731.0,45.4,,38.3,https://library.carleton.ca/find/data/gallup-canada,Canada
GALLUPCANADA,1960-11-15 00:00:00,685.0,42.3,,33.9,https://library.carleton.ca/find/data/gallup-canada,Canada
GALLUPCANADA,1961-03-15 00:00:00,703.0,40.1,,30.4,https://library.carleton.ca/find/data/gallup-canada,Canada
GALLUPCANADA,1961-07-15 00:00:00,715.0,48.7,,35.5,https://library.carleton.ca/find/data/gallup-canada,Canada
GALLUPCANADA,1962-09-15 00:00:00,690.0,37.7,,40.6,https://library.carleton.ca/find/data/gallup-canada,Canada
GALLUPCANADA,1964-06-05 00:00:00,709.0,35.5,,27.4,https://library.carleton.ca/find/data/gallup-canada,Canada
GALLUPCANADA,1969-05-15 00:00:00,722.0,34.5,,27.7,https://library.carleton.ca/find/data/gallup-canada,Canada
GALLUPCANADA,1974-03-15 00:00:00,1047.0,47.9,,33.7,https://library.carleton.ca/find/data/gallup-canada,Canada
GALLUPCANADA,1975-09-15 00:00:00,1041.0,41.6,,35.4,https://library.carleton.ca/find/data/gallup-canada,Canada
GALLUPCANADA,1976-04-15 00:00:00,,32.0,,57.0,https://angusreid.org/wp-content/uploads/2024/05/Leadership-Tracker-1970s.pdf,Canada
GALLUPCANADA,1976-12-15 00:00:00,1053.0,31.8,,56.9,https://library.carleton.ca/find/data/gallup-canada,Canada
GALLUPCANADA,1977-11-15 00:00:00,1056.0,41.3,,42.0,https://library.carleton.ca/find/data/gallup-canada,Canada
GALLUPCANADA,1978-05-15 00:00:00,,41.0,18.0,42.0,https://angusreid.org/wp-content/uploads/2024/05/Leadership-Tracker-1970s.pdf,Canada
GALLUPCANADA,1979-04-15 00:00:00,1029.0,42.9,,41.1,https://library.carleton.ca/find/data/gallup-canada,Canada
GALLUPCANADA,1980-08-15 00:00:00,1032.0,50.6,,34.7,https://library.carleton.ca/find/data/gallup-canada,Canada
GALLUPCANADA,1980-09-15 00:00:00,1062.0,50.1,,35.4,https://library.carleton.ca/find/data/gallup-canada,Canada
GALLUPCANADA,1980-10-15 00:00:00,1043.0,47.6,,36.3,https://library.carleton.ca/find/data/gallup-canada,Canada
GALLUPCANADA,1980-10-15 00:00:00,1051.0,43.7,,38.7,https://library.carleton.ca/find/data/gallup-canada,Canada
GALLUPCANADA,1980-11-15 00:00:00,1051.0,43.9,,44.8,https://library.carleton.ca/find/data/gallup-canada,Canada
GALLUPCANADA,1981-09-15 00:00:00,,34.0,13.0,53.0,https://angusreid.org/wp-content/uploads/2024/05/Leadership-Tracker-1970s.pdf,Canada
GALLUPCANADA,1982-06-15 00:00:00,,27.0,11.0,61.0,https://angusreid.org/wp-content/uploads/2024/05/Leadership-Tracker-1970s.pdf,Canada
GALLUPCANADA,1983-02-15 00:00:00,,27.0,13.0,60.0,https://angusreid.org/wp-content/uploads/2024/05/Leadership-Tracker-1970s.pdf,Canada
GALLUPCANADA,1984-01-15 00:00:00,,40.0,12.0,48.0,https://angusreid.org/wp-content/uploads/2024/05/Leadership-Tracker-1970s.pdf,Canada
GALLUPCANADA,1985-01-15 00:00:00,,54.0,15.0,21.0,https://angusreid.org/wp-content/uploads/2024/05/Leadership-Tracker-1970s.pdf,Canada
GALLUPCANADA,1989-09-15 00:00:00,1051.0,28.0,,56.2,,Canada
GALLUPCANADA,1990-04-15 00:00:00,1049.0,19.0,,68.0,,Canada
GALLUPCANADA,1990-10-15 00:00:00,1041.0,15.2,,77.0,,Canada
GALLUPCANADA,1991-02-15 00:00:00,1037.0,31.6,,40.1,,Canada
GALLUPCANADA,1991-09-15 00:00:00,1037.0,14.6,,76.3,,Canada
GALLUPCANADA,1992-02-15 00:00:00,1001.0,10.7,,81.7,,Canada
GALLUPCANADA,1993-01-15 00:00:00,1031.0,17.3,,75.8,,Canada
GALLUPCANADA,1993-07-15 00:00:00,1032.0,51.6,,21.6,,Canada
GALLUPCANADA,1994-01-15 00:00:00,1001.0,55.8,,12.2,,Canada
GALLUPCANADA,1994-02-15 00:00:00,1005.0,61.2,,13.9,,Canada
GALLUPCANADA,1994-03-15 00:00:00,1001.0,58.2,,19.2,,Canada
GALLUPCANADA,1994-04-15 00:00:00,1014.0,58.1,,24.0,,Canada
GALLUPCANADA,1994-05-15 00:00:00,1009.0,58.7,,24.9,,Canada
GALLUPCANADA,1994-07-15 00:00:00,1004.0,59.6,,20.8,,Canada
GALLUPCANADA,1994-08-15 00:00:00,1005.0,55.6,,22.2,,Canada
GALLUPCANADA,1994-09-15 00:00:00,1012.0,62.1,,21.3,,Canada
GALLUPCANADA,1994-10-15 00:00:00,1005.0,60.4,,20.2,,Canada
GALLUPCANADA,1994-11-15 00:00:00,1011.0,63.2,,20.2,,Canada
GALLUPCANADA,1994-12-15 00:00:00,1002.0,61.7,,18.8,,Canada
GALLUPCANADA,1995-01-15 00:00:00,1003.0,56.9,,23.7,,Canada
GALLUPCANADA,1995-02-15 00:00:00,1005.0,55.3,,26.1,,Canada
GALLUPCANADA,1995-03-15 00:00:00,1004.0,61.4,,20.8,,Canada
GALLUPCANADA,1995-04-15 00:00:00,1005.0,62.1,,21.1,,Canada
GALLUPCANADA,1995-06-15 00:00:00,1002.0,58.2,,20.8,,Canada
GALLUPCANADA,1995-08-15 00:00:00,1005.0,59.5,,22.8,,Canada
GALLUPCANADA,1995-09-15 00:00:00,1004.0,57.1,,24.2,,Canada
GALLUPCANADA,1995-10-15 00:00:00,1002.0,61.4,,21.6,,Canada
GALLUPCANADA,1995-11-15 00:00:00,1005.0,59.0,,30.0,,Canada
GALLUPCANADA,1996-01-15 00:00:00,1003.0,50.0,,30.0,,Canada
GALLUPCANADA,1996-02-15 00:00:00,1007.0,52.5,,31.0,,Canada
GALLUPCANADA,1996-03-15 00:00:00,1000.0,50.7,,32.3,,Canada
GALLUPCANADA,1996-04-15 00:00:00,1002.0,54.2,,32.0,,Canada
GALLUPCANADA,1996-05-15 00:00:00,1002.0,46.4,,36.2,,Canada
GALLUPCANADA,1996-06-15 00:00:00,1005.0,50.4,,36.2,,Canada
GALLUPCANADA,1996-07-15 00:00:00,1002.0,49.5,,30.0,,Canada
GALLUPCANADA,1996-08-15 00:00:00,1007.0,52.8,,31.1,,Canada
GALLUPCANADA,1996-09-15 00:00:00,1001.0,50.3,,30.3,,Canada
GALLUPCANADA,1996-10-15 00:00:00,1004.0,52.8,,28.0,,Canada
GALLUPCANADA,1996-11-15 00:00:00,1002.0,54.8,,30.8,,Canada
GALLUPCANADA,1996-12-15 00:00:00,1003.0,53.3,,29.8,,Canada
GALLUPCANADA,1997-01-15 00:00:00,1000.0,48.6,,32.8,,Canada
GALLUPCANADA,1997-02-15 00:00:00,1008.0,44.3,,34.1,,Canada
GALLUPCANADA,1997-03-15 00:00:00,1002.0,44.8,,34.1,,Canada
GALLUPCANADA,1997-04-15 00:00:00,1006.0,50.0,,31.8,,Canada
GALLUPCANADA,1997-06-15 00:00:00,1005.0,53.6,,35.6,,Canada
GALLUPCANADA,1997-07-15 00:00:00,1000.0,50.4,,31.0,,Canada
GALLUPCANADA,1997-08-15 00:00:00,1003.0,48.0,,35.3,,Canada
GALLUPCANADA,1997-09-15 00:00:00,1003.0,51.8,,31.3,,Canada
GALLUPCANADA,1997-10-15 00:00:00,1004.0,51.7,,32.0,,Canada
GALLUPCANADA,1997-11-15 00:00:00,1004.0,55.8,,27.1,,Canada
GALLUPCANADA,1997-12-15 00:00:00,1006.0,51.6,,32.3,,Canada
GALLUPCANADA,1998-06-15 00:00:00,1004.0,54.2,,30.1,,Canada
GALLUPCANADA,1998-07-15 00:00:00,1002.0,52.8,,29.3,,Canada
GALLUPCANADA,1998-09-15 00:00:00,1013.0,55.8,,31.0,,Canada
GALLUPCANADA,1998-10-15 00:00:00,1004.0,55.3,,24.6,,Canada
GALLUPCANADA,1998-11-15 00:00:00,1004.0,17.9,,75.9,,Canada
GALLUPCANADA,1999-01-15 00:00:00,1008.0,56.5,,28.5,,Canada
GALLUPCANADA,1999-02-15 00:00:00,1006.0,49.7,,37.5,,Canada
GALLUPCANADA,1999-03-15 00:00:00,1011.0,53.4,,35.5,,Canada
GALLUPCANADA,1999-04-15 00:00:00,1005.0,54.2,,31.1,,Canada
GALLUPCANADA,1999-05-15 00:00:00,1003.0,57.3,,31.3,,Canada
GALLUPCANADA,1999-06-15 00:00:00,1002.0,52.9,,30.5,,Canada
GALLUPCANADA,1999-07-15 00:00:00,1002.0,53.7,,31.9,,Canada
GALLUPCANADA,1999-08-15 00:00:00,1014.0,54.5,,31.9,,Canada
GALLUPCANADA,1999-09-15 00:00:00,1003.0,55.4,,32.1,,Canada
GALLUPCANADA,1999-10-15 00:00:00,1007.0,52.7,,33.3,,Canada
GALLUPCANADA,1999-11-15 00:00:00,1007.0,52.9,,31.4,,Canada
GALLUPCANADA,1999-12-15 00:00:00,1007.0,54.1,,32.3,,Canada
GALLUPCANADA,2000-01-15 00:00:00,1002.0,53.1,,34.9,,Canada
GALLUPCANADA,2000-02-15 00:00:00,1003.0,44.8,,37.9,,Canada
GALLUPCANADA,2000-03-15 00:00:00,1002.0,49.5,,37.7,,Canada
GALLUPCANADA,2000-04-15 00:00:00,1008.0,48.4,,40.7,,Canada
GALLUPCANADA,2000-05-15 00:00:00,1008.0,45.5,,41.1,,Canada
GALLUPCANADA,2000-06-15 00:00:00,1024.0,46.8,,40.8,,Canada
GALLUPCANADA,2000-07-15 00:00:00,1002.0,48.3,,38.3,,Canada
GALLUPCANADA,2000-08-15 00:00:00,1011.0,53.1,,34.0,,Canada
GALLUPCANADA,2000-09-15 00:00:00,1000.0,51.7,,38.7,,Canada
GALLUPCANADA,2000-10-15 00:00:00,1009.0,54.0,,35.0,,Canada
GALLUPCANADA,2000-11-15 00:00:00,1003.0,44.7,,48.5,,Canada
GALLUPCANADA,2000-12-15 00:00:00,1001.0,50.0,,41.0,,Canada
GALLUPWORLD_LDR,2025-06-30 00:00:00,1014.0,38.0,,57.0,https://docs.google.com/spreadsheets/d/1b8ctKb4iBpuO26QFEHqHspeQwGDiTIMa/edit?usp=sharing&ouid=103621415253554080783&rtpof=true&sd=true,Canada
GALLUPWORLD_LSHP,2007-09-15 00:00:00,1000.0,58.32,,38.32,https://drive.google.com/drive/folders/0B1t8CP92v4NSZ1BqcVgzUzlaUm8,Canada
GALLUPWORLD_LSHP,2008-09-07 00:00:00,1000.0,56.62,,39.5,https://drive.google.com/drive/folders/0B1t8CP92v4NSZ1BqcVgzUzlaUm8,Canada
GALLUPWORLD_LSHP,2009-08-25 00:00:00,1000.0,53.51,,42.63,https://drive.google.com/drive/folders/0B1t8CP92v4NSZ1BqcVgzUzlaUm8,Canada
GALLUPWORLD_LSHP,2010-09-05 00:00:00,1000.0,54.72,,42.01,https://drive.google.com/drive/folders/0B1t8CP92v4NSZ1BqcVgzUzlaUm8,Canada
GALLUPWORLD_LSHP,2011-06-30 00:00:00,1000.0,58.05,,38.99,https://drive.google.com/drive/folders/0B1t8CP92v4NSZ1BqcVgzUzlaUm8,Canada
GALLUPWORLD_LSHP,2012-02-12 00:00:00,1002.0,55.5,,41.2,https://analyticscampus-gallup-com.proxyiub.uits.iu.edu/Tables,Canada
GALLUPWORLD_LSHP,2013-05-05 00:00:00,580.0,48.6,,48.2,https://analyticscampus-gallup-com.proxyiub.uits.iu.edu/Tables,Canada
GALLUPWORLD_LSHP,2014-05-21 00:00:00,1004.0,42.6,,50.2,https://analyticscampus-gallup-com.proxyiub.uits.iu.edu/Tables,Canada
GALLUPWORLD_LSHP,2015-11-25 00:00:00,1011.0,44.7,,52.3,https://analyticscampus-gallup-com.proxyiub.uits.iu.edu/Tables,Canada
GALLUPWORLD_LSHP,2016-07-25 00:00:00,1016.0,71.7,,25.1,https://analyticscampus-gallup-com.proxyiub.uits.iu.edu/Tables,Canada
GALLUPWORLD_LSHP,2017-11-29 00:00:00,1005.0,61.0,,37.5,https://analyticscampus-gallup-com.proxyiub.uits.iu.edu/Tables,Canada
GALLUPWORLD_LSHP,2018-10-25 00:00:00,1009.0,52.3,,44.5,https://analyticscampus-gallup-com.proxyiub.uits.iu.edu/Tables,Canada
GALLUPWORLD_LSHP,2019-07-31 00:00:00,1031.0,46.2,,52.5,https://analyticscampus-gallup-com.proxyiub.uits.iu.edu/Tables,Canada
GALLUPWORLD_LSHP,2020-09-21 00:00:00,1006.0,52.0,,46.0,https://analyticscampus-gallup-com.proxyiub.uits.iu.edu/Tables,Canada
GALLUPWORLD_LSHP,2021-07-06 00:00:00,1008.0,54.0,,45.0,https://analyticscampus-gallup-com.proxyiub.uits.iu.edu/Tables,Canada
GALLUPWORLD_LSHP,2021-07-06 00:00:00,1008.0,58.0,,41.0,GallupAnalytics_Export_20240723_084745,Canada
GALLUPWORLD_LSHP,2022-07-28 00:00:00,1014.0,48.0,,51.0,GallupAnalytics_Export_20240723_084745,Canada
GALLUPWORLD_LSHP,2023-07-07 00:00:00,1004.0,49.0,,51.0,GallupAnalytics_Export_20240723_084745,Canada
GALLUPWORLD_LSHP,2025-06-20 00:00:00,1014.0,59.0,,38.0,https://docs.google.com/spreadsheets/d/1s9hN0gQ130Uu5Qj0zEX8oOh-8tAIyprw/edit?usp=sharing&ouid=103621415253554080783&rtpof=true&sd=true,Canada
INSIGHTSWESTPM,2017-10-26 00:00:00,1005.0,51.0,43.0,6.0,http://www.cbc.ca/news2/interactives/leadermeter/index.html#sources,Canada
IPSOS,1994-02-15 00:00:00,1465.0,71.0,11.0,18.0,https://www.ipsos.com/sites/default/files/publication/1996-12/p120996t.pdf,Canada
IPSOS,1994-04-15 00:00:00,1506.0,68.0,10.0,22.0,https://www.ipsos.com/sites/default/files/publication/1996-12/p120996t.pdf,Canada
IPSOS,1994-09-15 00:00:00,1504.0,71.0,8.0,21.0,https://www.ipsos.com/sites/default/files/publication/1996-12/p120996t.pdf,Canada
IPSOS,1995-03-15 00:00:00,1503.0,70.0,7.0,23.0,https://www.ipsos.com/sites/default/files/publication/1996-12/p120996t.pdf,Canada
IPSOS,1995-11-15 00:00:00,1506.0,63.0,5.0,32.0,https://www.ipsos.com/sites/default/files/publication/1996-12/p120996t.pdf,Canada
IPSOS,1996-06-15 00:00:00,1500.0,57.0,6.0,37.0,https://www.ipsos.com/sites/default/files/publication/1996-12/p120996t.pdf,Canada
IPSOS,1996-11-15 00:00:00,1520.0,63.0,4.0,33.0,https://www.ipsos.com/sites/default/files/publication/1996-12/p120996t.pdf,Canada
IPSOS,1997-01-27 00:00:00,1519.0,57.0,,40.0,https://www.ipsos.com/sites/default/files/publication/1997-01/pr97130t.pdf,Canada
IPSOS,1997-05-15 00:00:00,3220.0,52.0,,42.0,https://www.ipsos.com/sites/default/files/publication/1998-02/pr140298tb.pdf,Canada
IPSOS,1998-01-26 00:00:00,1524.0,67.0,,29.0,https://www.ipsos.com/sites/default/files/publication/1998-02/pr140298tb.pdf,Canada
IPSOS,1998-06-23 00:00:00,1504.0,65.0,,32.0,https://www.ipsos.com/sites/default/files/publication/1998-07/pr100798tb.pdf,Canada
IPSOS,1998-11-15 00:00:00,1515.0,56.0,,41.0,https://www.ipsos.com/en-ca/majority-approve-pms-performance-despite-belief-he-should-step-aside-next-election,Canada
IPSOS,1999-06-09 00:00:00,1500.0,59.0,4.0,38.0,https://www.ipsos.com/en-ca/liberals-47-still-tops-federal-vote-and-overall-performance-approval-62,Canada
IPSOS,2000-03-15 00:00:00,,60.0,,,https://www.ipsos.com/en-ca/federal-political-scene-september-2000,Canada
IPSOS,2000-09-15 00:00:00,1841.0,54.0,,,https://www.ipsos.com/en-ca/federal-political-scene-september-2000,Canada
IPSOS,2000-10-15 00:00:00,1503.0,52.0,2.0,46.0,https://www.ipsos.com/sites/default/files/publication/2000-10/mr001026_2t.pdf,Canada
IPSOS,2001-07-08 00:00:00,1000.0,55.0,,40.0,https://www.ipsos.com/sites/default/files/publication/2001-07/mr010709_3t.pdf,Canada
IPSOS,2002-06-05 00:00:00,1000.0,46.0,5.0,49.0,https://www.ipsos.com/sites/default/files/publication/2002-06/mr020606-3tb_2.pdf,Canada
IPSOS,2003-12-15 00:00:00,2000.0,52.0,,,,Canada
IPSOS,2004-01-15 00:00:00,2000.0,56.0,,,,Canada
IPSOS,2004-03-07 00:00:00,2111.0,57.0,,34.0,https://www.ipsos.com/sites/default/files/publication/2004-03/mr040308-3tb.pdf,Canada
IPSOS,2006-02-09 00:00:00,1000.0,54.0,14.0,32.0,https://www.ipsos.com/sites/default/files/publication/2006-02/mr060213-1tb.pdf,Canada
IPSOS,2006-02-16 00:00:00,1000.0,59.0,10.0,32.0,https://www.ipsos.com/sites/default/files/publication/2006-02/mr060220-1tb.pdf,Canada
IPSOS,2006-03-23 00:00:00,1000.0,62.0,8.0,30.0,https://www.ipsos.com/sites/default/files/publication/2006-03/mr032506-1tb.pdf,Canada
IPSOS,2006-07-27 00:00:00,1000.0,60.0,,32.0,,Canada
IPSOS,2012-12-10 00:00:00,1021.0,45.0,,55.0,https://www.ipsos.com/sites/default/files/publication/2013-01/5950-tb1.pdf,Canada
IPSOS,2013-04-03 00:00:00,1053.0,42.0,,58.0,https://www.ipsos.com/sites/default/files/publication/2013-04/6057-tb1.pdf,Canada
IPSOS,2013-09-13 00:00:00,980.0,39.0,,61.0,https://www.ipsos.com/sites/default/files/publication/2015-09/6987-tb1.pdf,Canada
IPSOS,2014-02-19 00:00:00,1036.0,44.0,,56.0,https://www.ipsos.com/sites/default/files/publication/2014-02/6434-tb1.pdf,Canada
IPSOS,2014-09-12 00:00:00,1605.0,49.0,,51.0,https://www.ipsos.com/sites/default/files/publication/2014-09/6598-tb1.pdf,Canada
IPSOS,2014-12-19 00:00:00,1005.0,49.0,,51.0,https://www.ipsos.com/sites/default/files/publication/2014-12/6711-tb1.pdf,Canada
IPSOS,2015-04-07 00:00:00,1001.0,47.0,,53.0,https://www.ipsos.com/sites/default/files/publication/2015-04/6815-tb1rev.pdf,Canada
IPSOS,2015-06-23 00:00:00,2003.0,41.0,,59.0,https://www.ipsos.com/sites/default/files/publication/2015-06/6899-tb1.pdf,Canada
IPSOS,2015-07-27 00:00:00,2000.0,44.0,,56.0,https://www.ipsos.com/sites/default/files/publication/2015-07/6925-tb1rev.pdf,Canada
IPSOS,2015-08-10 00:00:00,2022.0,41.0,1.0,58.1,https://www.ipsos.com/sites/default/files/publication/2015-08/6947-tb1.pdf,Canada
IPSOS,2015-09-08 00:00:00,949.0,38.0,,62.0,https://www.ipsos.com/sites/default/files/publication/2015-09/6976-tb1.pdf,Canada
IPSOS,2015-09-13 00:00:00,980.0,40.0,,60.0,https://www.ipsos.com/sites/default/files/publication/2015-09/6987-tb2.pdf,Canada
IPSOS,2015-09-20 00:00:00,1103.0,40.0,,60.0,https://www.ipsos.com/sites/default/files/publication/2015-09/6995-tb1.pdf,Canada
IPSOS,2015-09-27 00:00:00,1354.0,42.0,,58.0,https://www.ipsos.com/sites/default/files/publication/2015-09/7005-tb1.pdf,Canada
IPSOS,2015-10-05 00:00:00,1441.0,43.0,,57.0,https://www.ipsos.com/sites/default/files/publication/2015-10/7013-tb1.pdf,Canada
IPSOS,2015-10-13 00:00:00,1349.0,43.0,,57.0,https://www.ipsos.com/sites/default/files/publication/2015-10/7021-tb1.pdf,Canada
IPSOS,2015-10-17 00:00:00,2503.0,42.0,,58.0,https://www.ipsos.com/sites/default/files/publication/2015-10/7031-tb1.pdf,Canada
IPSOS,2016-03-16 00:00:00,1008.0,66.0,,34.0,https://www.ipsos.com/sites/default/files/publication/2016-03/7176-tb1.pdf,Canada
IPSOS,2016-05-24 00:00:00,1002.0,62.0,,38.0,https://www.ipsos.com/sites/default/files/publication/2016-05/7245-tb1.pdf,Canada
IPSOS,2016-10-14 00:00:00,1000.0,63.0,,37.0,https://www.ipsos.com/en-ca/news-polls/despite-receiving-canadians-approval-policies-only-slim-majority-agrees,Canada
IPSOS,2016-12-19 00:00:00,2003.0,61.0,,39.0,https://www.ipsos.com/en-ca/news-polls/growing-number-canadians-believe-trudeau-government-more-style-substance-67-8-points,Canada
IPSOS,2017-01-25 00:00:00,1000.0,59.0,,41.0,https://www.ipsos.com/sites/default/files/2017-05/7554-CPC%20Leadership%20Tables%201.pdf,Canada
IPSOS,2017-03-30 00:00:00,1001.0,56.0,,44.0,https://www.ipsos.com/sites/default/files/2017-05/7622-dt1.pdf,Canada
IPSOS,2017-07-25 00:00:00,1000.0,60.0,,40.0,https://www.ipsos.com/sites/default/files/2017-07/Khadr%20Settlement-table1-2017-07-26_1.pdf,Canada
IPSOS,2017-09-14 00:00:00,1001.0,59.0,,41.0,https://www.ipsos.com/sites/default/files/ct/news/documents/2017-09/Tax%20Reform_Table1_2017-09-16.pdf,Canada
IPSOS,2017-09-27 00:00:00,1001.0,55.0,,45.0,https://www.ipsos.com/sites/default/files/ct/news/documents/2017-10/tax-reform-turmoil-table1-2017-10-04.pdf,Canada
IPSOS,2017-10-25 00:00:00,1001.0,52.0,,38.0,https://www.ipsos.com/sites/default/files/ct/news/documents/2017-10/Fed-Approval-Gov-TaxChanges-Table1-2017-10-29_0.pdf,Canada
IPSOS,2018-03-15 00:00:00,1004.0,46.0,,54.0,https://www.ipsos.com/sites/default/files/ct/news/documents/2018-03/fedvote_mar_2_tables_1.pdf,Canada
IPSOS,2018-06-15 00:00:00,1001.0,50.0,,50.0,https://www.ipsos.com/sites/default/files/ct/news/documents/2018-06/fedvote_june_19_tables_1.pdf,Canada
IPSOS,2018-06-29 00:00:00,1002.0,55.0,,45.0,https://www.ipsos.com/sites/default/files/ct/news/documents/2018-07/18-049955-01-02_698_fedvote_banner1_july_19_2018.pdf,Canada
IPSOS,2018-10-09 00:00:00,2001.0,48.0,,52.0,https://www.ipsos.com/sites/default/files/ct/news/documents/2018-10/detailed_tables_1.pdf,Canada
IPSOS,2019-03-27 00:00:00,1002.0,40.0,,,,Canada
IPSOS,2019-08-19 00:00:00,1001.0,36.0,,64.0,https://www.ipsos.com/en-ca/news-polls/Conservatives-Liberals-Dead-Heat-Ethics-Review-Fails-to-Move-Voters,Canada
IPSOS,2019-09-13 00:00:00,2562.0,44.0,,56.0,https://www.ipsos.com/en-ca/news-polls/Liberals-Conservatives-Dead-Heat-Election-Officially-Underway,Canada
IPSOS,2019-09-23 00:00:00,1500.0,40.0,,60.0,https://www.ipsos.com/en-ca/news-polls/Liberals-Stumble-Tories-Now-Ahead-Amid-Trudeau-Controversy-Over-Racially-Insensitive-Photo,Canada
IPSOS,2019-09-30 00:00:00,1489.0,43.0,,,https://www.ipsos.com/en-ca/news-polls/Conservatives-Hold-Narrow-Lead-with-Liberals-Close-Behind,Canada
IPSOS,2019-10-07 00:00:00,1502.0,41.0,,59.0,https://www.ipsos.com/en-ca/news-polls/Conservatives-Stumble-Tied-with-Liberals-Ahead-of-Critical-English-Language-Debate,Canada
IPSOS,2019-10-13 00:00:00,2204.0,42.0,,57.0,https://www.ipsos.com/en-ca/news-polls/Outcome-Remains-Uncertain-as-Campaign-Enters-Home-Stretch,Canada
IPSOS,2019-10-19 00:00:00,3108.0,45.0,,54.0,https://www.ipsos.com/en-ca/news-polls/With-Election-Close-and-Country-Divided-Who-Will-Get-Out-Their-Vote,Canada
IPSOS,2020-02-24 00:00:00,1300.0,43.0,,57.0,https://www.ipsos.com/en-ca/news-polls/Growing-Proportion-of-Canadians-Have-Unfavourable-View-Of-Blockades,Canada
IPSOS,2020-03-02 00:00:00,1000.0,40.0,,60.0,https://www.ipsos.com/en-ca/news-polls/Trudeau-Approval-Rating-Softens-As-Views-Towards-Blockades-Solidify,Canada
IPSOS,2020-03-09 00:00:00,1000.0,48.0,,52.0,https://www.ipsos.com/en-ca/news-polls/Trudeau-Government-Approval-Rating-Spikes-As-Groundwork-Laid-For-Peaceful-Resolution-Of-Blockade-Crisis,Canada
IPSOS,2020-04-01 00:00:00,1000.0,74.0,,26.0,https://globalnews.ca/news/6792998/coronavirus-canada-politicians-approval-ratings/,Canada
IPSOS,2020-09-14 00:00:00,1000.0,53.0,,47.0,https://www.ipsos.com/en-ca/news-polls/Heading-into-Throne-Speech-Canadians-Mixed-on-Trudeau-Government,Canada
IPSOS,2020-10-26 00:00:00,1000.0,59.0,,41.0,https://www.ipsos.com/en-ca/news-polls/trudeau-liberals-maintain-lead-over-conservatives-amid-second-wave,Canada
IPSOS,2020-11-23 00:00:00,1001.0,60.0,,40.0,https://www.ipsos.com/en-ca/news-polls/rising-canadian-COVID-19-caseload-does-little-to-diminish-liberal-lead-over-tories-nationally,Canada
IPSOS,2020-12-14 00:00:00,1000.0,56.0,,44.0,https://www.ipsos.com/en-ca/news-polls/Liberals-end-2020-with-slight-lead-over-tories-as-pm-approval-rating-remains-strong,Canada
IPSOS,2021-02-19 00:00:00,1000.0,54.0,,46.0,https://www.ipsos.com/en-ca/liberal-33-3-lead-over-conservatives-30-1-narrows-just-3-points-trudeau-gets-mixed-reviews-vaccine,Canada
IPSOS,2021-03-08 00:00:00,1000.0,55.0,,45.0,https://www.ipsos.com/sites/default/files/ct/news/documents/2021-03/march_2021_polling-factum-2021-03-08-v1.pdf,Canada
IPSOS,2021-04-12 00:00:00,1001.0,51.0,,49.0,https://www.ipsos.com/sites/default/files/ct/news/documents/2021-04/april_vote_intention-factum-2021-04-12-v1.pdf,Canada
IPSOS,2021-08-30 00:00:00,1501.0,46.0,,54.0,https://www.ipsos.com/sites/default/files/ct/news/documents/2021-08/Week_3_Vote_Choice-Factum-2021-09-01-v1.pdf,Canada
IPSOS,2021-09-18 00:00:00,2359.0,46.0,,,https://www.ipsos.com/sites/default/files/ct/news/documents/2021-09/Week%206%20Call%20Poll%20Factum_final.pdf,Canada
IPSOS,2021-11-21 00:00:00,1001.0,48.0,,52.0,https://www.ipsos.com/en-ca/news-polls/approval-of-trudeau-government-hangs-in-balance-for-next-session-parliament,Canada
IPSOS,2024-09-16 00:00:00,1001.0,33.0,,67.0,https://www.ipsos.com/en-ca/approval-trudeaus-performance-just-33-canadians-call-parliament-focus-cost-living,Canada
IPSOS,2025-03-20 00:00:00,1000.0,48.0,,30.0,https://www.ipsos.com/en-ca/mark-carneys-liberals-seen-best-party-deal-trump-tariffs,Canada
IPSOS,2025-09-08 00:00:00,1001.0,58.0,,42.0,https://www.ipsos.com/en-ca/six-ten-canadians-approve-liberal-governments-performance-under-pm-carney,Canada
LAPOP,2010-05-11 00:00:00,1500.0,29.2,36.6,34.2,,Canada
LAPOP,2012-05-22 00:00:00,1501.0,33.0,34.0,33.0,,Canada
LAPOP,2014-07-15 00:00:00,1517.0,33.0,32.0,35.0,,Canada
LAPOP,2017-03-24 00:00:00,1511.0,43.0,23.0,34.0,,Canada
LAPOP,2019-07-10 00:00:00,1511.0,43.88,32.89,84.67,,Canada
LAPOP,2021-07-07 00:00:00,4398.0,43.34,28.56,28.1,,Canada
LEGER,2004-11-14 00:00:00,1500.0,45.0,,48.0,,Canada
LEGER,2005-04-11 00:00:00,1504.0,36.0,,56.0,,Canada
LEGER,2005-09-11 00:00:00,1500.0,40.0,,53.0,,Canada
LEGER,2005-11-08 00:00:00,1500.0,35.0,,58.0,,Canada
LEGER,2006-05-07 00:00:00,1503.0,62.0,,27.0,,Canada
LEGER,2021-07-18 00:00:00,2069.0,44.0,,52.0,https://2g2ckk18vixp3neolz4b6605-wpengine.netdna-ssl.com/wp-content/uploads/2021/07/Legers-North-American-Tracker-July-21st-2021_V2.pdf,Canada
LEGER,2021-08-01 00:00:00,2079.0,46.0,,49.0,https://2g2ckk18vixp3neolz4b6605-wpengine.netdna-ssl.com/wp-content/uploads/2021/08/Legers-North-American-Tracker-August-2nd-2021_v2.pdf,Canada
LEGER,2021-08-15 00:00:00,2007.0,42.0,,51.0,https://2g2ckk18vixp3neolz4b6605-wpengine.netdna-ssl.com/wp-content/uploads/2021/08/Legers-North-American-Tracker-August-16th-2021.pdf,Canada
LEGER,2021-08-30 00:00:00,2005.0,38.0,,56.0,https://2g2ckk18vixp3neolz4b6605-wpengine.netdna-ssl.com/wp-content/uploads/2021/08/Legers-North-American-Tracker-August-30th-2021-compressed.pdf,Canada
LEGER,2021-09-13 00:00:00,2001.0,40.0,,55.0,https://2g2ckk18vixp3neolz4b6605-wpengine.netdna-ssl.com/wp-content/uploads/2021/09/Legers-North-American-Tracker-September-13th-2021-compressed.pdf,Canada
LEGER,2023-08-31 00:00:00,,34.0,,59.0,https://legermarketing.wpenginepowered.com/wp-content/uploads/2023/11/Legers-North-American-Tracker-October-31st-2023.pdf,Canada
LEGER,2023-09-27 00:00:00,,33.0,,60.0,https://legermarketing.wpenginepowered.com/wp-content/uploads/2023/11/Legers-North-American-Tracker-October-31st-2023.pdf,Canada
LEGER,2023-10-31 00:00:00,,30.0,,63.0,https://legermarketing.wpenginepowered.com/wp-content/uploads/2023/11/Legers-North-American-Tracker-October-31st-2023.pdf,Canada
LEGER,2024-09-29 00:00:00,,27.0,,65.0,https://leger360.com/wp-content/uploads/2025/08/National-Post-Report_August-3rd-Fed-Politics_EN.pdf,Canada
LEGER,2024-11-01 00:00:00,,27.0,,68.0,https://leger360.com/wp-content/uploads/2025/08/National-Post-Report_August-3rd-Fed-Politics_EN.pdf,Canada
LEGER,2024-11-29 00:00:00,,26.0,,69.0,https://leger360.com/wp-content/uploads/2025/08/National-Post-Report_August-3rd-Fed-Politics_EN.pdf,Canada
LEGER,2024-12-20 00:00:00,,23.0,,72.0,https://leger360.com/wp-content/uploads/2025/08/National-Post-Report_August-3rd-Fed-Politics_EN.pdf,Canada
LEGER,2025-03-07 00:00:00,,37.0,,57.0,https://leger360.com/wp-content/uploads/2025/08/National-Post-Report_August-3rd-Fed-Politics_EN.pdf,Canada
LEGER,2025-07-07 00:00:00,1617.0,55.0,,33.0,https://leger360.com/wp-content/uploads/2025/08/National-Post-Report_August-3rd-Fed-Politics_EN.pdf,Canada
LEGER,2025-08-04 00:00:00,1617.0,54.0,,34.0,https://leger360.com/wp-content/uploads/2025/08/National-Post-Report_August-3rd-Fed-Politics_EN.pdf,Canada
LEGER,2025-09-15 00:00:00,1562.0,46.0,,42.0,https://leger360.com/wp-content/uploads/2025/10/Fed_Pol_September2025.pdf,Canada
LIAISON,2025-05-08 00:00:00,,67.0,6.0,27.0,https://press.liaisonstrategies.ca/federal-tracker-liberals-lead-38-to-37/,Canada
LIAISON,2025-05-09 00:00:00,1000.0,67.0,,27.0,https://press.liaisonstrategies.ca/150-days-of-carney-liberals-at-44-with-9-point-lead-over-conservatives/,Canada
LIAISON,2025-05-23 00:00:00,1000.0,63.0,,30.0,https://press.liaisonstrategies.ca/150-days-of-carney-liberals-at-44-with-9-point-lead-over-conservatives/,Canada
LIAISON,2025-06-06 00:00:00,1000.0,65.0,,27.0,https://press.liaisonstrategies.ca/150-days-of-carney-liberals-at-44-with-9-point-lead-over-conservatives/,Canada
LIAISON,2025-06-20 00:00:00,1000.0,68.0,,21.0,https://press.liaisonstrategies.ca/150-days-of-carney-liberals-at-44-with-9-point-lead-over-conservatives/,Canada
LIAISON,2025-07-04 00:00:00,1000.0,64.0,,29.0,https://press.liaisonstrategies.ca/150-days-of-carney-liberals-at-44-with-9-point-lead-over-conservatives/,Canada
LIAISON,2025-07-25 00:00:00,1000.0,61.0,,34.0,https://press.liaisonstrategies.ca/150-days-of-carney-liberals-at-44-with-9-point-lead-over-conservatives/,Canada
LIAISON,2025-08-08 00:00:00,1000.0,64.0,,32.0,https://press.liaisonstrategies.ca/150-days-of-carney-liberals-at-44-with-9-point-lead-over-conservatives/,Canada
LIAISON,2025-08-27 00:00:00,1000.0,63.0,,33.0,https://press.liaisonstrategies.ca/carneys-lead-holds-liberals-at-44-conservatives-at-35-dead-heat-among-parents/?ref=liaison-strategies-newsletter,Canada
LIAISON,2025-09-21 00:00:00,1000.0,60.0,,35.0,https://storage.ghost.io/c/5a/2c/5a2c6702-fc8c-4232-bdc0-33fad8d71a80/content/files/2025/12/LS-National-2025---December-29.pdf?ref=press.liaisonstrategies.ca,Canada
LIAISON,2025-10-15 00:00:00,1000.0,61.0,,34.0,https://storage.ghost.io/c/5a/2c/5a2c6702-fc8c-4232-bdc0-33fad8d71a80/content/files/2025/12/LS-National-2025---December-29.pdf?ref=press.liaisonstrategies.ca,Canada
LIAISON,2025-11-03 00:00:00,1000.0,62.0,,32.0,https://storage.ghost.io/c/5a/2c/5a2c6702-fc8c-4232-bdc0-33fad8d71a80/content/files/2025/12/LS-National-2025---December-29.pdf?ref=press.liaisonstrategies.ca,Canada
LIAISON,2025-11-08 00:00:00,1000.0,61.0,,34.0,https://storage.ghost.io/c/5a/2c/5a2c6702-fc8c-4232-bdc0-33fad8d71a80/content/files/2025/12/LS-National-2025---December-29.pdf?ref=press.liaisonstrategies.ca,Canada
LIAISON,2025-11-30 00:00:00,1000.0,59.0,,36.0,https://storage.ghost.io/c/5a/2c/5a2c6702-fc8c-4232-bdc0-33fad8d71a80/content/files/2025/12/LS-National-2025---December-29.pdf?ref=press.liaisonstrategies.ca,Canada
LIAISON,2025-12-21 00:00:00,1000.0,57.0,,39.0,https://storage.ghost.io/c/5a/2c/5a2c6702-fc8c-4232-bdc0-33fad8d71a80/content/files/2025/12/LS-National-2025---December-29.pdf?ref=press.liaisonstrategies.ca,Canada
LIAISON,2025-12-28 00:00:00,1000.0,56.0,,40.0,https://storage.ghost.io/c/5a/2c/5a2c6702-fc8c-4232-bdc0-33fad8d71a80/content/files/2025/12/LS-National-2025---December-29.pdf?ref=press.liaisonstrategies.ca,Canada
LIAISON,2026-01-05 00:00:00,1000.0,55.0,6.0,39.0,https://press.liaisonstrategies.ca/federal-tracker-liberals-lead-38-to-37/,Canada
LIAISON,2026-01-12 00:00:00,,56.0,8.0,37.0,https://press.liaisonstrategies.ca/federal-tracker-liberals-lead-39-1-to-36-1/,Canada
LIAISON,2026-01-17 00:00:00,1000.0,57.0,,36.0,https://storage.ghost.io/c/5a/2c/5a2c6702-fc8c-4232-bdc0-33fad8d71a80/content/files/2026/01/2026.01.19---Federal-Tracker.pdf?ref=press.liaisonstrategies.ca,Canada
LIAISON,2026-01-19 00:00:00,,57.0,7.0,36.0,https://press.liaisonstrategies.ca/federal-tracker-liberals-widen-lead-to-5-40-to-35-copy/,Canada
LIAISON,2026-01-24 00:00:00,1000.0,62.0,,33.0,https://storage.ghost.io/c/5a/2c/5a2c6702-fc8c-4232-bdc0-33fad8d71a80/content/files/2026/01/2026.01.26---Federal-Tracker.pdf?ref=press.liaisonstrategies.ca,Canada
LIAISON,2026-01-26 00:00:00,,62.0,5.0,33.0,https://press.liaisonstrategies.ca/federal-tracker-liberals-widen-lead-to-8-42-to-34/,Canada
LIAISON,2026-01-31 00:00:00,1000.0,64.0,,33.0,https://storage.ghost.io/c/5a/2c/5a2c6702-fc8c-4232-bdc0-33fad8d71a80/content/files/2026/02/2026.02.02--Federal-Tracker.pdf?ref=press.liaisonstrategies.ca,Canada
LIAISON,2026-02-07 00:00:00,1000.0,62.0,,33.0,https://drive.google.com/file/d/12dSR8hwiNFVRHMTFdbgUe3QDkMhq5bb0/view?usp=sharing,Canada
LIAISON,2026-02-14 00:00:00,1000.0,63.0,,32.0,https://storage.ghost.io/c/5a/2c/5a2c6702-fc8c-4232-bdc0-33fad8d71a80/content/files/2026/02/2026.02.016---Federal-Tracker.pdf?ref=press.liaisonstrategies.ca,Canada
LIAISON,2026-02-23 00:00:00,1000.0,63.0,,32.0,https://press.liaisonstrategies.ca/federal-tracker-carneys-liberals-surge-to-12-point-lead-over-conservatives/?ref=liaison-strategies-newsletter,Canada
LIAISON,2026-02-28 00:00:00,1000.0,61.0,,33.0,https://drive.google.com/file/d/1VmWbtNberbAiTpp1sx1n3mI9aphwSgb4/view?usp=sharing,Canada
MAINSTREETPM,2016-10-06 00:00:00,5525.0,65.0,6.0,29.0,http://www.cbc.ca/news2/interactives/leadermeter/index.html#sources,Canada
MAINSTREETPM,2017-01-20 00:00:00,1500.0,57.0,4.0,39.0,http://www.cbc.ca/news2/interactives/leadermeter/index.html#sources,Canada
MAINSTREETPM,2017-01-23 00:00:00,1500.0,56.0,4.0,41.0,http://www.cbc.ca/news2/interactives/leadermeter/index.html#sources,Canada
MAINSTREETPM,2017-01-26 00:00:00,1500.0,56.0,4.0,40.0,http://www.cbc.ca/news2/interactives/leadermeter/index.html#sources,Canada
MAINSTREETPM,2017-01-29 00:00:00,1500.0,52.0,5.0,44.0,http://www.cbc.ca/news2/interactives/leadermeter/index.html#sources,Canada
MAINSTREETPM,2017-06-15 00:00:00,5250.0,54.0,5.0,41.0,http://www.cbc.ca/news2/interactives/leadermeter/index.html#sources,Canada
MAINSTREETPM,2017-08-31 00:00:00,2000.0,55.0,5.0,30.0,http://www.cbc.ca/news2/interactives/leadermeter/index.html#sources,Canada
MorningConsult,2019-08-11 00:00:00,3000.0,39.0,,53.0,https://MorningConsult.com/form/global-leader-approval/?mkt_tok=eyJpIjoiWkRnd05XUXlOVFZqT1dWaCIsInQiOiJBYnZQTHVSYjlnU1o3bUxXenNuWkRUdjFwaGtTaFZXb2NJekx5Ujlhdk5ybHl5eFlOY2ZIZXRONWNOa0E2Y2o1OW5CajRUK0k5S0hWZW0ra3NYS29FYXNGbEN4cmNjMFBIcWFkVmxVa0hwbW0xY2ZCdVJ1YWRqZzNCck41dkF4QiJ9,Canada
MorningConsult,2019-08-18 00:00:00,3000.0,35.0,,58.0,https://MorningConsult.com/form/global-leader-approval/?mkt_tok=eyJpIjoiWkRnd05XUXlOVFZqT1dWaCIsInQiOiJBYnZQTHVSYjlnU1o3bUxXenNuWkRUdjFwaGtTaFZXb2NJekx5Ujlhdk5ybHl5eFlOY2ZIZXRONWNOa0E2Y2o1OW5CajRUK0k5S0hWZW0ra3NYS29FYXNGbEN4cmNjMFBIcWFkVmxVa0hwbW0xY2ZCdVJ1YWRqZzNCck41dkF4QiJ9,Canada
MorningConsult,2019-08-25 00:00:00,3000.0,37.0,,56.0,https://MorningConsult.com/form/global-leader-approval/?mkt_tok=eyJpIjoiWkRnd05XUXlOVFZqT1dWaCIsInQiOiJBYnZQTHVSYjlnU1o3bUxXenNuWkRUdjFwaGtTaFZXb2NJekx5Ujlhdk5ybHl5eFlOY2ZIZXRONWNOa0E2Y2o1OW5CajRUK0k5S0hWZW0ra3NYS29FYXNGbEN4cmNjMFBIcWFkVmxVa0hwbW0xY2ZCdVJ1YWRqZzNCck41dkF4QiJ9,Canada
MorningConsult,2019-09-01 00:00:00,3000.0,37.0,,55.0,https://MorningConsult.com/form/global-leader-approval/?mkt_tok=eyJpIjoiWkRnd05XUXlOVFZqT1dWaCIsInQiOiJBYnZQTHVSYjlnU1o3bUxXenNuWkRUdjFwaGtTaFZXb2NJekx5Ujlhdk5ybHl5eFlOY2ZIZXRONWNOa0E2Y2o1OW5CajRUK0k5S0hWZW0ra3NYS29FYXNGbEN4cmNjMFBIcWFkVmxVa0hwbW0xY2ZCdVJ1YWRqZzNCck41dkF4QiJ9,Canada
MorningConsult,2019-09-08 00:00:00,3000.0,38.0,,56.0,https://MorningConsult.com/form/global-leader-approval/?mkt_tok=eyJpIjoiWkRnd05XUXlOVFZqT1dWaCIsInQiOiJBYnZQTHVSYjlnU1o3bUxXenNuWkRUdjFwaGtTaFZXb2NJekx5Ujlhdk5ybHl5eFlOY2ZIZXRONWNOa0E2Y2o1OW5CajRUK0k5S0hWZW0ra3NYS29FYXNGbEN4cmNjMFBIcWFkVmxVa0hwbW0xY2ZCdVJ1YWRqZzNCck41dkF4QiJ9,Canada
MorningConsult,2019-09-15 00:00:00,3000.0,40.0,,54.0,https://MorningConsult.com/form/global-leader-approval/?mkt_tok=eyJpIjoiWkRnd05XUXlOVFZqT1dWaCIsInQiOiJBYnZQTHVSYjlnU1o3bUxXenNuWkRUdjFwaGtTaFZXb2NJekx5Ujlhdk5ybHl5eFlOY2ZIZXRONWNOa0E2Y2o1OW5CajRUK0k5S0hWZW0ra3NYS29FYXNGbEN4cmNjMFBIcWFkVmxVa0hwbW0xY2ZCdVJ1YWRqZzNCck41dkF4QiJ9,Canada
MorningConsult,2019-09-22 00:00:00,3000.0,38.0,,57.0,https://MorningConsult.com/form/global-leader-approval/?mkt_tok=eyJpIjoiWkRnd05XUXlOVFZqT1dWaCIsInQiOiJBYnZQTHVSYjlnU1o3bUxXenNuWkRUdjFwaGtTaFZXb2NJekx5Ujlhdk5ybHl5eFlOY2ZIZXRONWNOa0E2Y2o1OW5CajRUK0k5S0hWZW0ra3NYS29FYXNGbEN4cmNjMFBIcWFkVmxVa0hwbW0xY2ZCdVJ1YWRqZzNCck41dkF4QiJ9,Canada
MorningConsult,2019-09-29 00:00:00,3000.0,39.0,,55.0,https://MorningConsult.com/form/global-leader-approval/?mkt_tok=eyJpIjoiWkRnd05XUXlOVFZqT1dWaCIsInQiOiJBYnZQTHVSYjlnU1o3bUxXenNuWkRUdjFwaGtTaFZXb2NJekx5Ujlhdk5ybHl5eFlOY2ZIZXRONWNOa0E2Y2o1OW5CajRUK0k5S0hWZW0ra3NYS29FYXNGbEN4cmNjMFBIcWFkVmxVa0hwbW0xY2ZCdVJ1YWRqZzNCck41dkF4QiJ9,Canada
MorningConsult,2019-10-06 00:00:00,3000.0,37.0,,56.0,https://MorningConsult.com/form/global-leader-approval/?mkt_tok=eyJpIjoiWkRnd05XUXlOVFZqT1dWaCIsInQiOiJBYnZQTHVSYjlnU1o3bUxXenNuWkRUdjFwaGtTaFZXb2NJekx5Ujlhdk5ybHl5eFlOY2ZIZXRONWNOa0E2Y2o1OW5CajRUK0k5S0hWZW0ra3NYS29FYXNGbEN4cmNjMFBIcWFkVmxVa0hwbW0xY2ZCdVJ1YWRqZzNCck41dkF4QiJ9,Canada
MorningConsult,2019-10-13 00:00:00,3000.0,36.0,,57.0,https://MorningConsult.com/form/global-leader-approval/?mkt_tok=eyJpIjoiWkRnd05XUXlOVFZqT1dWaCIsInQiOiJBYnZQTHVSYjlnU1o3bUxXenNuWkRUdjFwaGtTaFZXb2NJekx5Ujlhdk5ybHl5eFlOY2ZIZXRONWNOa0E2Y2o1OW5CajRUK0k5S0hWZW0ra3NYS29FYXNGbEN4cmNjMFBIcWFkVmxVa0hwbW0xY2ZCdVJ1YWRqZzNCck41dkF4QiJ9,Canada
MorningConsult,2019-10-20 00:00:00,3000.0,40.0,,54.0,https://MorningConsult.com/form/global-leader-approval/?mkt_tok=eyJpIjoiWkRnd05XUXlOVFZqT1dWaCIsInQiOiJBYnZQTHVSYjlnU1o3bUxXenNuWkRUdjFwaGtTaFZXb2NJekx5Ujlhdk5ybHl5eFlOY2ZIZXRONWNOa0E2Y2o1OW5CajRUK0k5S0hWZW0ra3NYS29FYXNGbEN4cmNjMFBIcWFkVmxVa0hwbW0xY2ZCdVJ1YWRqZzNCck41dkF4QiJ9,Canada
MorningConsult,2019-10-27 00:00:00,3000.0,41.0,,53.0,https://MorningConsult.com/form/global-leader-approval/?mkt_tok=eyJpIjoiWkRnd05XUXlOVFZqT1dWaCIsInQiOiJBYnZQTHVSYjlnU1o3bUxXenNuWkRUdjFwaGtTaFZXb2NJekx5Ujlhdk5ybHl5eFlOY2ZIZXRONWNOa0E2Y2o1OW5CajRUK0k5S0hWZW0ra3NYS29FYXNGbEN4cmNjMFBIcWFkVmxVa0hwbW0xY2ZCdVJ1YWRqZzNCck41dkF4QiJ9,Canada
MorningConsult,2019-11-03 00:00:00,3000.0,40.0,,54.0,https://MorningConsult.com/form/global-leader-approval/?mkt_tok=eyJpIjoiWkRnd05XUXlOVFZqT1dWaCIsInQiOiJBYnZQTHVSYjlnU1o3bUxXenNuWkRUdjFwaGtTaFZXb2NJekx5Ujlhdk5ybHl5eFlOY2ZIZXRONWNOa0E2Y2o1OW5CajRUK0k5S0hWZW0ra3NYS29FYXNGbEN4cmNjMFBIcWFkVmxVa0hwbW0xY2ZCdVJ1YWRqZzNCck41dkF4QiJ9,Canada
MorningConsult,2019-11-10 00:00:00,3000.0,41.0,,54.0,https://MorningConsult.com/form/global-leader-approval/?mkt_tok=eyJpIjoiWkRnd05XUXlOVFZqT1dWaCIsInQiOiJBYnZQTHVSYjlnU1o3bUxXenNuWkRUdjFwaGtTaFZXb2NJekx5Ujlhdk5ybHl5eFlOY2ZIZXRONWNOa0E2Y2o1OW5CajRUK0k5S0hWZW0ra3NYS29FYXNGbEN4cmNjMFBIcWFkVmxVa0hwbW0xY2ZCdVJ1YWRqZzNCck41dkF4QiJ9,Canada
MorningConsult,2019-11-17 00:00:00,3000.0,42.0,,53.0,https://MorningConsult.com/form/global-leader-approval/?mkt_tok=eyJpIjoiWkRnd05XUXlOVFZqT1dWaCIsInQiOiJBYnZQTHVSYjlnU1o3bUxXenNuWkRUdjFwaGtTaFZXb2NJekx5Ujlhdk5ybHl5eFlOY2ZIZXRONWNOa0E2Y2o1OW5CajRUK0k5S0hWZW0ra3NYS29FYXNGbEN4cmNjMFBIcWFkVmxVa0hwbW0xY2ZCdVJ1YWRqZzNCck41dkF4QiJ9,Canada
MorningConsult,2019-11-24 00:00:00,3000.0,41.0,,53.0,https://MorningConsult.com/form/global-leader-approval/?mkt_tok=eyJpIjoiWkRnd05XUXlOVFZqT1dWaCIsInQiOiJBYnZQTHVSYjlnU1o3bUxXenNuWkRUdjFwaGtTaFZXb2NJekx5Ujlhdk5ybHl5eFlOY2ZIZXRONWNOa0E2Y2o1OW5CajRUK0k5S0hWZW0ra3NYS29FYXNGbEN4cmNjMFBIcWFkVmxVa0hwbW0xY2ZCdVJ1YWRqZzNCck41dkF4QiJ9,Canada
MorningConsult,2019-12-01 00:00:00,3000.0,41.0,,53.0,https://MorningConsult.com/form/global-leader-approval/?mkt_tok=eyJpIjoiWkRnd05XUXlOVFZqT1dWaCIsInQiOiJBYnZQTHVSYjlnU1o3bUxXenNuWkRUdjFwaGtTaFZXb2NJekx5Ujlhdk5ybHl5eFlOY2ZIZXRONWNOa0E2Y2o1OW5CajRUK0k5S0hWZW0ra3NYS29FYXNGbEN4cmNjMFBIcWFkVmxVa0hwbW0xY2ZCdVJ1YWRqZzNCck41dkF4QiJ9,Canada
MorningConsult,2019-12-08 00:00:00,3000.0,44.0,,49.0,https://MorningConsult.com/form/global-leader-approval/?mkt_tok=eyJpIjoiWkRnd05XUXlOVFZqT1dWaCIsInQiOiJBYnZQTHVSYjlnU1o3bUxXenNuWkRUdjFwaGtTaFZXb2NJekx5Ujlhdk5ybHl5eFlOY2ZIZXRONWNOa0E2Y2o1OW5CajRUK0k5S0hWZW0ra3NYS29FYXNGbEN4cmNjMFBIcWFkVmxVa0hwbW0xY2ZCdVJ1YWRqZzNCck41dkF4QiJ9,Canada
MorningConsult,2019-12-15 00:00:00,3000.0,40.0,,53.0,https://MorningConsult.com/form/global-leader-approval/?mkt_tok=eyJpIjoiWkRnd05XUXlOVFZqT1dWaCIsInQiOiJBYnZQTHVSYjlnU1o3bUxXenNuWkRUdjFwaGtTaFZXb2NJekx5Ujlhdk5ybHl5eFlOY2ZIZXRONWNOa0E2Y2o1OW5CajRUK0k5S0hWZW0ra3NYS29FYXNGbEN4cmNjMFBIcWFkVmxVa0hwbW0xY2ZCdVJ1YWRqZzNCck41dkF4QiJ9,Canada
MorningConsult,2019-12-22 00:00:00,3000.0,43.0,,51.0,https://MorningConsult.com/form/global-leader-approval/?mkt_tok=eyJpIjoiWkRnd05XUXlOVFZqT1dWaCIsInQiOiJBYnZQTHVSYjlnU1o3bUxXenNuWkRUdjFwaGtTaFZXb2NJekx5Ujlhdk5ybHl5eFlOY2ZIZXRONWNOa0E2Y2o1OW5CajRUK0k5S0hWZW0ra3NYS29FYXNGbEN4cmNjMFBIcWFkVmxVa0hwbW0xY2ZCdVJ1YWRqZzNCck41dkF4QiJ9,Canada
MorningConsult,2019-12-29 00:00:00,3000.0,43.0,,51.0,https://MorningConsult.com/form/global-leader-approval/?mkt_tok=eyJpIjoiWkRnd05XUXlOVFZqT1dWaCIsInQiOiJBYnZQTHVSYjlnU1o3bUxXenNuWkRUdjFwaGtTaFZXb2NJekx5Ujlhdk5ybHl5eFlOY2ZIZXRONWNOa0E2Y2o1OW5CajRUK0k5S0hWZW0ra3NYS29FYXNGbEN4cmNjMFBIcWFkVmxVa0hwbW0xY2ZCdVJ1YWRqZzNCck41dkF4QiJ9,Canada
MorningConsult,2020-01-05 00:00:00,3000.0,43.0,,51.0,https://MorningConsult.com/form/coronavirus-outbreak-tracker/,Canada
MorningConsult,2020-01-12 00:00:00,3000.0,42.0,,51.0,https://MorningConsult.com/form/coronavirus-outbreak-tracker/,Canada
MorningConsult,2020-01-19 00:00:00,3000.0,42.0,,51.0,https://MorningConsult.com/form/coronavirus-outbreak-tracker/,Canada
MorningConsult,2020-02-02 00:00:00,3000.0,45.0,,49.0,https://MorningConsult.com/form/coronavirus-outbreak-tracker/,Canada
MorningConsult,2020-02-09 00:00:00,3000.0,43.0,,49.0,https://MorningConsult.com/form/coronavirus-outbreak-tracker/,Canada
MorningConsult,2020-02-16 00:00:00,3000.0,41.0,,53.0,https://MorningConsult.com/form/coronavirus-outbreak-tracker/,Canada
MorningConsult,2020-02-23 00:00:00,3000.0,37.0,,56.0,https://MorningConsult.com/form/coronavirus-outbreak-tracker/,Canada
MorningConsult,2020-03-01 00:00:00,3000.0,38.0,,56.0,https://MorningConsult.com/form/coronavirus-outbreak-tracker/,Canada
MorningConsult,2020-03-08 00:00:00,3000.0,39.0,,55.0,https://MorningConsult.com/form/coronavirus-outbreak-tracker/,Canada
MorningConsult,2020-03-15 00:00:00,3000.0,37.0,,54.0,https://MorningConsult.com/form/coronavirus-outbreak-tracker/,Canada
MorningConsult,2020-03-22 00:00:00,3000.0,46.0,,48.0,https://MorningConsult.com/form/coronavirus-outbreak-tracker/,Canada
MorningConsult,2020-03-29 00:00:00,3000.0,52.0,,41.0,https://MorningConsult.com/form/coronavirus-outbreak-tracker/,Canada
MorningConsult,2020-04-05 00:00:00,3000.0,55.0,,39.0,https://MorningConsult.com/form/coronavirus-outbreak-tracker/,Canada
MorningConsult,2020-04-12 00:00:00,3000.0,58.0,,36.0,https://MorningConsult.com/form/coronavirus-outbreak-tracker/,Canada
MorningConsult,2020-04-19 00:00:00,3000.0,61.0,,34.0,https://MorningConsult.com/form/coronavirus-outbreak-tracker/,Canada
MorningConsult,2020-04-26 00:00:00,3000.0,60.0,,34.0,https://MorningConsult.com/form/coronavirus-outbreak-tracker/,Canada
MorningConsult,2020-05-03 00:00:00,3000.0,59.0,,35.0,https://MorningConsult.com/form/coronavirus-outbreak-tracker/,Canada
MorningConsult,2020-05-10 00:00:00,3000.0,57.0,,37.0,https://MorningConsult.com/form/coronavirus-outbreak-tracker/,Canada
MorningConsult,2020-05-17 00:00:00,3000.0,63.0,,32.0,https://MorningConsult.com/form/coronavirus-outbreak-tracker/,Canada
MorningConsult,2020-05-24 00:00:00,3000.0,59.0,,35.0,https://MorningConsult.com/form/coronavirus-outbreak-tracker/,Canada
MorningConsult,2020-05-31 00:00:00,3000.0,58.0,,35.0,https://MorningConsult.com/form/coronavirus-outbreak-tracker/,Canada
MorningConsult,2020-06-07 00:00:00,3000.0,57.0,,37.0,https://MorningConsult.com/form/coronavirus-outbreak-tracker/,Canada
MorningConsult,2020-06-14 00:00:00,3000.0,59.0,,35.0,https://MorningConsult.com/form/global-leader-approval/?mkt_tok=eyJpIjoiWkRnd05XUXlOVFZqT1dWaCIsInQiOiJBYnZQTHVSYjlnU1o3bUxXenNuWkRUdjFwaGtTaFZXb2NJekx5Ujlhdk5ybHl5eFlOY2ZIZXRONWNOa0E2Y2o1OW5CajRUK0k5S0hWZW0ra3NYS29FYXNGbEN4cmNjMFBIcWFkVmxVa0hwbW0xY2ZCdVJ1YWRqZzNCck41dkF4QiJ9,Canada
MorningConsult,2020-06-21 00:00:00,3000.0,57.0,,38.0,https://MorningConsult.com/form/global-leader-approval/?mkt_tok=eyJpIjoiWkRnd05XUXlOVFZqT1dWaCIsInQiOiJBYnZQTHVSYjlnU1o3bUxXenNuWkRUdjFwaGtTaFZXb2NJekx5Ujlhdk5ybHl5eFlOY2ZIZXRONWNOa0E2Y2o1OW5CajRUK0k5S0hWZW0ra3NYS29FYXNGbEN4cmNjMFBIcWFkVmxVa0hwbW0xY2ZCdVJ1YWRqZzNCck41dkF4QiJ9,Canada
MorningConsult,2020-06-28 00:00:00,3000.0,57.0,,37.0,https://MorningConsult.com/form/global-leader-approval/?mkt_tok=eyJpIjoiWkRnd05XUXlOVFZqT1dWaCIsInQiOiJBYnZQTHVSYjlnU1o3bUxXenNuWkRUdjFwaGtTaFZXb2NJekx5Ujlhdk5ybHl5eFlOY2ZIZXRONWNOa0E2Y2o1OW5CajRUK0k5S0hWZW0ra3NYS29FYXNGbEN4cmNjMFBIcWFkVmxVa0hwbW0xY2ZCdVJ1YWRqZzNCck41dkF4QiJ9,Canada
MorningConsult,2020-07-05 00:00:00,3000.0,56.0,,38.0,https://MorningConsult.com/form/global-leader-approval/?mkt_tok=eyJpIjoiWkRnd05XUXlOVFZqT1dWaCIsInQiOiJBYnZQTHVSYjlnU1o3bUxXenNuWkRUdjFwaGtTaFZXb2NJekx5Ujlhdk5ybHl5eFlOY2ZIZXRONWNOa0E2Y2o1OW5CajRUK0k5S0hWZW0ra3NYS29FYXNGbEN4cmNjMFBIcWFkVmxVa0hwbW0xY2ZCdVJ1YWRqZzNCck41dkF4QiJ9,Canada
MorningConsult,2020-07-12 00:00:00,3000.0,53.0,,39.0,https://MorningConsult.com/form/global-leader-approval/?mkt_tok=eyJpIjoiWkRnd05XUXlOVFZqT1dWaCIsInQiOiJBYnZQTHVSYjlnU1o3bUxXenNuWkRUdjFwaGtTaFZXb2NJekx5Ujlhdk5ybHl5eFlOY2ZIZXRONWNOa0E2Y2o1OW5CajRUK0k5S0hWZW0ra3NYS29FYXNGbEN4cmNjMFBIcWFkVmxVa0hwbW0xY2ZCdVJ1YWRqZzNCck41dkF4QiJ9,Canada
MorningConsult,2020-07-19 00:00:00,3000.0,53.0,,41.0,https://MorningConsult.com/form/global-leader-approval/?mkt_tok=eyJpIjoiWkRnd05XUXlOVFZqT1dWaCIsInQiOiJBYnZQTHVSYjlnU1o3bUxXenNuWkRUdjFwaGtTaFZXb2NJekx5Ujlhdk5ybHl5eFlOY2ZIZXRONWNOa0E2Y2o1OW5CajRUK0k5S0hWZW0ra3NYS29FYXNGbEN4cmNjMFBIcWFkVmxVa0hwbW0xY2ZCdVJ1YWRqZzNCck41dkF4QiJ9,Canada
MorningConsult,2020-07-26 00:00:00,3000.0,53.0,,41.0,https://MorningConsult.com/form/global-leader-approval/?mkt_tok=eyJpIjoiWkRnd05XUXlOVFZqT1dWaCIsInQiOiJBYnZQTHVSYjlnU1o3bUxXenNuWkRUdjFwaGtTaFZXb2NJekx5Ujlhdk5ybHl5eFlOY2ZIZXRONWNOa0E2Y2o1OW5CajRUK0k5S0hWZW0ra3NYS29FYXNGbEN4cmNjMFBIcWFkVmxVa0hwbW0xY2ZCdVJ1YWRqZzNCck41dkF4QiJ9,Canada
MorningConsult,2020-08-02 00:00:00,3000.0,50.0,,42.0,https://MorningConsult.com/form/global-leader-approval/?mkt_tok=eyJpIjoiWkRnd05XUXlOVFZqT1dWaCIsInQiOiJBYnZQTHVSYjlnU1o3bUxXenNuWkRUdjFwaGtTaFZXb2NJekx5Ujlhdk5ybHl5eFlOY2ZIZXRONWNOa0E2Y2o1OW5CajRUK0k5S0hWZW0ra3NYS29FYXNGbEN4cmNjMFBIcWFkVmxVa0hwbW0xY2ZCdVJ1YWRqZzNCck41dkF4QiJ9,Canada
MorningConsult,2020-08-09 00:00:00,3000.0,50.0,,44.0,https://MorningConsult.com/form/global-leader-approval/?mkt_tok=eyJpIjoiWkRnd05XUXlOVFZqT1dWaCIsInQiOiJBYnZQTHVSYjlnU1o3bUxXenNuWkRUdjFwaGtTaFZXb2NJekx5Ujlhdk5ybHl5eFlOY2ZIZXRONWNOa0E2Y2o1OW5CajRUK0k5S0hWZW0ra3NYS29FYXNGbEN4cmNjMFBIcWFkVmxVa0hwbW0xY2ZCdVJ1YWRqZzNCck41dkF4QiJ9,Canada
MorningConsult,2020-08-16 00:00:00,3000.0,52.0,,42.0,https://MorningConsult.com/form/global-leader-approval/?mkt_tok=eyJpIjoiWkRnd05XUXlOVFZqT1dWaCIsInQiOiJBYnZQTHVSYjlnU1o3bUxXenNuWkRUdjFwaGtTaFZXb2NJekx5Ujlhdk5ybHl5eFlOY2ZIZXRONWNOa0E2Y2o1OW5CajRUK0k5S0hWZW0ra3NYS29FYXNGbEN4cmNjMFBIcWFkVmxVa0hwbW0xY2ZCdVJ1YWRqZzNCck41dkF4QiJ9,Canada
MorningConsult,2020-08-23 00:00:00,3000.0,51.0,,43.0,https://MorningConsult.com/form/global-leader-approval/?mkt_tok=eyJpIjoiWkRnd05XUXlOVFZqT1dWaCIsInQiOiJBYnZQTHVSYjlnU1o3bUxXenNuWkRUdjFwaGtTaFZXb2NJekx5Ujlhdk5ybHl5eFlOY2ZIZXRONWNOa0E2Y2o1OW5CajRUK0k5S0hWZW0ra3NYS29FYXNGbEN4cmNjMFBIcWFkVmxVa0hwbW0xY2ZCdVJ1YWRqZzNCck41dkF4QiJ9,Canada
MorningConsult,2020-08-30 00:00:00,3000.0,50.0,,43.0,https://MorningConsult.com/form/global-leader-approval/?mkt_tok=eyJpIjoiWkRnd05XUXlOVFZqT1dWaCIsInQiOiJBYnZQTHVSYjlnU1o3bUxXenNuWkRUdjFwaGtTaFZXb2NJekx5Ujlhdk5ybHl5eFlOY2ZIZXRONWNOa0E2Y2o1OW5CajRUK0k5S0hWZW0ra3NYS29FYXNGbEN4cmNjMFBIcWFkVmxVa0hwbW0xY2ZCdVJ1YWRqZzNCck41dkF4QiJ9,Canada
MorningConsult,2020-09-06 00:00:00,3000.0,50.0,,44.0,https://MorningConsult.com/form/global-leader-approval/?mkt_tok=eyJpIjoiWkRnd05XUXlOVFZqT1dWaCIsInQiOiJBYnZQTHVSYjlnU1o3bUxXenNuWkRUdjFwaGtTaFZXb2NJekx5Ujlhdk5ybHl5eFlOY2ZIZXRONWNOa0E2Y2o1OW5CajRUK0k5S0hWZW0ra3NYS29FYXNGbEN4cmNjMFBIcWFkVmxVa0hwbW0xY2ZCdVJ1YWRqZzNCck41dkF4QiJ9,Canada
MorningConsult,2020-09-13 00:00:00,3000.0,48.0,,45.0,https://MorningConsult.com/form/global-leader-approval/?mkt_tok=eyJpIjoiWkRnd05XUXlOVFZqT1dWaCIsInQiOiJBYnZQTHVSYjlnU1o3bUxXenNuWkRUdjFwaGtTaFZXb2NJekx5Ujlhdk5ybHl5eFlOY2ZIZXRONWNOa0E2Y2o1OW5CajRUK0k5S0hWZW0ra3NYS29FYXNGbEN4cmNjMFBIcWFkVmxVa0hwbW0xY2ZCdVJ1YWRqZzNCck41dkF4QiJ9,Canada
MorningConsult,2020-09-20 00:00:00,3000.0,48.0,,45.0,https://MorningConsult.com/form/global-leader-approval/#section-60,Canada
MorningConsult,2020-09-27 00:00:00,3000.0,50.0,,42.0,https://MorningConsult.com/form/global-leader-approval/#section-60,Canada
MorningConsult,2020-10-04 00:00:00,3000.0,50.0,,44.0,https://MorningConsult.com/form/global-leader-approval/#section-60,Canada
MorningConsult,2020-10-11 00:00:00,3000.0,51.0,,43.0,https://MorningConsult.com/form/global-leader-approval/#section-60,Canada
MorningConsult,2020-10-18 00:00:00,3000.0,49.0,,44.0,https://MorningConsult.com/form/global-leader-approval/#section-60,Canada
MorningConsult,2020-10-25 00:00:00,3000.0,51.0,,44.0,https://MorningConsult.com/form/global-leader-approval/#section-60,Canada
MorningConsult,2020-11-01 00:00:00,3000.0,49.0,,44.0,https://MorningConsult.com/form/global-leader-approval/#section-60,Canada
MorningConsult,2020-11-08 00:00:00,3000.0,49.0,,44.0,https://MorningConsult.com/form/global-leader-approval/#section-60,Canada
MorningConsult,2020-11-15 00:00:00,3000.0,53.0,,41.0,https://MorningConsult.com/form/global-leader-approval/?mkt_tok=eyJpIjoiWkRnd05XUXlOVFZqT1dWaCIsInQiOiJBYnZQTHVSYjlnU1o3bUxXenNuWkRUdjFwaGtTaFZXb2NJekx5Ujlhdk5ybHl5eFlOY2ZIZXRONWNOa0E2Y2o1OW5CajRUK0k5S0hWZW0ra3NYS29FYXNGbEN4cmNjMFBIcWFkVmxVa0hwbW0xY2ZCdVJ1YWRqZzNCck41dkF4QiJ9,Canada
MorningConsult,2020-11-22 00:00:00,3000.0,52.0,,41.0,https://MorningConsult.com/form/global-leader-approval/?mkt_tok=eyJpIjoiWkRnd05XUXlOVFZqT1dWaCIsInQiOiJBYnZQTHVSYjlnU1o3bUxXenNuWkRUdjFwaGtTaFZXb2NJekx5Ujlhdk5ybHl5eFlOY2ZIZXRONWNOa0E2Y2o1OW5CajRUK0k5S0hWZW0ra3NYS29FYXNGbEN4cmNjMFBIcWFkVmxVa0hwbW0xY2ZCdVJ1YWRqZzNCck41dkF4QiJ9,Canada
MorningConsult,2020-11-29 00:00:00,3000.0,54.0,,40.0,https://MorningConsult.com/form/global-leader-approval/?mkt_tok=eyJpIjoiWkRnd05XUXlOVFZqT1dWaCIsInQiOiJBYnZQTHVSYjlnU1o3bUxXenNuWkRUdjFwaGtTaFZXb2NJekx5Ujlhdk5ybHl5eFlOY2ZIZXRONWNOa0E2Y2o1OW5CajRUK0k5S0hWZW0ra3NYS29FYXNGbEN4cmNjMFBIcWFkVmxVa0hwbW0xY2ZCdVJ1YWRqZzNCck41dkF4QiJ9,Canada
MorningConsult,2020-12-06 00:00:00,3000.0,51.0,,41.0,https://MorningConsult.com/form/global-leader-approval/?mkt_tok=eyJpIjoiWkRnd05XUXlOVFZqT1dWaCIsInQiOiJBYnZQTHVSYjlnU1o3bUxXenNuWkRUdjFwaGtTaFZXb2NJekx5Ujlhdk5ybHl5eFlOY2ZIZXRONWNOa0E2Y2o1OW5CajRUK0k5S0hWZW0ra3NYS29FYXNGbEN4cmNjMFBIcWFkVmxVa0hwbW0xY2ZCdVJ1YWRqZzNCck41dkF4QiJ9,Canada
MorningConsult,2020-12-13 00:00:00,3000.0,50.0,,42.0,https://MorningConsult.com/form/global-leader-approval/?mkt_tok=eyJpIjoiWkRnd05XUXlOVFZqT1dWaCIsInQiOiJBYnZQTHVSYjlnU1o3bUxXenNuWkRUdjFwaGtTaFZXb2NJekx5Ujlhdk5ybHl5eFlOY2ZIZXRONWNOa0E2Y2o1OW5CajRUK0k5S0hWZW0ra3NYS29FYXNGbEN4cmNjMFBIcWFkVmxVa0hwbW0xY2ZCdVJ1YWRqZzNCck41dkF4QiJ9,Canada
MorningConsult,2020-12-20 00:00:00,3000.0,52.0,,42.0,https://MorningConsult.com/form/global-leader-approval/?mkt_tok=eyJpIjoiWkRnd05XUXlOVFZqT1dWaCIsInQiOiJBYnZQTHVSYjlnU1o3bUxXenNuWkRUdjFwaGtTaFZXb2NJekx5Ujlhdk5ybHl5eFlOY2ZIZXRONWNOa0E2Y2o1OW5CajRUK0k5S0hWZW0ra3NYS29FYXNGbEN4cmNjMFBIcWFkVmxVa0hwbW0xY2ZCdVJ1YWRqZzNCck41dkF4QiJ9,Canada
MorningConsult,2020-12-27 00:00:00,3000.0,51.0,,41.0,https://MorningConsult.com/form/global-leader-approval/?mkt_tok=eyJpIjoiWkRnd05XUXlOVFZqT1dWaCIsInQiOiJBYnZQTHVSYjlnU1o3bUxXenNuWkRUdjFwaGtTaFZXb2NJekx5Ujlhdk5ybHl5eFlOY2ZIZXRONWNOa0E2Y2o1OW5CajRUK0k5S0hWZW0ra3NYS29FYXNGbEN4cmNjMFBIcWFkVmxVa0hwbW0xY2ZCdVJ1YWRqZzNCck41dkF4QiJ9,Canada
MorningConsult,2021-01-03 00:00:00,3000.0,52.0,,42.0,https://MorningConsult.com/form/global-leader-approval/?mkt_tok=eyJpIjoiWkRnd05XUXlOVFZqT1dWaCIsInQiOiJBYnZQTHVSYjlnU1o3bUxXenNuWkRUdjFwaGtTaFZXb2NJekx5Ujlhdk5ybHl5eFlOY2ZIZXRONWNOa0E2Y2o1OW5CajRUK0k5S0hWZW0ra3NYS29FYXNGbEN4cmNjMFBIcWFkVmxVa0hwbW0xY2ZCdVJ1YWRqZzNCck41dkF4QiJ9,Canada
MorningConsult,2021-01-10 00:00:00,3000.0,49.0,,44.0,https://MorningConsult.com/form/global-leader-approval/?mkt_tok=eyJpIjoiWkRnd05XUXlOVFZqT1dWaCIsInQiOiJBYnZQTHVSYjlnU1o3bUxXenNuWkRUdjFwaGtTaFZXb2NJekx5Ujlhdk5ybHl5eFlOY2ZIZXRONWNOa0E2Y2o1OW5CajRUK0k5S0hWZW0ra3NYS29FYXNGbEN4cmNjMFBIcWFkVmxVa0hwbW0xY2ZCdVJ1YWRqZzNCck41dkF4QiJ9,Canada
MorningConsult,2021-01-17 00:00:00,3000.0,51.0,,43.0,https://MorningConsult.com/form/global-leader-approval/?mkt_tok=eyJpIjoiWkRnd05XUXlOVFZqT1dWaCIsInQiOiJBYnZQTHVSYjlnU1o3bUxXenNuWkRUdjFwaGtTaFZXb2NJekx5Ujlhdk5ybHl5eFlOY2ZIZXRONWNOa0E2Y2o1OW5CajRUK0k5S0hWZW0ra3NYS29FYXNGbEN4cmNjMFBIcWFkVmxVa0hwbW0xY2ZCdVJ1YWRqZzNCck41dkF4QiJ9,Canada
MorningConsult,2021-01-24 00:00:00,3000.0,50.0,,44.0,https://MorningConsult.com/form/global-leader-approval/?mkt_tok=eyJpIjoiWkRnd05XUXlOVFZqT1dWaCIsInQiOiJBYnZQTHVSYjlnU1o3bUxXenNuWkRUdjFwaGtTaFZXb2NJekx5Ujlhdk5ybHl5eFlOY2ZIZXRONWNOa0E2Y2o1OW5CajRUK0k5S0hWZW0ra3NYS29FYXNGbEN4cmNjMFBIcWFkVmxVa0hwbW0xY2ZCdVJ1YWRqZzNCck41dkF4QiJ9,Canada
MorningConsult,2021-01-31 00:00:00,3000.0,49.0,,44.0,https://MorningConsult.com/form/global-leader-approval/?mkt_tok=eyJpIjoiWkRnd05XUXlOVFZqT1dWaCIsInQiOiJBYnZQTHVSYjlnU1o3bUxXenNuWkRUdjFwaGtTaFZXb2NJekx5Ujlhdk5ybHl5eFlOY2ZIZXRONWNOa0E2Y2o1OW5CajRUK0k5S0hWZW0ra3NYS29FYXNGbEN4cmNjMFBIcWFkVmxVa0hwbW0xY2ZCdVJ1YWRqZzNCck41dkF4QiJ9,Canada
MorningConsult,2021-02-07 00:00:00,3000.0,48.0,,46.0,https://MorningConsult.com/form/global-leader-approval/?mkt_tok=eyJpIjoiWkRnd05XUXlOVFZqT1dWaCIsInQiOiJBYnZQTHVSYjlnU1o3bUxXenNuWkRUdjFwaGtTaFZXb2NJekx5Ujlhdk5ybHl5eFlOY2ZIZXRONWNOa0E2Y2o1OW5CajRUK0k5S0hWZW0ra3NYS29FYXNGbEN4cmNjMFBIcWFkVmxVa0hwbW0xY2ZCdVJ1YWRqZzNCck41dkF4QiJ9,Canada
MorningConsult,2021-02-14 00:00:00,3000.0,47.0,,46.0,https://MorningConsult.com/form/global-leader-approval/?mkt_tok=eyJpIjoiWkRnd05XUXlOVFZqT1dWaCIsInQiOiJBYnZQTHVSYjlnU1o3bUxXenNuWkRUdjFwaGtTaFZXb2NJekx5Ujlhdk5ybHl5eFlOY2ZIZXRONWNOa0E2Y2o1OW5CajRUK0k5S0hWZW0ra3NYS29FYXNGbEN4cmNjMFBIcWFkVmxVa0hwbW0xY2ZCdVJ1YWRqZzNCck41dkF4QiJ9,Canada
MorningConsult,2021-02-21 00:00:00,3000.0,45.0,,48.0,https://MorningConsult.com/form/global-leader-approval/?mkt_tok=eyJpIjoiWkRnd05XUXlOVFZqT1dWaCIsInQiOiJBYnZQTHVSYjlnU1o3bUxXenNuWkRUdjFwaGtTaFZXb2NJekx5Ujlhdk5ybHl5eFlOY2ZIZXRONWNOa0E2Y2o1OW5CajRUK0k5S0hWZW0ra3NYS29FYXNGbEN4cmNjMFBIcWFkVmxVa0hwbW0xY2ZCdVJ1YWRqZzNCck41dkF4QiJ9,Canada
MorningConsult,2021-02-28 00:00:00,3000.0,51.0,,43.0,https://MorningConsult.com/form/global-leader-approval/?mkt_tok=eyJpIjoiWkRnd05XUXlOVFZqT1dWaCIsInQiOiJBYnZQTHVSYjlnU1o3bUxXenNuWkRUdjFwaGtTaFZXb2NJekx5Ujlhdk5ybHl5eFlOY2ZIZXRONWNOa0E2Y2o1OW5CajRUK0k5S0hWZW0ra3NYS29FYXNGbEN4cmNjMFBIcWFkVmxVa0hwbW0xY2ZCdVJ1YWRqZzNCck41dkF4QiJ9,Canada
MorningConsult,2021-03-07 00:00:00,3000.0,49.0,,44.0,https://MorningConsult.com/form/global-leader-approval/?mkt_tok=eyJpIjoiWkRnd05XUXlOVFZqT1dWaCIsInQiOiJBYnZQTHVSYjlnU1o3bUxXenNuWkRUdjFwaGtTaFZXb2NJekx5Ujlhdk5ybHl5eFlOY2ZIZXRONWNOa0E2Y2o1OW5CajRUK0k5S0hWZW0ra3NYS29FYXNGbEN4cmNjMFBIcWFkVmxVa0hwbW0xY2ZCdVJ1YWRqZzNCck41dkF4QiJ9,Canada
MorningConsult,2021-03-14 00:00:00,3000.0,48.0,,45.0,https://MorningConsult.com/form/global-leader-approval/?mkt_tok=eyJpIjoiWkRnd05XUXlOVFZqT1dWaCIsInQiOiJBYnZQTHVSYjlnU1o3bUxXenNuWkRUdjFwaGtTaFZXb2NJekx5Ujlhdk5ybHl5eFlOY2ZIZXRONWNOa0E2Y2o1OW5CajRUK0k5S0hWZW0ra3NYS29FYXNGbEN4cmNjMFBIcWFkVmxVa0hwbW0xY2ZCdVJ1YWRqZzNCck41dkF4QiJ10,Canada
MorningConsult,2021-03-21 00:00:00,3000.0,47.0,,46.0,https://MorningConsult.com/form/global-leader-approval/?mkt_tok=eyJpIjoiWkRnd05XUXlOVFZqT1dWaCIsInQiOiJBYnZQTHVSYjlnU1o3bUxXenNuWkRUdjFwaGtTaFZXb2NJekx5Ujlhdk5ybHl5eFlOY2ZIZXRONWNOa0E2Y2o1OW5CajRUK0k5S0hWZW0ra3NYS29FYXNGbEN4cmNjMFBIcWFkVmxVa0hwbW0xY2ZCdVJ1YWRqZzNCck41dkF4QiJ11,Canada
MorningConsult,2021-03-28 00:00:00,3000.0,48.0,,44.0,https://MorningConsult.com/form/global-leader-approval/?mkt_tok=eyJpIjoiWkRnd05XUXlOVFZqT1dWaCIsInQiOiJBYnZQTHVSYjlnU1o3bUxXenNuWkRUdjFwaGtTaFZXb2NJekx5Ujlhdk5ybHl5eFlOY2ZIZXRONWNOa0E2Y2o1OW5CajRUK0k5S0hWZW0ra3NYS29FYXNGbEN4cmNjMFBIcWFkVmxVa0hwbW0xY2ZCdVJ1YWRqZzNCck41dkF4QiJ12,Canada
MorningConsult,2021-04-04 00:00:00,3000.0,48.0,,45.0,https://MorningConsult.com/form/global-leader-approval/?mkt_tok=eyJpIjoiWkRnd05XUXlOVFZqT1dWaCIsInQiOiJBYnZQTHVSYjlnU1o3bUxXenNuWkRUdjFwaGtTaFZXb2NJekx5Ujlhdk5ybHl5eFlOY2ZIZXRONWNOa0E2Y2o1OW5CajRUK0k5S0hWZW0ra3NYS29FYXNGbEN4cmNjMFBIcWFkVmxVa0hwbW0xY2ZCdVJ1YWRqZzNCck41dkF4QiJ13,Canada
MorningConsult,2021-04-11 00:00:00,3000.0,46.0,,48.0,https://MorningConsult.com/form/global-leader-approval/?mkt_tok=eyJpIjoiWkRnd05XUXlOVFZqT1dWaCIsInQiOiJBYnZQTHVSYjlnU1o3bUxXenNuWkRUdjFwaGtTaFZXb2NJekx5Ujlhdk5ybHl5eFlOY2ZIZXRONWNOa0E2Y2o1OW5CajRUK0k5S0hWZW0ra3NYS29FYXNGbEN4cmNjMFBIcWFkVmxVa0hwbW0xY2ZCdVJ1YWRqZzNCck41dkF4QiJ14,Canada
MorningConsult,2021-04-18 00:00:00,3000.0,48.0,,45.0,https://MorningConsult.com/form/global-leader-approval/?mkt_tok=eyJpIjoiWkRnd05XUXlOVFZqT1dWaCIsInQiOiJBYnZQTHVSYjlnU1o3bUxXenNuWkRUdjFwaGtTaFZXb2NJekx5Ujlhdk5ybHl5eFlOY2ZIZXRONWNOa0E2Y2o1OW5CajRUK0k5S0hWZW0ra3NYS29FYXNGbEN4cmNjMFBIcWFkVmxVa0hwbW0xY2ZCdVJ1YWRqZzNCck41dkF4QiJ15,Canada
MorningConsult,2021-04-25 00:00:00,3000.0,46.0,,48.0,https://MorningConsult.com/form/global-leader-approval/?mkt_tok=eyJpIjoiWkRnd05XUXlOVFZqT1dWaCIsInQiOiJBYnZQTHVSYjlnU1o3bUxXenNuWkRUdjFwaGtTaFZXb2NJekx5Ujlhdk5ybHl5eFlOY2ZIZXRONWNOa0E2Y2o1OW5CajRUK0k5S0hWZW0ra3NYS29FYXNGbEN4cmNjMFBIcWFkVmxVa0hwbW0xY2ZCdVJ1YWRqZzNCck41dkF4QiJ16,Canada
MorningConsult,2021-05-02 00:00:00,3000.0,46.0,,47.0,https://MorningConsult.com/form/global-leader-approval/?mkt_tok=eyJpIjoiWkRnd05XUXlOVFZqT1dWaCIsInQiOiJBYnZQTHVSYjlnU1o3bUxXenNuWkRUdjFwaGtTaFZXb2NJekx5Ujlhdk5ybHl5eFlOY2ZIZXRONWNOa0E2Y2o1OW5CajRUK0k5S0hWZW0ra3NYS29FYXNGbEN4cmNjMFBIcWFkVmxVa0hwbW0xY2ZCdVJ1YWRqZzNCck41dkF4QiJ17,Canada
MorningConsult,2021-05-09 00:00:00,3000.0,48.0,,45.0,https://MorningConsult.com/form/global-leader-approval/?mkt_tok=eyJpIjoiWkRnd05XUXlOVFZqT1dWaCIsInQiOiJBYnZQTHVSYjlnU1o3bUxXenNuWkRUdjFwaGtTaFZXb2NJekx5Ujlhdk5ybHl5eFlOY2ZIZXRONWNOa0E2Y2o1OW5CajRUK0k5S0hWZW0ra3NYS29FYXNGbEN4cmNjMFBIcWFkVmxVa0hwbW0xY2ZCdVJ1YWRqZzNCck41dkF4QiJ17,Canada
MorningConsult,2021-05-16 00:00:00,3000.0,47.0,,46.0,https://MorningConsult.com/form/global-leader-approval/?mkt_tok=eyJpIjoiWkRnd05XUXlOVFZqT1dWaCIsInQiOiJBYnZQTHVSYjlnU1o3bUxXenNuWkRUdjFwaGtTaFZXb2NJekx5Ujlhdk5ybHl5eFlOY2ZIZXRONWNOa0E2Y2o1OW5CajRUK0k5S0hWZW0ra3NYS29FYXNGbEN4cmNjMFBIcWFkVmxVa0hwbW0xY2ZCdVJ1YWRqZzNCck41dkF4QiJ17,Canada
MorningConsult,2021-05-23 00:00:00,3000.0,47.0,,46.0,https://MorningConsult.com/form/global-leader-approval/?mkt_tok=eyJpIjoiWkRnd05XUXlOVFZqT1dWaCIsInQiOiJBYnZQTHVSYjlnU1o3bUxXenNuWkRUdjFwaGtTaFZXb2NJekx5Ujlhdk5ybHl5eFlOY2ZIZXRONWNOa0E2Y2o1OW5CajRUK0k5S0hWZW0ra3NYS29FYXNGbEN4cmNjMFBIcWFkVmxVa0hwbW0xY2ZCdVJ1YWRqZzNCck41dkF4QiJ17,Canada
MorningConsult,2021-05-30 00:00:00,3000.0,48.0,,45.0,https://MorningConsult.com/form/global-leader-approval/,Canada
MorningConsult,2021-06-06 00:00:00,3000.0,46.0,,47.0,https://MorningConsult.com/form/global-leader-approval/,Canada
MorningConsult,2021-06-13 00:00:00,3000.0,46.0,,46.0,https://MorningConsult.com/form/global-leader-approval/,Canada
MorningConsult,2021-06-20 00:00:00,3000.0,48.0,,45.0,https://MorningConsult.com/form/global-leader-approval/,Canada
MorningConsult,2021-06-27 00:00:00,3000.0,45.0,,47.0,https://MorningConsult.com/form/global-leader-approval/,Canada
MorningConsult,2021-07-04 00:00:00,3000.0,47.0,,46.0,https://MorningConsult.com/form/global-leader-approval/,Canada
MorningConsult,2021-07-11 00:00:00,3000.0,45.0,,48.0,https://MorningConsult.com/form/global-leader-approval/,Canada
MorningConsult,2021-07-18 00:00:00,3000.0,49.0,,44.0,https://MorningConsult.com/form/global-leader-approval/,Canada
MorningConsult,2021-07-25 00:00:00,3000.0,50.0,,43.0,https://MorningConsult.com/form/global-leader-approval/,Canada
MorningConsult,2021-08-01 00:00:00,3000.0,48.0,,47.0,https://MorningConsult.com/form/global-leader-approval/,Canada
MorningConsult,2021-08-08 00:00:00,3000.0,50.0,,46.0,https://MorningConsult.com/form/global-leader-approval/,Canada
MorningConsult,2021-08-15 00:00:00,3000.0,47.0,,46.0,https://MorningConsult.com/form/global-leader-approval/,Canada
MorningConsult,2021-08-22 00:00:00,3000.0,47.0,,46.0,https://MorningConsult.com/form/global-leader-approval/,Canada
MorningConsult,2021-08-29 00:00:00,3000.0,45.0,,48.0,https://MorningConsult.com/form/global-leader-approval/,Canada
MorningConsult,2021-09-05 00:00:00,3000.0,45.0,,51.0,https://MorningConsult.com/form/global-leader-approval/,Canada
MorningConsult,2021-09-12 00:00:00,3000.0,46.0,,48.0,https://MorningConsult.com/form/global-leader-approval/,Canada
MorningConsult,2021-09-19 00:00:00,3000.0,44.0,,49.0,https://MorningConsult.com/form/global-leader-approval/,Canada
MorningConsult,2021-09-26 00:00:00,3000.0,45.0,,48.0,https://MorningConsult.com/form/global-leader-approval/,Canada
MorningConsult,2021-10-03 00:00:00,3000.0,45.0,,49.0,https://MorningConsult.com/form/global-leader-approval/,Canada
MorningConsult,2021-10-10 00:00:00,3000.0,43.0,,51.0,https://MorningConsult.com/form/global-leader-approval/,Canada
MorningConsult,2021-10-17 00:00:00,3000.0,44.0,,50.0,https://MorningConsult.com/form/global-leader-approval/,Canada
MorningConsult,2021-10-24 00:00:00,3000.0,45.0,,51.0,https://MorningConsult.com/form/global-leader-approval/,Canada
MorningConsult,2021-10-31 00:00:00,3000.0,44.0,,50.0,https://MorningConsult.com/form/global-leader-approval/,Canada
MorningConsult,2021-11-07 00:00:00,3000.0,44.0,,50.0,https://MorningConsult.com/form/global-leader-approval/,Canada
MorningConsult,2021-11-14 00:00:00,3000.0,44.0,,49.0,https://MorningConsult.com/form/global-leader-approval/,Canada
MorningConsult,2021-11-21 00:00:00,3000.0,45.0,,48.0,https://MorningConsult.com/form/global-leader-approval/,Canada
MorningConsult,2021-11-28 00:00:00,3000.0,42.0,,52.0,https://MorningConsult.com/form/global-leader-approval/,Canada
MorningConsult,2021-12-05 00:00:00,3000.0,44.0,,50.0,https://MorningConsult.com/form/global-leader-approval/,Canada
MorningConsult,2021-12-12 00:00:00,3000.0,43.0,,50.0,https://MorningConsult.com/form/global-leader-approval/,Canada
MorningConsult,2021-12-19 00:00:00,3000.0,43.0,,51.0,https://MorningConsult.com/form/global-leader-approval/,Canada
MorningConsult,2021-12-26 00:00:00,3000.0,42.0,,51.0,https://MorningConsult.com/form/global-leader-approval/,Canada
MorningConsult,2022-01-02 00:00:00,3000.0,45.0,,49.0,https://MorningConsult.com/form/global-leader-approval/,Canada
MorningConsult,2022-01-09 00:00:00,3000.0,43.0,,51.0,https://MorningConsult.com/form/global-leader-approval/,Canada
MorningConsult,2022-01-16 00:00:00,3000.0,43.0,,51.0,https://MorningConsult.com/form/global-leader-approval/,Canada
MorningConsult,2022-01-23 00:00:00,3000.0,42.0,,52.0,https://MorningConsult.com/form/global-leader-approval/,Canada
MorningConsult,2022-01-30 00:00:00,3000.0,43.0,,50.0,https://MorningConsult.com/form/global-leader-approval/,Canada
MorningConsult,2022-02-06 00:00:00,3000.0,42.0,,53.0,https://MorningConsult.com/form/global-leader-approval/,Canada
MorningConsult,2022-02-13 00:00:00,3000.0,38.0,,55.0,https://MorningConsult.com/form/global-leader-approval/,Canada
MorningConsult,2022-02-20 00:00:00,3000.0,38.0,,56.0,https://MorningConsult.com/form/global-leader-approval/,Canada
MorningConsult,2022-02-27 00:00:00,3000.0,41.0,,54.0,https://MorningConsult.com/form/global-leader-approval/,Canada
MorningConsult,2022-03-06 00:00:00,3000.0,41.0,,53.0,https://MorningConsult.com/form/global-leader-approval/,Canada
MorningConsult,2022-03-13 00:00:00,3000.0,41.0,,53.0,https://MorningConsult.com/form/global-leader-approval/,Canada
MorningConsult,2022-03-20 00:00:00,3000.0,43.0,,52.0,https://MorningConsult.com/form/global-leader-approval/,Canada
MorningConsult,2022-03-27 00:00:00,3000.0,43.0,,51.0,https://MorningConsult.com/form/global-leader-approval/,Canada
MorningConsult,2022-04-03 00:00:00,3000.0,40.0,,53.0,https://MorningConsult.com/form/global-leader-approval/,Canada
MorningConsult,2022-04-10 00:00:00,3000.0,42.0,,51.0,https://MorningConsult.com/form/global-leader-approval/,Canada
MorningConsult,2022-04-17 00:00:00,3000.0,44.0,,52.0,https://MorningConsult.com/form/global-leader-approval/,Canada
MorningConsult,2022-04-24 00:00:00,3000.0,42.0,,52.0,https://MorningConsult.com/form/global-leader-approval/,Canada
MorningConsult,2022-05-02 00:00:00,,43.0,,52.0,https://MorningConsult.com/global-leader-approval/,Canada
MorningConsult,2022-05-09 00:00:00,,41.0,,52.0,https://MorningConsult.com/global-leader-approval/,Canada
MorningConsult,2022-05-16 00:00:00,,42.0,,52.0,https://MorningConsult.com/global-leader-approval/,Canada
MorningConsult,2022-05-23 00:00:00,,42.0,,51.0,https://MorningConsult.com/global-leader-approval/,Canada
MorningConsult,2022-05-30 00:00:00,,40.0,,54.0,https://MorningConsult.com/global-leader-approval/,Canada
MorningConsult,2022-06-06 00:00:00,,42.0,,52.0,https://MorningConsult.com/global-leader-approval/,Canada
MorningConsult,2022-06-13 00:00:00,,42.0,,53.0,https://MorningConsult.com/global-leader-approval/,Canada
MorningConsult,2022-06-20 00:00:00,,30.0,,63.0,https://MorningConsult.com/global-leader-approval/,Canada
MorningConsult,2022-06-27 00:00:00,,42.0,,54.0,https://MorningConsult.com/global-leader-approval/,Canada
MorningConsult,2022-07-05 00:00:00,,41.0,,53.0,https://MorningConsult.com/global-leader-approval/,Canada
MorningConsult,2022-07-12 00:00:00,,40.0,,53.0,https://MorningConsult.com/global-leader-approval/,Canada
MorningConsult,2022-07-19 00:00:00,,40.0,,53.0,https://MorningConsult.com/global-leader-approval/,Canada
MorningConsult,2022-07-26 00:00:00,,38.0,,56.0,https://MorningConsult.com/global-leader-approval/,Canada
MorningConsult,2022-08-02 00:00:00,,40.0,,54.0,https://MorningConsult.com/global-leader-approval/,Canada
MorningConsult,2022-08-10 00:00:00,,40.0,,53.0,https://MorningConsult.com/global-leader-approval/,Canada
MorningConsult,2022-08-18 00:00:00,,40.0,,52.0,https://MorningConsult.com/global-leader-approval/,Canada
MorningConsult,2022-08-23 00:00:00,,39.0,,52.0,https://MorningConsult.com/global-leader-approval/,Canada
MorningConsult,2022-08-30 00:00:00,,40.0,,53.0,https://MorningConsult.com/global-leader-approval/,Canada
MorningConsult,2022-09-04 00:00:00,,40.0,,53.0,https://MorningConsult.com/global-leader-approval/,Canada
MorningConsult,2022-09-06 00:00:00,,38.0,,54.0,https://MorningConsult.com/global-leader-approval/,Canada
MorningConsult,2022-09-10 00:00:00,,37.0,,55.0,https://MorningConsult.com/global-leader-approval/,Canada
MorningConsult,2022-09-13 00:00:00,,40.0,,52.0,https://MorningConsult.com/global-leader-approval/,Canada
MorningConsult,2022-09-18 00:00:00,,41.0,,52.0,https://MorningConsult.com/global-leader-approval/,Canada
MorningConsult,2022-09-20 00:00:00,,41.0,,53.0,https://MorningConsult.com/global-leader-approval/,Canada
MorningConsult,2022-09-24 00:00:00,,41.0,,52.0,https://MorningConsult.com/global-leader-approval/,Canada
MorningConsult,2022-09-27 00:00:00,,43.0,,51.0,https://MorningConsult.com/global-leader-approval/,Canada
MorningConsult,2022-10-01 00:00:00,,41.0,,52.0,https://MorningConsult.com/global-leader-approval/,Canada
MorningConsult,2022-10-07 00:00:00,,42.0,,51.0,https://MorningConsult.com/global-leader-approval/,Canada
MorningConsult,2022-10-14 00:00:00,,43.0,,51.0,https://MorningConsult.com/global-leader-approval/,Canada
MorningConsult,2022-10-21 00:00:00,,42.0,,52.0,https://MorningConsult.com/global-leader-approval/#section-10,Canada
MorningConsult,2022-10-28 00:00:00,,41.0,,53.0,https://MorningConsult.com/global-leader-approval/#section-9,Canada
MorningConsult,2022-11-04 00:00:00,,41.0,,51.0,https://MorningConsult.com/global-leader-approval/#section-8,Canada
MorningConsult,2022-11-12 00:00:00,,40.0,,52.0,https://MorningConsult.com/global-leader-approval/#section-7,Canada
MorningConsult,2022-11-18 00:00:00,,39.0,,54.0,https://MorningConsult.com/global-leader-approval/#section-6,Canada
MorningConsult,2022-11-25 00:00:00,,40.0,,53.0,https://MorningConsult.com/global-leader-approval/#section-5,Canada
MorningConsult,2022-12-02 00:00:00,,41.0,,51.0,https://MorningConsult.com/global-leader-approval/#section-4,Canada
MorningConsult,2022-12-09 00:00:00,,41.0,,51.0,https://MorningConsult.com/global-leader-approval/#section-3,Canada
MorningConsult,2022-12-16 00:00:00,,37.0,,57.0,https://MorningConsult.com/global-leader-approval/#section-2,Canada
MorningConsult,2022-12-23 00:00:00,,37.0,,54.0,https://MorningConsult.com/global-leader-approval/#section-1,Canada
MorningConsult,2022-12-30 00:00:00,,40.0,,52.0,https://MorningConsult.com/global-leader-approval/#section-0,Canada
MorningConsult,2023-01-07 00:00:00,,40.0,,53.0,https://MorningConsult.com/global-leader-approval/#section-1,Canada
MorningConsult,2023-01-14 00:00:00,,39.0,,54.0,https://MorningConsult.com/global-leader-approval/#section-2,Canada
MorningConsult,2023-01-22 00:00:00,,38.0,,55.0,https://MorningConsult.com/global-leader-approval/#section-3,Canada
MorningConsult,2023-01-28 00:00:00,,39.0,,55.0,https://MorningConsult.com/global-leader-approval/#section-4,Canada
MorningConsult,2023-02-04 00:00:00,,39.0,,55.0,https://MorningConsult.com/global-leader-approval/#section-5,Canada
MorningConsult,2023-02-11 00:00:00,,39.0,,56.0,https://MorningConsult.com/global-leader-approval/#section-6,Canada
MorningConsult,2023-02-18 00:00:00,,41.0,,52.0,https://MorningConsult.com/global-leader-approval/#section-7,Canada
MorningConsult,2023-02-24 00:00:00,,38.0,,55.0,https://MorningConsult.com/global-leader-approval/#section-8,Canada
MorningConsult,2023-03-04 00:00:00,,39.0,,54.0,https://MorningConsult.com/global-leader-approval/#section-9,Canada
MorningConsult,2023-03-11 00:00:00,,41.0,,52.0,https://MorningConsult.com/global-leader-approval/#section-10,Canada
MorningConsult,2023-03-18 00:00:00,,40.0,,51.0,https://pro.MorningConsult.com/trackers/global-leader-approval#leader-approval-over-time,Canada
MorningConsult,2023-03-25 00:00:00,,38.0,,55.0,https://pro.MorningConsult.com/trackers/global-leader-approval#leader-approval-over-time,Canada
MorningConsult,2023-04-01 00:00:00,,39.0,,54.0,https://pro.MorningConsult.com/trackers/global-leader-approval#leader-approval-over-time,Canada
MorningConsult,2023-04-08 00:00:00,,39.0,,54.0,https://pro.MorningConsult.com/trackers/global-leader-approval#leader-approval-over-time,Canada
MorningConsult,2023-04-15 00:00:00,,36.0,,57.0,https://pro.MorningConsult.com/trackers/global-leader-approval#leader-approval-over-time,Canada
MorningConsult,2023-04-22 00:00:00,,41.0,,52.0,https://pro.MorningConsult.com/trackers/global-leader-approval#leader-approval-over-time,Canada
MorningConsult,2023-04-29 00:00:00,,38.0,,55.0,https://pro.MorningConsult.com/trackers/global-leader-approval#leader-approval-over-time,Canada
MorningConsult,2023-05-06 00:00:00,,40.0,,52.0,https://pro.MorningConsult.com/trackers/global-leader-approval#leader-approval-over-time,Canada
MorningConsult,2023-05-13 00:00:00,,39.0,,53.0,https://pro.MorningConsult.com/trackers/global-leader-approval#leader-approval-over-time,Canada
MorningConsult,2023-05-20 00:00:00,,38.0,,54.0,https://pro.MorningConsult.com/trackers/global-leader-approval#leader-approval-over-time,Canada
MorningConsult,2023-05-27 00:00:00,,41.0,,53.0,https://pro.MorningConsult.com/trackers/global-leader-approval#leader-approval-over-time,Canada
MorningConsult,2023-06-10 00:00:00,,41.0,,53.0,https://pro.MorningConsult.com/trackers/global-leader-approval#leader-approval-over-time,Canada
MorningConsult,2023-06-13 00:00:00,,39.0,,54.0,https://drive.google.com/drive/u/0/folders/1HNOcv-Nu85QqbpjbpXAQ5PMsOr_3-P2V,Canada
MorningConsult,2023-06-15 00:00:00,,40.0,,53.0,https://pro.MorningConsult.com/trackers/global-leader-approval#leader-approval-over-time,Canada
MorningConsult,2023-06-21 00:00:00,,40.0,,54.0,https://pro.MorningConsult.com/trackers/global-leader-approval#leader-approval-over-time,Canada
MorningConsult,2023-06-28 00:00:00,,43.0,,53.0,https://pro.MorningConsult.com/trackers/global-leader-approval#leader-approval-over-time,Canada
MorningConsult,2023-07-05 00:00:00,,41.0,,53.0,https://pro.MorningConsult.com/trackers/global-leader-approval#leader-approval-over-time,Canada
MorningConsult,2023-07-12 00:00:00,,39.0,,53.0,https://pro.MorningConsult.com/trackers/global-leader-approval#leader-approval-over-time,Canada
MorningConsult,2023-07-19 00:00:00,,36.0,,56.0,https://pro.MorningConsult.com/trackers/global-leader-approval#leader-approval-over-time,Canada
MorningConsult,2023-07-26 00:00:00,,40.0,,52.0,https://pro.MorningConsult.com/trackers/global-leader-approval#leader-approval-over-time,Canada
MorningConsult,2023-08-02 00:00:00,,40.0,,53.0,https://pro.MorningConsult.com/trackers/global-leader-approval#leader-approval-over-time,Canada
MorningConsult,2023-08-09 00:00:00,,42.0,,52.0,https://pro.MorningConsult.com/trackers/global-leader-approval#leader-approval-over-time,Canada
MorningConsult,2023-08-16 00:00:00,,42.0,,51.0,https://pro.MorningConsult.com/trackers/global-leader-approval#leader-approval-over-time,Canada
MorningConsult,2023-08-23 00:00:00,,42.0,,49.0,https://pro.MorningConsult.com/trackers/global-leader-approval#leader-approval-over-time,Canada
MorningConsult,2023-08-30 00:00:00,,36.0,,58.0,https://pro.MorningConsult.com/trackers/global-leader-approval#leader-approval-over-time,Canada
MorningConsult,2023-09-06 00:00:00,,39.0,,55.0,https://pro.MorningConsult.com/trackers/global-leader-approval#leader-approval-over-time,Canada
MorningConsult,2023-09-13 00:00:00,,37.0,,52.0,https://pro.MorningConsult.com/trackers/global-leader-approval,Canada
MorningConsult,2023-09-20 00:00:00,,34.0,,57.0,https://pro.MorningConsult.com/trackers/global-leader-approval,Canada
MorningConsult,2023-09-27 00:00:00,,36.0,,57.0,https://pro.MorningConsult.com/trackers/global-leader-approval,Canada
MorningConsult,2023-10-04 00:00:00,,34.0,,60.0,https://pro.MorningConsult.com/trackers/global-leader-approval,Canada
MorningConsult,2023-10-11 00:00:00,,33.0,,58.0,https://pro.MorningConsult.com/trackers/global-leader-approval,Canada
MorningConsult,2023-10-18 00:00:00,,34.0,,60.0,https://pro.MorningConsult.com/trackers/global-leader-approval,Canada
MorningConsult,2023-10-25 00:00:00,,34.0,,61.0,https://pro.MorningConsult.com/trackers/global-leader-approval,Canada
MorningConsult,2023-11-01 00:00:00,,32.0,,63.0,https://pro.MorningConsult.com/trackers/global-leader-approval,Canada
MorningConsult,2023-11-08 00:00:00,,30.0,,58.0,https://pro.MorningConsult.com/trackers/global-leader-approval,Canada
MorningConsult,2023-11-15 00:00:00,,30.0,,62.0,https://pro.MorningConsult.com/trackers/global-leader-approval,Canada
MorningConsult,2023-11-22 00:00:00,,29.0,,65.0,https://pro.MorningConsult.com/trackers/global-leader-approval,Canada
MorningConsult,2023-11-29 00:00:00,,31.0,,63.0,https://pro.MorningConsult.com/trackers/global-leader-approval,Canada
MorningConsult,2023-12-06 00:00:00,,32.0,,62.0,https://pro.MorningConsult.com/trackers/global-leader-approval,Canada
MorningConsult,2023-12-13 00:00:00,,33.0,,61.0,https://pro.MorningConsult.com/trackers/global-leader-approval,Canada
MorningConsult,2023-12-20 00:00:00,,31.0,,63.0,https://pro.MorningConsult.com/trackers/global-leader-approval,Canada
MorningConsult,2023-12-27 00:00:00,,35.0,,58.0,https://pro.MorningConsult.com/trackers/global-leader-approval,Canada
MorningConsult,2024-01-02 00:00:00,,35.0,,60.0,https://pro.MorningConsult.com/trackers/global-leader-approval,Canada
MorningConsult,2024-04-04 00:00:00,,34.0,6.0,60.0,MorningConsult 4/4/2024 - Google Docs,Canada
MorningConsult,2024-05-07 00:00:00,,35.0,7.0,58.0,pro.MorningConsult.com/trackers/global-leader-approval,Canada
MorningConsult,2024-07-16 00:00:00,,29.0,,63.0,https://www.statista.com/statistics/1456852/world-leader-approval-ratings/,Canada
MorningConsult,2024-09-04 00:00:00,,28.0,7.0,65.0,https://pro.morningconsult.com/trackers/global-leader-approval,Canada
MorningConsult,2024-10-02 00:00:00,,25.0,8.0,67.0,https://pro.morningconsult.com/trackers/global-leader-approval,Canada
MorningConsult,2024-11-05 00:00:00,,26.0,7.0,67.0,https://pro.morningconsult.com/trackers/global-leader-approval,Canada
MorningConsult,2024-12-03 00:00:00,,26.0,6.0,68.0,https://archive.ph/f9Y4k,Canada
MorningConsult,2025-01-08 00:00:00,,23.0,,69.0,https://drive.google.com/drive/u/0/folders/1HNOcv-Nu85QqbpjbpXAQ5PMsOr_3-P2V,Canada
MorningConsult,2025-01-27 00:00:00,,22.0,7.0,71.0,https://pro.morningconsult.com/trackers/global-leader-approval,Canada
MorningConsult,2025-04-07 00:00:00,,50.0,,30.0,https://drive.google.com/drive/home,Canada
MorningConsult,2025-06-09 00:00:00,,56.0,,19.0,https://drive.google.com/drive/u/0/folders/1HNOcv-Nu85QqbpjbpXAQ5PMsOr_3-P2V,Canada
MorningConsult,2025-07-10 00:00:00,,56.0,,31.0,https://pro.morningconsult.com/trackers/global-leader-approval?utm_source=newsletter&utm_medium=email&utm_campaign=our_best_intel&utm_content=071125,Canada
MorningConsult,2025-07-14 00:00:00,,29.0,,63.0,https://drive.google.com/drive/home,Canada
MorningConsult,2025-08-09 00:00:00,,56.0,,31.0,https://archive.ph/NOUh9,Canada
MorningConsult,2025-09-09 00:00:00,,53.0,,36.0,https://docs.google.com/spreadsheets/d/1MRd2odFYYnEFTVTD1AKI-ZZipom839M4/edit?gid=1503732994#gid=1503732994,Canada
MorningConsult,2025-10-07 00:00:00,,51.0,,38.0,https://docs.google.com/spreadsheets/d/1MFkq72SqHbZqdvAWCaev0GRtYYT_L7gl/edit?gid=1755455314#gid=1755455314,Canada
MorningConsult,2025-11-12 00:00:00,,49.0,12.0,39.0,https://archive.ph/kgyad,Canada
MorningConsult,2025-12-15 00:00:00,,48.0,11.0,41.0,https://archive.ph/JY3ZF,Canada
MorningConsult,2026-01-04 00:00:00,,50.0,12.0,38.0,https://archive.ph/0b9Jg,Canada
NANOS,2008-06-15 00:00:00,1000.0,32.0,38.0,30.0,https://app.powerbi.com/view?r=eyJrIjoiZDIxYmEyNDctMDRjMi00MzM5LWFkNzAtOTkzMTNiNTJkNjkyIiwidCI6IjJmMmY5NDEyLWY5YjktNDE0ZC1iMDBmLTc4NjJhMzk1YjQxOCIsImMiOjN9,Canada
NANOS,2009-06-15 00:00:00,1000.0,33.0,42.0,26.0,https://app.powerbi.com/view?r=eyJrIjoiZDIxYmEyNDctMDRjMi00MzM5LWFkNzAtOTkzMTNiNTJkNjkyIiwidCI6IjJmMmY5NDEyLWY5YjktNDE0ZC1iMDBmLTc4NjJhMzk1YjQxOCIsImMiOjN9,Canada
NANOS,2010-06-15 00:00:00,1000.0,29.0,42.0,29.0,https://app.powerbi.com/view?r=eyJrIjoiZDIxYmEyNDctMDRjMi00MzM5LWFkNzAtOTkzMTNiNTJkNjkyIiwidCI6IjJmMmY5NDEyLWY5YjktNDE0ZC1iMDBmLTc4NjJhMzk1YjQxOCIsImMiOjN9,Canada
NANOS,2011-06-15 00:00:00,1000.0,40.0,35.0,25.0,https://app.powerbi.com/view?r=eyJrIjoiZDIxYmEyNDctMDRjMi00MzM5LWFkNzAtOTkzMTNiNTJkNjkyIiwidCI6IjJmMmY5NDEyLWY5YjktNDE0ZC1iMDBmLTc4NjJhMzk1YjQxOCIsImMiOjN9,Canada
NANOS,2012-06-15 00:00:00,1000.0,33.0,33.0,33.0,https://app.powerbi.com/view?r=eyJrIjoiZDIxYmEyNDctMDRjMi00MzM5LWFkNzAtOTkzMTNiNTJkNjkyIiwidCI6IjJmMmY5NDEyLWY5YjktNDE0ZC1iMDBmLTc4NjJhMzk1YjQxOCIsImMiOjN9,Canada
NANOS,2013-06-15 00:00:00,1000.0,26.0,19.0,56.0,https://app.powerbi.com/view?r=eyJrIjoiZDIxYmEyNDctMDRjMi00MzM5LWFkNzAtOTkzMTNiNTJkNjkyIiwidCI6IjJmMmY5NDEyLWY5YjktNDE0ZC1iMDBmLTc4NjJhMzk1YjQxOCIsImMiOjN9,Canada
NANOS,2014-06-15 00:00:00,1000.0,37.0,18.0,45.0,https://app.powerbi.com/view?r=eyJrIjoiZDIxYmEyNDctMDRjMi00MzM5LWFkNzAtOTkzMTNiNTJkNjkyIiwidCI6IjJmMmY5NDEyLWY5YjktNDE0ZC1iMDBmLTc4NjJhMzk1YjQxOCIsImMiOjN9,Canada
NANOS,2015-06-15 00:00:00,1000.0,60.0,13.0,23.0,https://app.powerbi.com/view?r=eyJrIjoiZDIxYmEyNDctMDRjMi00MzM5LWFkNzAtOTkzMTNiNTJkNjkyIiwidCI6IjJmMmY5NDEyLWY5YjktNDE0ZC1iMDBmLTc4NjJhMzk1YjQxOCIsImMiOjN9,Canada
NANOS,2016-06-15 00:00:00,1000.0,43.0,23.0,33.0,https://app.powerbi.com/view?r=eyJrIjoiZDIxYmEyNDctMDRjMi00MzM5LWFkNzAtOTkzMTNiNTJkNjkyIiwidCI6IjJmMmY5NDEyLWY5YjktNDE0ZC1iMDBmLTc4NjJhMzk1YjQxOCIsImMiOjN9,Canada
NANOS,2017-06-15 00:00:00,1000.0,37.0,25.0,39.0,https://app.powerbi.com/view?r=eyJrIjoiZDIxYmEyNDctMDRjMi00MzM5LWFkNzAtOTkzMTNiNTJkNjkyIiwidCI6IjJmMmY5NDEyLWY5YjktNDE0ZC1iMDBmLTc4NjJhMzk1YjQxOCIsImMiOjN9,Canada
RESEARCHCO,2019-07-17 00:00:00,1000.0,41.0,,50.0,https://researchco.ca/wp-content/uploads/2019/07/Release_PoliticsCAN_24Jul2019.pdf,Canada
RESEARCHCO,2019-08-13 00:00:00,1000.0,41.0,,54.0,,Canada
RESEARCHCO,2020-09-13 00:00:00,1000.0,50.0,,45.0,https://researchco.ca/wp-content/uploads/2020/09/Release_Politics_CAN_17Sep2020.pdf,Canada
RESEARCHCO,2020-12-14 00:00:00,1000.0,55.0,,40.0,https://researchco.ca/wp-content/uploads/2020/12/Release_Politics_CAN_17Dec2020.pdf,Canada
RESEARCHCO,2022-10-31 00:00:00,1000.0,44.0,,51.0,https://researchco.ca/category/politics/,Canada
RESEARCHCO,2023-02-27 00:00:00,1000.0,46.0,,48.0,https://researchco.ca/wp-content/uploads/2023/03/Tables_Politics_CAN_03Mar2023.pdf,Canada
RESEARCHCO,2023-09-04 00:00:00,1000.0,41.0,,54.0,https://researchco.ca/wp-content/uploads/2023/09/Tables_Politics_CAN_07Sep2023.pdf,Canada
RESEARCHCO,2023-11-27 00:00:00,1000.0,39.0,,58.0,https://researchco.ca/wp-content/uploads/2023/11/Tables_Politics_CAN_30Nov2023.pdf,Canada
RESEARCHCO,2024-04-10 00:00:00,1001.0,39.0,,56.0,https://researchco.ca/wp-content/uploads/2024/04/Tables_Politics_CAN_16Apr2024.pdf,Canada
RESEARCHCO,2024-08-14 00:00:00,1002.0,35.0,,62.0,https://researchco.ca/wp-content/uploads/2024/08/Tables_Politics_CAN_20Aug2024.pdf,Canada
RESEARCHCO,2025-07-02 00:00:00,1001.0,61.0,,32.0,https://researchco.ca/wp-content/uploads/2025/07/Tables_Politics_CAN_07Jul2025.pdf,Canada
SESSUN,2004-01-29 00:00:00,1000.0,30.0,35.0,13.0,https://drive.google.com/file/d/1wBSTLaJvBtIGv5QPEU99AsGQSI5ttWE1/view?usp=drive_link,Canada
SESSUN,2004-04-15 00:00:00,1000.0,25.0,,31.0,,Canada
SESSUN,2004-08-11 00:00:00,1000.0,26.0,,26.0,,Canada
SESSUN,2004-11-15 00:00:00,1000.0,25.0,,33.0,,Canada
SESSUN,2005-02-02 00:00:00,1000.0,28.0,,27.0,,Canada
STRATCOUN,2006-04-09 00:00:00,1000.0,36.0,,10.0,,Canada
STRATCOUN,2006-07-15 00:00:00,1000.0,67.0,,27.0,,Canada
STRATCOUN,2006-09-17 00:00:00,1000.0,57.0,,34.0,,Canada
ZOGBY,2004-05-07 00:00:00,1000.0,26.0,,61.0,,Canada
ZOGBY,2005-05-15 00:00:00,1000.0,29.0,,,,Canada
SparkInsights,2026-01-18 00:00:00,,61.0,,39.0,https://bruce728.substack.com/p/approval-of-carney-government-rises,Canada
SparkInsights,2025-06-17 00:00:00,,67.0,,33.0,https://bruce728.substack.com/p/carney-approval-level-hits-67,Canada
SparkInsights,2026-01-18 00:00:00,,16.0,41.0,43.0,https://bruce728.substack.com/p/approval-of-carney-government-rises,Canada
SparkInsights,2026-01-18 00:00:00,,27.0,44.0,29.0,https://bruce728.substack.com/p/approval-of-carney-government-rises,Canada
SparkInsights,2026-01-18 00:00:00,,16.0,49.0,35.0,https://bruce728.substack.com/p/approval-of-carney-government-rises,Canada
SparkInsights,2026-01-18 00:00:00,,14.0,43.0,43.0,https://bruce728.substack.com/p/approval-of-carney-government-rises,Canada
CultMTL,2025-12-23 00:00:00,,62.0,,38.0,https://cultmtl.com/2025/12/mark-carney-approval-rating-approve/,Canada
SparkInsights,2026-01-18 00:00:00,,61.0,,39.0,https://bruce728.substack.com/p/approval-of-carney-government-rises,Canada
SparkInsights,2025-06-17 00:00:00,,67.0,,33.0,https://bruce728.substack.com/p/carney-approval-level-hits-67,Canada
SparkInsights,2026-01-18 00:00:00,,16.0,41.0,43.0,https://bruce728.substack.com/p/approval-of-carney-government-rises,Canada
SparkInsights,2026-01-18 00:00:00,,27.0,44.0,29.0,https://bruce728.substack.com/p/approval-of-carney-government-rises,Canada
SparkInsights,2026-01-18 00:00:00,,16.0,49.0,35.0,https://bruce728.substack.com/p/approval-of-carney-government-rises,Canada
SparkInsights,2026-01-18 00:00:00,,14.0,43.0,43.0,https://bruce728.substack.com/p/approval-of-carney-government-rises,Canada
