Country,Series,Description,Question Type,Question Wording,Method
Afghanistan,ABCBBCARD_PRES,ABC/BBC/ARD President (work),Work,"How would you rate the work of: [NAME] as president? Excellent, Good, Fair, Poor",
Afghanistan,ABCBBCARD_GOV,ABC/BBC/ARD Government (work),Work,"How would you rate the work of: Present government? Excellent, Good, Fair, Poor",
Afghanistan,ASIAFOUNDATION_GOV,Asia Foundation Government (work),Work,"Thinking of the different levels of government in Afghanistan, do you think that overall the government is doing a very good job, somewhat good job, somewhat bad job, or a very bad job?",
Afghanistan,ASIAFOUNDATION_PRES,Asia Foundation President (work),Work,"How would you rate the work of Hamid Karzai as President of Afghanistan – excellent, good, fair, or poor?",
Afghanistan,GALLUPWORLD_LSHP,Gallup World Poll (leadership) ,Approval ,Do you approve or disapprove of the job performance of the leadership of this country?,
Afghanistan,GALLUPWORLD_LDR,Gallup World Poll (leader),Approval ,Do you approve or disapprove of the way the leader/head/President of this country is handling his/her job as leader/head/President?,
Afghanistan,IRI,International Republican Institute ,Performance,"How would you rate [NAME'S] performance as President? Very good, Good, Fair, Poor, Very Poor",
Albania_PM,IRI-PMFAV,International Republican Institute (Favorability),Favorability,"For each, please tell me if you have a highly favorable, somewhat favorable, somewhat unfavorable or highly unfavorable opinion of this individual. (PM Name); Highly + Somewhat Favorable",
Albania_PM,IRI-PMAPP,International Republican Institute (Approval),Approval ,Do you approve or disapprove of the Edi Rama government?,
Albania_PM,GALLUPWORLD_LSHP,Gallup World Poll (leadership),Approval ,Do you approve or disapprove of the job performance of the leadership of this country?,
Albania_PM,GALLUPWORLD_LDR,Gallup World Poll (leader),Approval ,Do you approve or disapprove of the way the leader/head/President of this country is handling his/her job as leader/head/President?,
Albania_GOV,IRI-Performance,International Republican Institute ,Approval ,How would you rate the performance of the national government?,
Albania_GOV,CSES,Comparative Study of Electoral Systems,Performance,"Now thinking about the performance of the [government in [CAPITAL]/president] in general, how good or bad a job do you think the [government/president in [CAPITAL]] has done over the past [NUMBER OF YEARS SINCE LAST GOVERNMENT TOOK OFFICE, BEFORE THE CURRENT ELECTION] years? Has [it/he/she] done a very good job? A good job? A bad job? A very bad job?",
Algeria,Afrobarometer,Afrobarometer,performance,"Do you approve or disapprove of the way that the following people have performed their jobs over the past twelve months, or haven’t you heard enough about them to say?",
Algeria,ARABBAROMETER10,Arab Barometer Wave 1/2 *some of 3* using 10 pt scale ,Satisfaction ,"Using a similar 10-point scale, where 1 means very unsatisfied and 10 means very satisfied, indicate how satisfied you are with the performance of the current [respondent’s country] government",
Algeria,ARABBAROMETER11,"Arab Barometer Waves 3-5, using an 11 pt scale",Satisfaction ,"Suppose that there was a scale from 0-10 to measure the extent of your satisfaction with the government, in which 1 means that you were absolutely unsatisfied with its performance and 10 means that you were completely satisfied.",
Algeria,ARABBAROMETERTRUST,"Arab Barometer Wave 6, using a question that has four choices",Trust,"I’m going to name a number of institutions. For each one, please tell me how much trust you have in them. Government (Council of Ministers). Choices: A great deal of trust, Quite a lot of trust, Not a lot of trust, No trust at all",
Angola,GALLUPWORLD_LSHP,Gallup World Poll (leadership),Approval ,Do you approve or disapprove of the job performance of the leadership of this country?,
Angola,GALLUPWORLD_LDR,Gallup World Poll (leader),Approval ,Do you approve or disapprove of the way the leader/head/President of this country is handling his/her job as leader/head/President?,
Angola,AFROBAROMETER,Afrobarometer,Performance,"Do you approve or disapprove of the way that the following people have performed their jobs over the past 12 months, or haven’t you heard enough about them to say? President [Mokgweetsi Masisi]",
Angola,AFROBAROMETERTRUST,Afrobarometer Round 8,Trust,"How much do you trust each of the following, or haven’t you heard enough about them to say? The [president]
",
Argentina,ACIERTO_GES,Acierto (Gestión),Gestión,Positiva + Regular-Positiva vs. Negativa + Regular-Negativa,
Argentina,ACIERTO_IMG,Acierto (Imagen),Imagen,Positiva + Regular-Positiva,
Argentina,AGORA_GES,Ágora Consultores (Gestión),Gestión,"En terminos generales, Que evaluación hace de la gestión del gobierno nacional de Javier Milei?",
Argentina,AGORA_IMG,Ágora Consultores (Imagen),Imagen,,
Argentina,ANALIADFCDESEMP,Analia del Franco Consultores (Desempeño),Desempeño,"Evaluación del desempeño de (Nombre del presidente): positiva, negativa, ns/nc",
Argentina,ANALIADFCIMAG,Analia del Franco Consultores (Imagen),Imagen,,
Argentina,ANALITYCA,Analityca (Gestión del gobierno),Gestión,¿Usted aprueba o desaprueba la gestión del gobierno?,
Argentina,ANALOGIASGES,Analogías Investigación y Estrategia (Gestión),Gestión,¿Qué evaluación de gobierno hace usted hasta ahora del gobierno de (Nombre del Presidente)?,
Argentina,ANALOGIASIMAG,Analogías Investigación y Estrategia (Imagen),Imagen,Imagen: positiva v. negativa v. ns/nc,
Argentina,ARAGON,Raúl G. Aragón & Asociados (Opinion),Opinión,"¿Cuál es su opinión de [name]? muy buena/buena, regular, buena/muy buena",
Argentina,ARESCO,Aurelio Aresco (Gestión),Gestión,Gestión: muy/buena v. regular v. muy/mala,
Argentina,ARESCOIMAG,Aurelio Aresco (Imagen),Imagen,"Evaluación de la imagen de (Nombre): muy buena/buena/regular positiva, regular negativa/mala/ muy mala, difusa/sin imagen",
Argentina,ATLASINTELAPP,Atlas Intel (Approval),Conduciendo,¿Usted aprueba o desaprueba la forma en que [nombre] está conduciendo el Gobierno del Ecuador?,
Argentina,ATLASINTELDES,Atlas Intel (Desempeño),Desempeño,"¿Cómo evalúa el desempeño del Gobierno de Mauricio Macri? Muy bueno, bueno, regular, malo, muy malo",
Argentina,ATLASINTELIMG,Atlas Intel (Imagen),Imagen,¿Usted tiene una imagen positiva o negativa de los siguientes líderes?,
Argentina,ATLASINTELGES,Atlas Intel (Gestión),Gestión,,
Argentina,ATLASINTELLATAMPULSE,Atlas Intel Latam Pulse (Desempeño),Desempeño,¿Apruebas o desapruebas la gestión del gobierno de Javier Milei?,
Argentina,CARLOSFARA,Carlos Fara (Gestión),Gestión,Gestión del gobierno nacional positiva v. regular v. negativa,
Argentina,CATTERBERG,Edgardo Catterberg (Image),Imagen,Imagen: positiva v. negativa,
Argentina,CBGES,CB Consultora (Gestión),Gestión,Usted ¿aprueba o desaprueba la Gestión del presidente [nombre]?,
Argentina,CBIMAG,CB Consultora (Imagen),Imagen,"Imagen: Muy buena + Buena, Mala + Muy Mala",
Argentina,CELAGGestión,CELAG  (Image),Imagen,"Quisiera que me diga ahora qué opinión tiene de estas personas que voy a mencionarle. Si no la conoce o no tiene una opinión formada de la persona, por favor dígamelo. Para comenzar, ¿qué opinión tiene usted de [nombre], diría que es positiva o negativa?",
Argentina,CELAGIMAG,CELAG (Gestión),Gestión,"Haciendo un balance global usted diría que la gestión de (nombre) es? Muy buena, buena, Regular buena, Regular mala, Mala, Muy Mala",
Argentina,CEOP,CEOP/Centro de Estudios de Opinión Pública (Gestión),Gestión,Gestión: aprueba v. desaprueba,
Argentina,CEOP,CEOP/Centro de Estudios de Opinión Pública (Gestión),Gestión,Evaluación de la gestión de (Nombre del Presidente): positiva v. negativa v. ns/nc,
Argentina,CEOPIMAG,CEOP/Centro de Estudios de Opinión Pública (Imagen),Imagen,Imagen del Presidente: positiva v. negativa v. ns/nc,
Argentina,CIDGALLUPAPP,CIDGALLUP (Gestión),Gestión,Opinión sobre la gestión/desempeño presidencial: muy buena o buena (solo publica favorable),
Argentina,CIRCUITOS_IMG,Circuitos (Imagen),Imagen,"Que imagen tiene del presidente Javier Milei? Positiva, Regular, Negativa",
Argentina,CLIVAJES,CLIVAJES (Imagen),Imagen,Imagen de (Nombre): muy buena + buena v. mala + muy mala v. regular + ns/nc,
Argentina,CIGP,Consultora de Imagen y Gestión Politica (Gestión),Gestión,¿Usted aprueba o desaprueba la Gestión del presidente?,
Argentina,DAIYB,D'Alessio IROL y Berensztein (Gestión),Gestión,"¿Cómo evalúa la gestión del Gobierno nacional en su conjunto hasta este momento? Muy buena, buena, mala, muy mala",
Argentina,DAIYBIM,D'Alessio IROL y Berensztein (Imagen),Imagen,Imagen y posicionamiento de (Nombre): Imagen positiva (Muy Buena + Buena) v. Imagen Negativa (Mala + Muy Mala),
Argentina,DATAMATICA,Datamática Política y Gobierno (Gestión),Gestión,Imagen de la gestión presidencial: positiva v. regular v. negativa,
Argentina,DELFOS_GES,DELFOS Opinion Publica e Informacion de Mercado (Gestión),Gestión,Respecto de la gestión del presidente [nombre] ¿usted aprueba o desaprueba?,
Argentina,DELFOS_OPIN,DELFOS Opinion Publica e Informacion de Mercado (Opinión),Gestión,"Conoce a estos dirigentes nacionales? Si es ais, ¿que opinión tiene de ellos, buena, regular, o mala?",
Argentina,DELFOS_IMG,DELFOS Opinion Publica e Informacion de Mercado (Imagen),Imagen,¿Que imagen tien de la gestión del presidente [nombre]?,
Argentina,DICEN,Consultora Dicen (Imagen),Imagen,"¿Usted tiene una imagen muy buena, buena, mala o muy mala de [nombre]?",
Argentina,ELYPSIS,Elypsis (Imagen),Imagen,"¿Usted tiene una imagen muy buena, buena, mala o muy mala de [nombre]?",
Argentina,EQUIS,Equis (Image),Imagen,¿Tiene usted una imagen positiva o negativa de [nombre]? positiva v. regular v. negativa,
Argentina,FRAGA,"Rosendo Fraga/Nueva Mayoría (Image, Capital Federal/Gran Buenos Aires)",Imagen,Imagen: positiva v. regular v. negativa,
Argentina,FEDGONZALEZ_IMG,Federico González y Asociados (Imagen),Imagen,"¿Que imagen tiene del presidente Alberto Fernandez? Muy buena, buena, ni buena ni mala, mala, muy mala",
Argentina,FIXER,Fixer (Imagen),Imagen,,
Argentina,GALLUPAPP,Barómetro Iberoamericano de Gobernabilidad (Gestión),Gestión,"¿Usted aprueba o desaprueba la gestión del Presidente? aprueba, desaprueba",
Argentina,GALLUPDESEMP,Barómetro Iberoamericano de Gobernabilidad (Desempeño),Desempeño,"Usted diría que la forma como viene desempeñando su trabajo el Presidente es muy buena, buena, ni buena ni mala, mala o muy mala?",
Argentina,GALLUPWORLD_LSHP,Gallup World Poll (leadership),Approval ,Do you approve or disapprove of the job performance of the leadership of this country?,
Argentina,GALLUPWORLD_LDR,Gallup World Poll (leader),Approval ,Do you approve or disapprove of the way the leader/head/President of this country is handling his/her job as leader/head/President?,
Argentina,GDOP,Grupo de Opinion Publica (Imagen),Imagen,"¿Usted tiene una imagen muy buena, buena, mala o muy mala de [nombre]?",
Argentina,GIACOBBE,Giacobbe y Asociados (Imagen),Imagen,"Imagen: Positiva, regular, negativa, no lo conozco, NS/NC",
Argentina,GUSTAVOCYAIM,Gustavo Cordoba y Asociados (Imagen),Imagen,"¿Usted tiene una imagen muy buena, buena, mala o muy mala de [nombre]?",
Argentina,HUGOHAIME,Hugo Haime (Performance),Desempeño,"¿Cómo evalua el desempeño de X como presidente? Muy bueno, bueno, regular, malo, muy malo",
Argentina,HUGOHAIME_GES,Hugo Haime (Gestión),Gestión,Gestión de Cristina Fernandez: aprueba y desaprueba,
Argentina,HUGOHAIME_IMAG2,"Hugo Haime (Image, 2 categories)",Imagen,Imagen del presidente como dirigente: positivo v. negativo,
Argentina,HUGOHAIME_IMAG3,"Hugo Haime (Image, 3 categories)",Imagen,Imagen del presidente como dirigente: muy bien+bien v. regular v. mal+muy mal,
Argentina,IBAROMETRO_GOB,Ibarómetro (Image President's Government),Imagen,¿Qué imagen tiene del Gobierno Nacional de [nombre]?,
Argentina,IBAROMETRO_IMG,Ibarómetro (Image President),Imagen,¿Qué imagen tiene de [nombre]?,
Argentina,INTELIGENCIAANALITICA_DES,Inteligencia Analítica (Desempeño),Desempeño,Evaluacion del Desempeño del Presidente de la Nacion,
Argentina,INTELIGENCIAANALITICA_IMG,Inteligencia Analítica (Image),Imagen,"Imagen: muy buena, buena, ni buena ni mala, mala y muy mala",
Argentina,IPSOSGES,IPSOS (Gestión),Gestión,"En general, ¿Usted aprueba o desaprueba la gestión del presidente (nombre)?",
Argentina,IPSOSGES,IPSOS (Gestión),Gestión,¿Usted aprueba o desaprueba la Gestión del presidente?,
Argentina,ISONOMIAGES,Isonomía (Gestión),Gestión,"¿Cómo evalua usted la gestión de (Nombre) como Presidente de la Nación en términos de muy buena, buena, mala o muy mala?",
Argentina,ISONOMIAIMAG,Isonomía (Image),Imagen,"¿Usted tiene una imagen muy buena, buena, mala o muy mala de [nombre]?",
Argentina,LAPOP,AmericasBarometer (Trabajo),Trabajo,"Hablando en general acerca del gobierno actual, ¿diría usted que el trabajo que está realizando el Presidente [NAME OF CURRENT PRESIDENT] es muy bueno, bueno, ni bueno ni malo, malo, o muy malo?",
Argentina,LB,Latinobarometer (Gestión),Gestión,¿Usted aprueba o no aprueba la gestión del gobierno que encabeza el presidente [nombre]?,
Argentina,MGTFITAPP,Management & Fit (Conducir),Conduciendo,¿Usted aprueba o desaprueba la forma en que [nombre] está conduciendo el gobierno nacional?,
Argentina,MGTFITGES,Management & Fit (Gestión),Gestión,¿Usted aprueba o desaprueba la gestión del presidente?,
Argentina,MGTFITIMAG,Management & Fit (Image),Imagen,"¿Cuál es su percepción de la imagen de [nombre]? Buena, regular, mala",
Argentina,MORAYARAUJOECNAC,"IPSOS Mora y Araujo (Image, National) * E. Calvo",Imagen,¿Cuál es la imagen que tiene usted de [nombre]?,
Argentina,MORAYARAUJOFGGBA,"IPSOS Mora y Araujo (Image, Gran Buenos Aires) * F. Gélineau",Imagen,¿Cuál es la imagen que tiene usted de [nombre]?,
Argentina,MORAYARAUJOFGNAC,"IPSOS Mora y Araujo (Image, National) * F. Gélineau",Imagen,¿Cuál es la imagen que tiene usted de [nombre]?,
Argentina,MORIGES,Equipos MORI (Gestión),Gestión,Gestión: aprueba v. ni aprueba ni desaprueba v. desaprueba,
Argentina,MORIIMAG,Equipos MORI (Image),Imagen,Imagen: muy buena/buena v. ni buena ni mala v. mala/muy mala,
Argentina,MORNINGCONSULT,MORNING CONSULT,Approval ,,
Argentina,MOVE_IMG,MOVE (Image),Imagen,Imagen Positiva v. Negativa,
Argentina,MYASOCIADOS,Mautone & Asociados (Imagen),Imagen,"¿Usted tiene una imagen muy buena, buena, mala o muy mala de [nombre]?",
Argentina,MYRASOCIADOS,M&R Asociados (Gestión),Gestión,¿Usted aprueba o desaprueba la Gestión del presidente?,
Argentina,OAGES,Opina Argentina (Gestión),Gestión,¿Usted aprueba o desaprueba la Gestión del gobierno?,
Argentina,OAIMAG,Opina Argentina (Imagen),Imagen,"¿Usted tiene una imagen muy buena, buena, mala o muy mala de [nombre]?",
Argentina,OEIMAG,Observatorio Electoral (Imagen),Imagen,"¿Usted tiene una imagen muy buena, buena, mala o muy mala de [nombre]?",
Argentina,OPSM,OPSM/Opinión Pública Servicios y Mercados (Gestión),Gestión,Gestión: How would you rate the performance of [name] as president? buena v. regular v. mala,
Argentina,OPSM3,OPSM/Opinión Pública Servicios y Mercados (Image),Opinión,What is your opinion of current president [name]? buena v. regular v. mala,
Argentina,OPSMADMIN,OPSM/Opinión Pública Servicios y Mercados (Administration),Administration,Do you support or not support the [last name] Adminsitration?,
Argentina,OPINAARGENTINA_IMG,Opina Argentina (Imagen),Imagen,Imagen “muy positiva” + “positiva” ; “algo negativa” + “muy negativa”,
Argentina,OPINAARGENTINA_GES,Opina Argentina (Gestión),Gestión,¿Cómo evalúa el gobierno nacional de [name]?,
Argentina,OPINAIAGES,Opinaia Valentin Nabel (Gestión),Gestión,¿Cómo evalúa la gestión del gobierno nacional? Muy positiva + Positiva + Neutra positiva v. Neutra negativa + Negativa + Muy negativa,
Argentina,OPINAIAIMAG,Opinaia Valentin Nabel (Imagen),Imagen,"¿Usted tiene una imagen muy buena, buena, mala o muy mala de [nombre]?",
Argentina,OPINAIAOPIN,Opinaia Valentin Nabel (Opinion),Imagen,¿Cuál es su opinión de los siguientes dirigentes políticos? (Nombre): muy positiva + algo positiva v. algo negativa + muy negativa v. no lo conoce,
Argentina,POLIARQUIA,Poliarquía (Image),Imagen,"¿Tiene usted una imagen positiva o negativa de [nombre]? Muy bien, Bien, Regular, Mal, Muy mal",
Argentina,POLIARQUIAGES,Poliarquía (Gestión),Gestión,¿Usted aprueba o desaprueba la gestión de (Nombre) como presidente de la Nación?,
Argentina,POLLDATA,Polldata (Gestión),Gestión,¿ Usted aprueba o desaprueba la Gestión del presidente?,
Argentina,PULSO_GES,Pulso (Gestión),Gestión,"Hasta el momento, como usted evalua la gestión del gobierno de Javier Milei?",
Argentina,PULSO_IMG,Pulso (Imagen),Imagen,Ahora voy a mencionarle algunas personalidades politicas. Podria indicarme si los conoce y que imagen tiene de ellos?,
Argentina,QUIDDITY,Quiddity (Gestión),Gestión,¿Usted aprueba o desaprueba la Gestión del presidente?,
Argentina,RDT,Reale Dallatorre Consultores - RDT,Gestión,Aprobacion v. Desaprobacion,
Argentina,REALTIMEDATAAPP,Real-Time Data (Aprobacion),Trabajo,¿Usted aprueba o desaprueba el trabajo de [NAME] esta haciendo como presidente?,
Argentina,REALTIMEDATAIMAG,Real-Time Data (Imagen),Imagen,,
Argentina,RETAMAR,Retamar (Haciendo las cosas),Haciendo,"¿Como cree que está haciendo las cosas el/la Presidente/a [nombre]? Muy bien+bien, regular, Mal+muy mal",
Argentina,ROMER,Graciela Römer y Asociados National (Gestión),Gestión,Do you have a positive or negative opinion of [name] performance as president? positiva v. negativa,
Argentina,ROMER3GBA,Graciela Römer y Asociados Gran Buenos Aires (Gestión),Gestión,Do you have a positive or negative opinion of [name] performance as president? positiva v. regular v. negativa,
Argentina,ROMER3NAC,Graciela Römer y Asociados National (Gestión),Gestión,Do you have a positive or negative opinion of [name] performance as president? positiva v. regular v. negativa,
Argentina,RROUVIER,Ricardo Rouvier (Gestión),Gestión,Gestión gobierno nacional: buena v. regular v. mala,
Argentina,RROUVIERIMAG,Ricardo Rouvier (Imagen),Imagen,Imagen: positiva v. regular v. negativa,
Argentina,SOCMERCGOVAPP,Socmerc Govt Approval,Approval ,,
Argentina,SOCMERCPRESIMAG,Socmerc (Image),Imagen,Imagen: positiva v. negativa,
Argentina,SOLMOIRAGO_IMG,Solmoirago,Imagen,,
Argentina,SYNOPSIS,Synopsis (Gestión),Gestión,"¿Cómo evalúa el desempeño del gobierno de (Nombre del presidente)?: Positiva, Negativa, Regular.",
Argentina,SYNOPSIS_IMG,Synopsis (Imagen),Image,"¿Qué imagen tiene [nombre]? Positiva, neutra, negativa",
Argentina,TAQUION_GES,Taquion (Gestión),Gestión,¿Usted aprueba o desaprueba la Gestión del presidente?,
Argentina,TAQUION_IMG,Taquion (Imagen),Image,"Evaluación de imagen: Positiva, Sin imagen definida, Negativa",
Argentina,TRESPUNTOZEROGES,Trespuntozero (Gestión),Gestión,¿Cómo evalúa usted la gestión del Gobierno Nacional de (Nombre del Presidente),
Argentina,TRESPUNTOZEROIM,Trespuntozero (Imagen),Imagen,¿Qué imagen tiene del gobierno nacional de (Nombre del Presidente)?,
Argentina,UDESAGOB,Universidad de San Andres con IPSOS (Gestión),Gestión,"En general, ¿aprobás o desaprobás al gobierno del presidente Alberto Fernández?",
Argentina,UDESAOPIN,Universidad de San Andres con IPSOS (Opinión),Opinión,"¿Qué opinión tiene usted de los siguientes dirigentes políticos? Muy buena, buena, mala o muy mala",
Argentina,UDESASAT,Universidad de San Andrés (Satisfacción),Satisfacción,"¿Cuál es su grado de satisfacción con el modo en que se está desempañando (Nombre)? Agrupado de satisfechos (""Muy satisfecho"" + ""Satisfecho"") e Insatisfechos (""Muy Insatisfecho"" + ""Satisfecho""). Poder Ejecutivo",
Argentina,ZUBANCORDOBA_GES,Zuban Cordoba y Asociados (Gestión),Gestión,"Aprobación de la gestión de [nombre]: totalmente aprueba, algo aprueba, algo desaprueba, totalmente desaprueba",
Argentina,ZUBANCORDOBA_GES_GOV,Zuban Cordoba y Asociados National Govt (Gestión),Gestión,"Aprobación de la gestión del gobierno nacional: totalmente aprueba, algo aprueba, algo desaprueba, totalmente desaprueba",
Argentina,ZUBANCORDOBA_IMG,Zuban Cordoba y Asociados (Imagen),Imagen,Nivel de imagen de (Nombre): muy buena + buena v. mala + muy mala v. ns/nc + no lo conoce,
Armenia_Gov,CAUACASUSBAROMETERGOV,Caucasus Barometer (Trust towards Executove Government %),Trust,"Please assess your level of trust toward each of social institutions and political unions - Executive government (Prime minister and ministers) (Trust, neither, distrust) ",
Armenia_Pres,CAUACASUSBAROMETERPRES,Caucasus Barometer (Trust twoards President %),trust,"Please assess your level of trust toward each of social institutions and political unions - President (Trust, Neither, Distrust)",
Armenia_Gov,GALLUPWORLD_LSHP,Gallup World Poll (leadership),Approval ,Do you approve or disapprove of the job performance of the leadership of this country?,
Armenia_Gov,GALLUPWORLD_LDR,Gallup World Poll (leader),Approval ,Do you approve or disapprove of the way the leader/head/President of this country is handling his/her job as leader/head/President?,
Armenia_Gov,IRIGOV,International Republican Institute - Institution,Favorability,"Please tell me your opinion about the work of each of these institutions: the Government (Cabinet of Ministers)? (Favorable, Unfavorable, No Opinion)",
Armenia_Gov,IRIGOVSat,International Republican Institute - Institution,Satisfaction ,"How satisfied or dissatisfied are you with the work of the following state bodies? (cabinet of ministers/govt ministries) Very, Somewhat Satisfied v. Somewhat, Very Dissatisfied",
Armenia_PM,IRIPM,International Republican Institute - Institution,Favorability,"Please tell me your opinion about the work of each of these institutions: the Office of the Prime Minister? (Favorable, Unfavorable, No Opinion)",
Armenia_PM,IRIPMSat,International Republican Institute - Institution,Satisfaction ,"How satisfied or dissatisfied are you with the work of the following state bodies? (Prime Minister's Office) Very, Somewhat Satisfied v. Somewhat, Very Dissatisfied",
Armenia_PM,IRIPMFAV,International Republican Institute - Politician,Favorability,What is your opinion of the following Armenian politicians and other well known persons in Armenian society?,
Armenia_Pres,IRIPRES,International Republican Institute - Institution,Favorability,"Please tell me your opinion about the work of each of these institutions: the President's Office? (Favorable, Unfavorable, No Opinion)",
Armenia_Pres,IRIPRESFAV,International Republican Institute - Politician,Favorability,What is your opinion of the following Armenian politicians and other well known persons in Armenian society?,
Armenia_Pres,IRIPRESSat,International Republican Institute - Institution,Satisfaction ,"How satisfied or dissatisfied are you with the work of the following state bodies? (President's Office) Very, Somewhat Satisfied v. Somewhat, Very Dissatisfied",
Armenia_PM,MPGPM,Marketing Professional Group - Gallup International,Activity,Assessment of Prime Minister's activity,
Armenia_Gov,MPGGOV,Marketing Professional Group - Gallup International,Activity,Assessment of Government's activity,
Armenia_Pres,MPGPRES,Marketing Professional Group - Gallup International,Activity,Assessment of President's activity,
Australia ,ACNIELSEN,AC Nielsen Approval ,Approval ,Prime Minister Approval (approve or disapprove) ,
Australia ,CSES,Comparative Study of Electoral Systems,Performance,"Now thinking about the performance of the [government in [CAPITAL]/president] in general, how good or bad a job do you think the [government/president in [CAPITAL]] has done over the past [NUMBER OF YEARS SINCE LAST GOVERNMENT TOOK OFFICE, BEFORE THE CURRENT ELECTION] years? Has [it/he/she] done a very good job? A good job? A bad job? A very bad job?",
Australia ,ESSENTIALRESEARCH,Prime Minister Satisfaction ,Satisfaction ,"""Do you approve or disapprove of the way [name] is handling his/her job as Prime Minister?"" ",
Australia ,FOX&HEDGEHOG,MIGUEL RESEARCH & ADD QUESTION WORDING,,,
Australia ,FreshwaterStrategy,Freshwater Stategy,Satisfaction ,"""Below are a list of figures in Australian Politics and culture. For each say whether you have heard of them, and if so, whether you have a favourable, unfavourable, or neutral view of them?""",
Australia ,GALLUPWORLD_LSHP,Gallup World Poll (leadership),Approval ,Do you approve or disapprove of the job performance of the leadership of this country?,
Australia ,GALLUPWORLD_LDR,Gallup World Poll (leader),Approval ,Do you approve or disapprove of the way the leader/head/President of this country is handling his/her job as leader/head/President?,
Australia ,IPSOS,Prime Minister Satisfaction ,Satisfaction ,Question of Satisfaction,
Australia ,MORGAN,Prime Minister Approval ,Approval ,"""Do you approve or disapprove of the way [name] is handling his/her job as Prime Minister?"" ",
Australia ,MorningConsult,Morning Consult Global Leader Approval Tracker,Approval ,,
Australia ,NEWSPOLL,Prime Minister Satisfaction ,Satisfaction ,"""Are you satisfied or dissatisfied with the way [name] is doing his/her job as Prime Minister?""",
Australia ,NEWSPOLL/YOUGOV,NEWSPOLL/YOUGOV,Satisfaction ,"""Thinking now about the leaders of the parties.  Are you satisfied or dissatisfied with 
the way Anthony Albanese is doing his job as Prime Minister?""",
Australia ,NEWSPOLL/PYXIS,NEWSPOLL/PYXIS,Satisfaction ,"""On balance, and while you may have no strong feelings either way, would you be more inclined to 
say you have been satisfied or dissatisfied with the way Anthony Albanese is doing his job as Prime 
Minister?""",
Australia ,NIELSEN,"Formerly ACNEILSEN, measures approval ",Approval ,Question of Approval ,
Australia ,Resolve Strategic,Resolve Strategic,Performance,How would you rate Scott Morrison’s performance as Prime Minister in recent weeks?,
Australia ,YouGov,YouGov,Satisfaction ,"""Thinking now about the leaders of the major parties.  Are you 
satisfied or dissatisfied with the way Anthony Albanese is doing 
his job as Prime Minister?""",
Austria,ATVCONFPM,"ATV Confidence Trend, Peter Hajek Political Opinion Strategies (PM Confidence)",Confidence,"habe vertrauen, habe kein vertrauen",
Austria,ATVCONFPM,"ATV Confidence Trend, Peter Hajek Political Opinion Strategies (PM Confidence)",Satisfaction ,"Angenommen, Sie könnten den Bundeskanzler direkt wählen, wem würden Sie Ihre Stimme geben?",
Austria,ATVGOV,"ATV Confidence Trend, Peter Hajek Political Opinion Strategies (Govt Job)",Satisfaction ,,
Austria,ATVJPERFPM,"ATV Confidence Trend, Peter Hajek Political Opinion Strategies (PM Job)",Performance,"Performance der Bundespolitikerlnnen im letzten Jahr: sehr gute Arbeit, eher gute Arbeit, weniger gute Arbeit, gar keine gute Arbeit, kenn ich nicht",
Austria,CSES,Comparative Study of Electoral Systems,performance,"Now thinking about the performance of the [government in [CAPITAL]/president] in general, how good or bad a job do you think the [government/president in [CAPITAL]] has done over the past [NUMBER OF YEARS SINCE LAST GOVERNMENT TOOK OFFICE, BEFORE THE CURRENT ELECTION] years? Has [it/he/she] done a very good job? A good job? A bad job? A very bad job?",
Austria,IMAS-GOV,IMAS International,,,
Austria,INTEGRAL-CH,Integral Chancellor Satisfaction,Satisfaction ,"Wie zufrieden sind Sie mit der amtsfurhung von Bundeskanzler? Sehr + Eher Zufrieden, Weder-noch, Eher nicht + Uberhaupt nich zufrieden; How satisfied are you with the office of Federal Chancellor?",
Austria,INTEGRAL-CHPOL,Integral Chancellor Policy,Performance,Sind Sie mit der Politik von Bundeskanzler Sebastian Kurz einverstanden oder nicht einverstanden; Do you agree or disagree with the policy of Federal Chancellor Sebastian Kurz?,
Austria,INTEGRAL-GOV,Integral Government Trust,Trust,Vertrauen in die österreichische Regierung; Trust in the Austrian government,
Austria,INTEGRAL-OP,Integral Good Opinion,Opinion,Von welchen dieser Politiker haben Sie eine gute Meinung? Question: Which of these politicians do you have a good opinion of?,
Austria,Lazarsfeld,Lazarsfeld Gesellschaft-Gov,Trust,Add question trust later/more laazarsfeld,
Austria,MorningConsult,Morning Consult Global Approval Tracker,Approval,,
Austria,OGM,OGM,,,
Austria,PZO,"Politische Zufriedenheit in Österreich, Prediki Prognosedienste GmbH, Panel from Mindtake GmbH",Satisfaction ,"Gesamtleitung der Regierung: sehr zufriedenstellend, eher sehr zufriedenstellend, weder/noch, eher problematisch, sehr problematisch",
Austria,UNIQUE,"Heute Politiker Ranking, Unique Research (Chancellor Performance in last 14 days)",Performance,"„Bitte kreuzen Sie an, ob Ihnen die folgenden Politikerinnen und Politiker in den letzten 14 Tagen positiv oder negativ aufgefallen sind.“  („Please tell us, whether the following politicians caught your attention in a positive or negative way during the last 14 days.“)",Online
Austria,UNIQUE,"Angenommen, Sie könnten den Bundeskanzler direkt wählen, wem würden Sie Ihre Stimme geben?",,,
Austria ,GALLUPWORLD_LSHP,Gallup World Poll (leadership),Approval ,Do you approve or disapprove of the job performance of the leadership of this country?,
Austria ,GALLUPWORLD_LDR,Gallup World Poll (leader),Approval ,Do you approve or disapprove of the way the leader/head/President of this country is handling his/her job as leader/head/President?,
Austria ,EES-GOV,European Election Study,Approval,Let us now come back to [country]. Do you approve or disapprove the government's record to date? ,
Austria,STATISTA,De.Statista,Satisfaction ,Wie zufrieden sind Sie mit der politischen Arbeit der oesterreichischen Bundesregierung? ,Online
Azerbaijan,CAUACASUSBAROMETERPRES,Caucasus Barometer (Trust towards President %),Trust,"Please assess your level of trust toward each of social institutions and political unions - President (Trust, neither, distrust)",
Azerbaijan,CAUCASUSBAROMETERGOV,Caucasus Barometer (Trust towards Executive Government %),Trust,"Please assess your level of trust toward each of social institutions and political unions - Executive government (Prime minister and ministers) (Trust, distrust, neither)",
Azerbaijan,GALLUPWORLD_LSHP,Gallup World Poll (leadership),Approval ,Do you approve or disapprove of the job performance of the leadership of this country?,
Azerbaijan,GALLUPWORLD_LDR,Gallup World Poll (leader),Approval ,Do you approve or disapprove of the way the leader/head/President of this country is handling his/her job as leader/head/President?,
Bahamas,LAPOP,AmericasBarometer - PM,Performance,"Speaking in general of the current government, how would you rate the job performance the current prime minister [NAME]?",
Bahamas,PUBLIC DOMAIN_PM,Public Domain (PM),Approval,Do you approve or disapprove of the job being done by the prime minister? Strongly approve + approve v. disapprove + strongly disapprove,
Bahamas,PUBLIC DOMAIN_GOV,Public Domain (GOV),Approval,Do you approve or disapprove of the job being done by the government? Strongly approve + approve v. disapprove + strongly disapprove,
Bahrain,ARABBAROMETER10,Arab Barometer Wave 1/2 *some of 3* using 10 pt scale ,Satisfaction ,"Using a similar 10-point scale, where 1 means very unsatisfied and 10 means very satisfied, indicate how satisfied you are with the performance of the current [respondent’s country] government",
Bangladesh,GALLUPWORLD_LSHP,Gallup World Poll (leadership),Approval ,Do you approve or disapprove of the job performance of the leadership of this country?,
Bangladesh,GALLUPWORLD_LDR,Gallup World Poll (leader),Approval ,Do you approve or disapprove of the way the leader/head/President of this country is handling his/her job as leader/head/President?,
Bangladesh,IRI,International Republican Institute ,Performance,What do you think about the job performance of the Prime Minister right now?,
Barbados,Trinidad Express,Trinidad Express (Daily Express),Performance,,
Belarus,GALLUPWORLD_LSHP,Gallup World Poll (leadership),Approval ,Do you approve or disapprove of the job performance of the leadership of this country?,
Belarus,GALLUPWORLD_LDR,Gallup World Poll (leader),Approval ,Do you approve or disapprove of the way the leader/head/President of this country is handling his/her job as leader/head/President?,
Belarus,CSES,Comparative Study of Electoral Systems,Performance,"Now thinking about the performance of the [government in [CAPITAL]/president] in general, how good or bad a job do you think the [government/president in [CAPITAL]] has done over the past [NUMBER OF YEARS SINCE LAST GOVERNMENT TOOK OFFICE, BEFORE THE CURRENT ELECTION] years? Has [it/he/she] done a very good job? A good job? A bad job? A very bad job?",
Belgium,EES-GOV,European Election Study,Approval,The (NATIONALITY) Government's record to date / QPP20 Do you approve or disapprove?,
Belgium,CSES,Comparative Study of Electoral Systems,Performance,"Now thinking about the performance of the [government in [CAPITAL]/president] in general, how good or bad a job do you think the [government/president in [CAPITAL]] has done over the past [NUMBER OF YEARS SINCE LAST GOVERNMENT TOOK OFFICE, BEFORE THE CURRENT ELECTION] years? Has [it/he/she] done a very good job? A good job? A bad job? A very bad job?",
Belgium,GALLUPWORLD_LSHP,Gallup World Poll (leadership),Approval ,Do you approve or disapprove of the job performance of the leadership of this country?,
Belgium,GALLUPWORLD_LDR,Gallup World Poll (leader),Approval ,Do you approve or disapprove of the way the leader/head/President of this country is handling his/her job as leader/head/President?,
Belgium,MORNINGCONSULT,Morning Consult Global Approval Tracker,Approval,,
Belize,BELIZEPOLL,The Belize Poll - Viking Stategies,Affect,"Warm, Neutral, or Cold",
Belize,GALLUPWORLD_LSHP,Gallup World Poll (leadership),Approval ,Do you approve or disapprove of the job performance of the leadership of this country?,
Belize,GALLUPWORLD_LDR,Gallup World Poll (leader),Approval ,Do you approve or disapprove of the way the leader/head/President of this country is handling his/her job as leader/head/President?,
Belize,LAPOP-GOV,AmericasBarometer - Govt,Performance,"Speaking in general of the current government, how would you rate the job performance the current government of the United Democratic Party?",
Belize,LAPOP-PM,AmericasBarometer - PM,Performance,"Speaking in general of the current government, how would you rate the job performance the current prime minister [NAME]?",
Benin,Afrobarometer,Afrobarometer,Performance,"Do you approve or disapprove of the way that the following people have performed their jobs over the past twelve months, or haven’t you heard enough about them to say? (name of leader)",
Benin,GALLUPWORLD_LSHP,Gallup World Poll (leadership),Approval ,Do you approve or disapprove of the job performance of the leadership of this country?,
Benin,GALLUPWORLD_LDR,Gallup World Poll (leader),Approval ,Do you approve or disapprove of the way the leader/head/President of this country is handling his/her job as leader/head/President?,
Bhutan,GALLUPWORLD_LSHP,Gallup World Poll (leadership),Approval ,Do you approve or disapprove of the job performance of the leadership of this country?,
Bhutan,GALLUPWORLD_LDR,Gallup World Poll (leader),Approval ,Do you approve or disapprove of the way the leader/head/President of this country is handling his/her job as leader/head/President?,
Bolivia,CAPTURA,Captura (Gestión),Gestión,"¿Aprueba o desaprueba usted la gestión de [nombre] como Presidente de Bolivia? Para la que se puso en consideración tres opciones de respuesta: apruebo, desapruebo, y No Sabe/No Responde (NS/NR).",
Bolivia,CBIMAG,CB Consultora (Imagen),Imagen,"Imagen: Muy buena + Buena, Mala + Muy Mala",
Bolivia,CELAG,Centro Estratégico Latinoamericano de Geopolítica (Gestión),Gestión,"Haciendo un balance global, usted diría que la gestión del Gobierno de [NAME] es...(Muy buena + buena), (Regular/buena, Regular/mala), (mala + muy mala)",
Bolivia,CELAG_OP,Centro Estratégico Latinoamericano de Geopolítica (Opinión),Opinión,"¿Qué opinión tiene usted de [NAME], diría que es  positiva o negativa?",
Bolivia,CIDGALLUP,CID-Gallup (Desempeño),Desempeño,¿Cuál es la opinión que tiene sobre la forma en que desempeña sus labores como presidente [NOMBRE] / ¿Cuál es su opinión de la forma en que lleva a cabo sus labores como presidente [NOMBRE]?,
Bolivia,CIDGALLIPAPP,CID-Gallup (Gestión),Gestión,¿Aprueba o desaprueba la gestión de [NOMBRE] como Presidente?,
Bolivia,CIESMORI,CiesMori (Gestión),Gestión,"¿Ud. Aprueba o desaprueba la gestión del/de la presidente/a [NAME]? Si, aprueba; No aprueba",
Bolivia,CIMAAPOYOAPP,Barómetro Iberoamericano de Gobernabilidad (Gestión),Gestión,¿Usted aprueba o desaprueba la gestión del Presidente?,
Bolivia,CIMAAPOYODESMP,Barómetro Iberoamericano de Gobernabilidad (Desempeño,Desempeño,"Usted diría que la forma como viene desempeñando su trabajo el Presidente es muy buena, buena, ni buena ni mala, mala o muy mala?",
Bolivia,CULTURAINTERACTIVAGES,Cultura Interactiva/Research & Métrics Consulting (internet),Gestión,En general ¿diría usted que aprueba o desaprueba la gestión de Luis Arce Catacora como presidente de Bolivia,
Bolivia,DATASIETE,Data Siete (Gestión),Gestión,"En general, ¿Diría usted que aprueba o desaprueba la gestión del presidente [nombre]?",
Bolivia,DIAGNOSIS,Diagnosis (Gestión),Gestión,¿Aprueba o desaprueba la Gestión del Presidente [nombre]?,
Bolivia,DIAGNOSIS_OPINION,Diagnosis (Opinón),Opinón,¿Tiene usted una opinión positiva o negativa de [nombre]?,
Bolivia,EQUIPOS_MORI,Equipos MORI (Gestión),Gestión,¿Ud. Aprueba o desaprueba la Gestión del Gobierno del Presidente [nombre]?,
Bolivia,GALLUPWORLD_LSHP,Gallup World Poll (leadership),Approval,Do you approve or disapprove of the job performance of the leadership of this country?,
Bolivia,GALLUPWORLD_LDR,Gallup World Poll (leader),Approval ,Do you approve or disapprove of the way the leader/head/President of this country is handling his/her job as leader/head/President?,
Bolivia,GREENBERG_APP,"Greenberg, Quinlan & Rosner (approval)",Gestión,"De manera general, Ud. Aprueba o deaprueba la Gestión del Pres. [name]? Aprueba mucho, aprueba, desaprueba, desaprueba mucho",
Bolivia,GREENBERG_JOB,"Greenberg, Quinlan & Rosner (job rating)",Gestión,"Job approval since last election: Excellent, Good, Just Fair, Poor",
Bolivia,GREENBERG_FAV,"Greenberg, Quinlan & Rosner (favorable)",Favorability,"NOw, I'd like to rate your feelings toward some people, organizations, and things, with one hundred meaning a VERY WAMR, FAVORABLE feeling; zero meaning a VERY COLD, UNFAVORABLE feeling; and fifty meaning not particularly warm or coled. You can use any number from zero to one hundred, the higher the number the more favorable your feelings are towards that person or organization. The list includes people and things that mnay Boivians have not heard of, so if you have no opinion or have never heard of that person or organization, please say so. Positive = 51-100; Neutral=50; Negative=49-0",
Bolivia,IPSOS_APOYO,IPSOS Apoyo (Gestión),Gestión,"En general, ¿Diría usted que aprueba o desaprueba la Gestión del presidente [nombre]?",
Bolivia,IPSOS_CALLOMNIBUS,IPSOS Call Omnibus - Eje Troncal (Gestión),Gestión,"En general, ¿Diría usted que aprueba o desaprueba la Gestión del presidente [nombre]?",
Bolivia,LAPOP,AmericasBarometer (Trabajo),Trabajo,"Hablando en general acerca del gobierno actual, ¿diría usted que el trabajo que está realizando el Presidente [NAME OF CURRENT PRESIDENT] es muy bueno, bueno, ni bueno ni malo, malo, o muy malo?",
Bolivia,LB,Latinobarometer (Gestión),Gestión,¿Usted aprueba o no aprueba la gestión del gobierno que encabeza el presidente [nombre]?,
Bolivia,MERCADOSMUESTRAS,Mercados y Muestras (Gestión),Gestión,"¿Cómo calificaría usted la gestión del presidente [nombre]? Aprueba, ni aprueba ni desaprueba, desaprueba",
Bolivia,MORAYARAUJO,Mora y Araujo,,,
Bolivia,QSOCIALNOW,Q Social Now,Gestión,Cómo califica la gestión de Luis Arce Catacora como presidente de Bolivia?,
Bolivia,RADIOFIDES,Radio Fides,Approval,"¿Usted aprueba o desaprueba la gestión de Evo Morales como Presidente de la República? (Aprueba, desaprueba, no precisa)",
Bolivia,RADIOFIDESTRUST,Radio Fides,Trust,"¿Usted confía en el gobierno de Evo Morales? (Sí, No)",
Bolivia,REDATB,Red ATB Q Social Now (Gestión),Gestión,"¿Cómo calificaría la gestión [nombre] como Presidente de Bolivia? Muy buena, buena, no lo conoce, mala, muy mala",
Bolivia,TALCUAL,Tal Cual (Gestión),Gestión,Aprobación de la gestión de Presidente [nombre],
Bolivia,TALCUALFAV,Tal Cual (Opinión),Opinión,Favorable v. Desfavorable,
Bolivia,UNIVERSIDADES,"Carreras de Derecho UMSA, UMSS y UAGRM (Gestión)",Gestión,"Aprobación de la gestión de Presidente [nombre]: Aprueba, ni aprueba ni desaprueba, desaprueba",
Bolivia,UFSASIS,Universidad San Francisco de Asis,,,
Bosnia and Herzegovina_GOV,IRIGovPerf,International Republican Institute Govt Performance,,How would you rate the performance of the government of our country?,
Bosnia and Herzegovina_PRES,IRIPresTrust,International Republican Institute Pres Office Trust,Trust,"To what extent do you trust or distrust each of the following institutions? President's Office: Trust a great deal, trust somewhat, distrust somewhat, distrust a great deal",
Bosnia and Herzegovina_PRES,GALLUPWORLD_LSHP,Gallup World Poll (leadership),Approval,Do you approve or disapprove of the job performance of the leadership of this country?,
Bosnia and Herzegovina_PRES,GALLUPWORLD_LDR,Gallup World Poll (leader),Approval,Do you approve or disapprove of the way the leader/head/President of this country is handling his/her job as leader/head/President?,
Bosnia and Herzegovina_PM,IRIPMTrust,International Republican Institute PM Office Trust,Trust,"To what extent do you trust or distrust each of the following institutions? Prime Minister's Office: Trust a great deal, trust somewhat, distrust somewhat, distrust a great deal",
Botswana,Afrobarometer,Afrobarometer,Performance,"Do you approve or disapprove of the way that the following people have performed their jobs over the past twelve months, or haven’t you heard enough about them to say? ",
Botswana,GALLUPWORLD_LSHP,Gallup World Poll (leadership),Approval,Do you approve or disapprove of the job performance of the leadership of this country?,
Botswana,GALLUPWORLD_LDR,Gallup World Poll (leader),Approval ,Do you approve or disapprove of the way the leader/head/President of this country is handling his/her job as leader/head/President?,
Brazil,Atlas Intel_APP,Instituto Atlas Político,Approval,Você aprova ou desaprova o desempenho do presidente Jair Bolsonaro?,
Brazil,AtlasIntel_AVAL,Instituto Atlas Político,Gestion,Como você avalia o governo do Presidente Lula?,
Brazil,AtlasIntelImagen,Instituto Atlas Político,Imagen,Você tem uma imagen positiva ou negative do [Presidente],
Brazil,ATLASINTELLATAMPULSE,Atlas Intel Latam Pulse (Desempeño),Desempeño,Você aprova ou desaprova o desempenho do presidente Lula?,
Brazil,CBIMAG,CB Consultora (Imagen),Imagen,"Imagen: Muy buena + Buena, Mala + Muy Mala",
Brazil,CIMAAPOYOAPP,Barómetro Iberoamericano de Gobernabilidad (Gestión),Gestión,¿Usted aprueba o desaprueba la gestión del Presidente?,
Brazil,CIMAAPOYODESMP,Barómetro Iberoamericano de Gobernabilidad (Desempenho),Desempeño,¿Cómo calificaría usted el desempeño del presidente [nombre]?,
Brazil,CSES,Comparative Study of Electoral Systems,Performance,"Now thinking about the performance of the [government in [CAPITAL]/president] in general, how good or bad a job do you think the [government/president in [CAPITAL]] has done over the past [NUMBER OF YEARS SINCE LAST GOVERNMENT TOOK OFFICE, BEFORE THE CURRENT ELECTION] years? Has [it/he/she] done a very good job? A good job? A bad job? A very bad job?",
Brazil,DATAFOLHA,Datafolha,Approval,"Na sua opinão o presidente Jose Sarney esta fazendo um governo ótimo, bom, regular, ruim, ou péssimo?",
Brazil,DataPoder360APP,Poder360 Govt of President,Approval,Voce aprova ou desaprova o governo do presidente Jair Bolsonaro?,
Brazil,DataPoder360TRAB,Poder360 Work of President,Evaluate,"De maneira geral, como voce avalia o trabalho de presidente Jair Bolsonaro? ",
Brazil,DataPoder360PESS,Poder360 Personal Performance of President,Evaluate,Você aprova ou desaprova o desempenho pessoal do presidente Lula?,
Brazil,IDEIA_AVAL,IDEIA Big Data - Govt of President,Evaulate,"Como voce avalia o governo do Presidente Jair Bolonaro ate o momento? ótimo, bom, regular, ruim ou péssimo",
Brazil,IDEIA_APP,IDEIA Big Data - President Job,Approval,"Voce aprova o desaprova a maneira como Jair Bolsonaro esta lidando com seu trabalho como presidente? Aprovo totalmente, Aprovo, nao aprovo dem desaprovo, desaprovo, desaprovo totalmente",
Brazil,ForumOfferwise,Pesquisa Fórum/Offerwise ,Evaulate,"Na sua opinão, o Presidente Jair Bolsonaro está fazendo un governo otimo, bom, regular, ruim, ou pessimo?",
Brazil,ForumOfferwiseApp,Pesquisa Fórum/Offerwise Approval,Approval,"Você aprova ou desaprova o governo [NAME]? Aprova, Desaprova",
Brazil,FSB-VEJA,FSB Pesquisa/Veja,Approval,Aprovação ao governo de Jair Bolsonaro ,
Brazil,GALLUP,Gallup Brazil,Evaulate,"Na sua opinião o presidente está fazendo un governo? bom, ótimo, regular; ruim; péssimo",
Brazil,GERP,Instituto Gerp,Approval,"De uma manera geral, você aprova ou desaprova o trabalho realizado pela presidencia da república do Brasil?",
Brazil,GERP-AVAL,Instituto Gerp,Evaluate,"Na sua opinião, o Presidente Lula vem realizando um trabalho... Ótimo,vbom, regular, Ruim, péssimo",
Brazil,IBOPE,IBOPE Job Evaluation,Evaulate,"Na sua avaliação, o Governo do Presidente Jair Bolsonaro está sendo: Ótimo/bom, regular, Ruim/péssimo",
Brazil,IBOPEAPP,IBOPE Job Approval,,O (A) sr(a). aprova ou desaprova a maneira como o presidente [name] vem administrando o país?,
Brazil,IBPADJOTA,Ibpad/JOTA Approval,,"O governo de [NAME] ótimo/bom, regular, ruim/péssimo",
Brazil,FUTURA_AVAL,Futura Inteligência (Avaliação),Evaluate,"Avaliação do governo de [NAME]: ótimo/bom, regular, ruim/péssimo",
Brazil,IPEC_GOV,Inteligência em Pesquisa e Consultoria (Gov. Pres.),Evaluate,"Na sua avaliação, o governo do presidente Jair Bolsonaro está sendo: Ótimo, bom, regular, ruim ou péssimo",
Brazil,IPEC_APP,Inteligência em Pesquisa e Consultoria (Approval),Approval,O(A) sr(a) aprova ou desaprova a maneira como o Presidente Lula está governando o Brasil?,
Brazil ,IPESPE_GOV,XP/Ipespe Investimentos (Evaluation),Evaluate,"Como o(a) sr(a) avalia o governo de Jair Bolsonaro até o momento? ? Diria que está sendo: ótimo, bom, regular, ruim ou péssimo",
Brazil ,IPESPE-App,XP/Ipespe Investimentos (Approval),Approval,O(a) Sr(a) aprova ou desaprova a maneira como o Presidente Jair Bolsonaro vem administrando o país?,
Brazil,IPSOS-IPEC_ADMIN,IPSOS+Inteligência em Pesquisa e Consultoria (Gov. Pres.),Evaluate,"Como o(a) sr(a) classifica a administração do Presidente Lula até o momento? O(A) sr(a) diria que ela está sendo ótima, boa, regular, ruim ou péssima?",
Brazil,IPSOS-IPEC_APP,IPSOS+Inteligência em Pesquisa e Consultoria (Approval),Approval,E o(a) sr(a) aprova ou desaprova a maneira como o Presidente [name] está governando o Brasil?,
Brazil,LAPOP,AmericasBarometer (Trabalho),Trabalho,"Falando em geral do atual governo, como o(a) sr./sra. avalia o trabalho que a Presidenta [NAME OF CURRENT PRESIDENT] está realizando muito bom, bom, nem bom, nem mau/regular, mau, muito mau péssimo",
Brazil,LB,Latinobarometer (Gestão) ,Gestión,¿Usted aprueba o no aprueba la gestión del gobierno que encabeza el presidente (nombre)…?,
Brazil ,GALLUPWORLD_LSHP,Gallup World Poll (leadership),Approval,Do you approve or disapprove of the job performance of the leadership of this country?,
Brazil ,GALLUPWORLD_LDR,Gallup World Poll (leader),Approval ,Do you approve or disapprove of the way the leader/head/President of this country is handling his/her job as leader/head/President?,
Brazil,MDA-CNT GOV,CNT/Confederação Nacional do Transporte/MDA Pesquisa,Evaluate,"O (a) Sr. (a) avalia o governo do presidente [NAME] como ótimo, bom, regular, ruim ou péssimo? ",
Brazil,MDA-CNT APP,CNT/Confederação Nacional do Transporte/Vox Populi (Personal Approval),Desempeño,"O (a) Sr. (a) aprova ou desaprova o desempenho pessoal do presidente Jair Bolsonaro à
frente do Governo?",
Brazil,MorningConsult,Morning Consult Global Leader Approval Tracker,,,
Brazil,Nexus_GOV,Nexus/BTG Government (Evaluation),Evaluate,"Como você avalia o governo do presidente [NAME]:Voce diria que está sendo ótimo, bom, regular, ruim ou péssimo?",
Brazil,Nexus_APP,Nexus/BTG President (Approval),Approval,"De maniera geral, voce diria que aprova ou desaprova o trabalho que o presidente Lula esta fazendo? ",
Brazil,ForumOfferwise,Revista Fórum & Offerwise Brazil Research ,Approval,"O presidente Jair Bolsonaro completou um ano e quatro meses de governo. Na su opiniao o presidente Jair Bolsonaro esta fazendo um governo otimo, bom, regular, ruim ou pessimo?",
Brazil,Paraná Pesquisas Gov,Parana Pesquisas Presidential Administration,Opinion,"A administração do Presidente Jair Bolsonaro está sendo ótima, boa, regular, ruim ou péssima?",
Brazil,Paraná Pesquisas App,Parana Pesquisas Presidential Job Approval,Approval,"De uma maneira geral, o Sr(a) diria que aprova ou desaprova a administração do Presidente Jair Bolsonaro até o momento?",
Brazil,Quaest_AVAL,Quaest_AVAL,Evaluate,"Avaliação da administração de Bolsonaro: ótima, boa, regular, ruim ou péssima",
Brazil,Quaest_APP,Quaest_APP,Evaluate,"Aprovação do governo de [NAME]: aprova, desaprova",
Brazil,Sensus/CNT APP,CNT/Confederação Nacional do Transporte/Instituto Sensus (Personal Approval),Desempeño,"O (a) Sr. (a) aprova ou desaprova o desempenho pessoal do presidente Jair Bolsonaro à
frente do Governo?",
Brazil,Sensus/CNT DES,Instituto Sensus - Confederação Nacional do Transporte (Desempenho),Desempeño,"Como você avalia o desempenho do presidente [NAME] à frente do governo: está sendo ótimo, bom, regular, ruim ou péssimo?",
Brazil,Sensus/MDA/CNT GOV,Instituto Sensus & MDA - Confederação Nacional do Transporte (Desempenho),,"Na sua opinião, a presidente Dilma Rousseff está fazendo um governo ótimo, bom, regular, ruim ou péssimo?",
Brazil,Sensus/MDA/CNT APP,CNT/Confederação Nacional do Transporte/MDA Pesquisa (Personal Approval),Desempeño,"O (a) Sr. (a) aprova ou desaprova o desempenho pessoal do presidente Jair Bolsonaro à
frente do Governo?",
Brazil,VOXPOPULI,Vox Populi,Desempeño,"Avaliação do governo Bolsonaro: ótimo, bom, regular, ruim ou péssimo",
Brazil,Vox Populi/Sensus/CNT APP,Vox Populi/Instituto Sensus - Confederação Nacional do Transporte (Desempenho),Desempeño,"Como você avalia o desempenho do presidente [NAME] à frente do governo: está sendo ótimo, bom, regular, ruim ou péssimo?",
Brazil,Vox Populi/Sensus/CNT DES,Vox Populi/Instituto Sensus - Confederação Nacional do Transporte (Desempenho),Desempeño,"Como você avalia o desempenho do presidente [NAME] à frente do governo: está sendo ótimo, bom, regular, ruim ou péssimo?",
Brazil,Vox Populi DES,Vox Populi (Desempenho),Desempeño,"De uma maneira geral, como você avalia o desempenho do Presidente Lula à frente do governo federal: Ótimo, bom, regular, ruim ou péssimo?",
Brazil,Vox Brasil,Vox Brasil,Evaluate,Avaliacao: Aprova ou Desaprova,
Bulgaria_GOV,CSES,Comparative Study of Electoral Systems,Performance,"Now thinking about the performance of the [government in [CAPITAL]/president] in general, how good or bad a job do you think the [government/president in [CAPITAL]] has done over the past [NUMBER OF YEARS SINCE LAST GOVERNMENT TOOK OFFICE, BEFORE THE CURRENT ELECTION] years? Has [it/he/she] done a very good job? A good job? A bad job? A very bad job?",
Bulgaria_GOV,GALLUPWORLD_LSHP,Gallup World Poll (leadership),Approval,Do you approve or disapprove of the job performance of the leadership of this country?,
Bulgaria_GOV,GALLUPWORLD_LDR,Gallup World Poll (leader),Approval ,Do you approve or disapprove of the way the leader/head/President of this country is handling his/her job as leader/head/President?,
Bulgaria_GOV,ALPHAGOV,Alpha Research (Government approval) ,Approval,“What is your assessment of the Government’s work?”,
Bulgaria_GOV,TRENDGOV,Research center TREND (Government),Approval,Вие лично как оценявате работата на правителство...? How do you personally evaluate the work of the government?,
Bulgaria_PM,ALPHAPM,Alpha Research (Prime Minister),Performance,Одобрявате ли дейността на министър-председателя...?,
Bulgaria_PM,NAPOCPM,Nacionalen Tsentr za Izledvaniya na Obshchestvenoto Mneniye (NCIOM) (Prime Minister),Approval,Approval rating of Prime Minister,face-to-face
Bulgaria_PM,TRENDPM,Research center TREND (Prime Minister),Performance,Вие лично как оценявате работата на министър-председателя...? How do you personally evaluate the work of the Prime Minister?,
Bulgaria_PRES,ALPHAPRES,Alpha Research (President),Performance,Оценка за дейността на президента...?,
Bulgaria_PRES,NAPOCPRES,Nacionalen Tsentr za Izledvaniya na Obshchestvenoto Mneniye (NCIOM) (President),Approval,Approval rating of President,face-to-face
Bulgaria_PRES,TRENDPRES,Research center TREND (President),Evaluate,Вие лично как оценявате работата на президента? How do you personally evaluate the work of the president?,
Burkina Faso,Afrobarometer,Afrobarometer,Performance,"Do you approve or disapprove of the way that the following people have performed their jobs over the past twelve months, or haven’t you heard enough about them to say? ",
Burkina Faso,GALLUPWORLD_LSHP,Gallup World Poll (leadership),Approval,Do you approve or disapprove of the job performance of the leadership of this country?,
Burkina Faso,GALLUPWORLD_LDR,Gallup World Poll (leader),Approval ,Do you approve or disapprove of the way the leader/head/President of this country is handling his/her job as leader/head/President?,
Burundi,Afrobarometer,Afrobarometer,Performance,"Do you approve or disapprove of the way that the following people have performed their jobs over the past twelve months, or haven’t you heard enough about them to say?",
Cambodia,ASIANBAROMETER,Asian Barometer ,Satisfaction ,"How satisfied or dissatisfied are you with [name of president etc ruling current] government? Very sat, somewhat sat, somewhat dissat, very dissat",
Cambodia,GALLUPWORLD_LSHP,Gallup World Poll (leadership),Approval,Do you approve or disapprove of the job performance of the leadership of this country?,
Cambodia,GALLUPWORLD_LDR,Gallup World Poll (leader),Approval ,Do you approve or disapprove of the way the leader/head/President of this country is handling his/her job as leader/head/President?,
Cameroon,Afrobarometer,Afrobarometer,Performance,"Do you approve or disapprove of the way that the following people have performed their jobs over the past twelve months, or haven’t you heard enough about them to say?",
Cameroon,GALLUPWORLD_LSHP,Gallup World Poll (leadership),Approval,Do you approve or disapprove of the job performance of the leadership of this country?,
Cameroon,GALLUPWORLD_LDR,Gallup World Poll (leader),Approval ,Do you approve or disapprove of the way the leader/head/President of this country is handling his/her job as leader/head/President?,
Canada,ABACUSIMPRESSIONPM,Abacus Data Impressions of Prime Minister,Impressions,Do you have a positive or negative impression of of Justin Trudeau?,
Canada,ABACUSJOBPM,Abacus Data Approve Job of Gov led by PM,Approval,"Overall, do you approve of or disapprove of the job the federal government led by [PM] is doing?",
Canada,ANGUSREID,AngusReid (Prime Minister),Approval,Do you approve or disapprove of [Name]?,
Canada,ANGUSREIDFAV,AngusReid Favourability (Prime Minister),Favourability,[Prime Minister and leader of the XXX Party] Do you have an overall favourable or unfavourable view of the following people?,
Canada,ANGUSREIDGOV,AngusReid (Govt),Approval,"Based on what you've seen so far, generally speaking, would you say you approve or disapprove of the overall performance of this federal government? Would that be strongly or moderately?",
Canada,CAMPAIGNRESEARCHPM,Campaign Research (Prime Minister),Approval,Approval of Prime Minister,
Canada,CanadianElectionStudy,Canadian Election Study (Prime Minister),Approval,Approval of Prime Minister,
Canada,CSES,Comparative Study of Electoral Systems,Performance,"Now thinking about the performance of the [government in [CAPITAL]/president] in general, how good or bad a job do you think the [government/president in [CAPITAL]] has done over the past [NUMBER OF YEARS SINCE LAST GOVERNMENT TOOK OFFICE, BEFORE THE CURRENT ELECTION] years? Has [it/he/she] done a very good job? A good job? A bad job? A very bad job?",
Canada,DecimaGOV,Decima (Government),Performance,Performance of Prime Minister,
Canada,EKOSPM,Ekos Research (Prime Minister),Approval,Do you approve or disapprove of the way [NAME] is handling his/her job?,
Canada,EnvironicsGOV,Environics (Government),Approval,"Would you say you are very satisfied, somewhat satisfied, somewhat dissatisfied or very dissatisfied with the present federal government in Ottawa?",
Canada,EnvironicsPM,Environics (Prime Minister),Approval,Do you approve or disapprove of the way [NAME] is handling his/her job as Prime Minister?,
Canada,FORUMPM,Forum Research (Prime Minister),Approval,Approval of Prime Minister,
Canada,GALLUPCANADA,Gallup Canada,Approval,Do you approve or disapprove of the way [NAME] is handling their job as Prime Minister?,
Canada,GALLUPWORLD_LSHP,Gallup World Poll (leadership),Approval,Do you approve or disapprove of the job performance of the leadership of this country?,
Canada,GALLUPWORLD_LDR,Gallup World Poll (leader),Approval ,Do you approve or disapprove of the way the leader/head/President of this country is handling his/her job as leader/head/President?,
Canada,INSIGHTSWESTPM,Insights West (Prime Minister),Approval,Approval of Prime Minister,
Canada,IPSOS,IPSOS (Prime Minister),Approval,Do you approve or disapprove of [NAME] performance as prime minister?,
Canada,LAPOP,AmericasBarometer (Job),Job,"Speaking in general of the current administration, how would you rate the job performance of Prime Minister Harper?",
Canada,LEGER,Leger (Prime Minister),Performance,Are you satisfied or dissatisfied with the performance of the federal government headed by Paul Martin?,
Canada,LIAISON,Liaison Strategies,Approval,Do you approve or disapprove of the job [PM name] is doing as prime minister?,
Canada,MAINSTREETPM,Mainstreet Research (Prime Minister),Approval,Approval of Prime Minister,
Canada,MorningConsult,Morning Consult Global Leader Approval Tracker,Approval,,
Canada,MUSTEL,Mustel Group,Approval,Approval of Prime Minister,
Canada,NANOS,Nanos Research,Performance,"Would you describe the performance of the current [PARTY] Government led by Prime Minister [PM NAME] as very good, somewhat good, average, somewhat poor, or very poor?",
Canada,RESEARCHCO,Research Co. ,Approval,Approval of Prime Minister,
Canada,SESSUN,SES-Sun Media,Performance,"Would you describe the performance of the government led by Prime Minister [NAME] as very good, somewhat good, average, somewhat poor, or very poor?",
Canada,STRATCOUN,Strategic Council,Performance,Performance of Prime Minister,
Canada,ZOGBY,Zogby (Prime Minister),Approval,Do you approve or disapprove of Paul Martin's performance as prime minister?,
Canada,CultMTL,Mark Carney (Prime Minister),Approval,Do you approve or disapprove of the way in which the federal government led by Mark Carney is handling it's responsibility? ,
Canada,SparkInsights,Mark Carney (Prime Minister),Approval,Carney Approval Rate,
Canada,SparkInsights,Cost Of Living,Approval,Assessments of Carney Government on Cost of Living,
Canada,SparkInsights,Improving Economy,Approval,Assessments of Carney Government on Improving Economy,
Canada,SparkInsights,Fighting Crime,Approval,Assessments of Carney Government on Fighting Crime,
Canada,SparkInsights,Affordable Housing ,Approval,Assessments of Carney Government on Affordable Housing,
Cape Verde,AFROBAROMETER,Afrobarometer,Performance,"Do you approve or disapprove of the way that the following people have performed their jobs over the past twelve months, or haven’t you heard enough about them to say?",
Central African Republic,GALLUPWORLD_LSHP,Gallup World Poll (leadership),Approval,Do you approve or disapprove of the job performance of the leadership of this country?,
Central African Republic,GALLUPWORLD_LDR,Gallup World Poll (leader),Approval ,Do you approve or disapprove of the way the leader/head/President of this country is handling his/her job as leader/head/President?,
Chad,GALLUPWORLD_LSHP,Gallup World Poll (leadership),Approval,Do you approve or disapprove of the job performance of the leadership of this country?,
Chad,GALLUPWORLD_LDR,Gallup World Poll (leader),Approval ,Do you approve or disapprove of the way the leader/head/President of this country is handling his/her job as leader/head/President?,
Chile,ACTIVA,Activa Research,Approval,"""Independientemente de tu posición política, ¿apruebas o desapruebas la forma en que Sebastián Piñera está conduciendo su Gobierno?""",
Chile,ADIMARK,Adimark GfK (Conducting),Conduciendo,"Independiente de su posición política, ¿usted aprueba o desaprueba la forma como [nombre] está conduciendo su gobierno? Aprueba, ni aprueba ni desaprueba, desaprueba",
Chile,ATLASINTEL_DES,Instituto Atlas Político (Desempeño),Desempeño,¿Apruebas o desapruebas el desempeño del presidente...?,
Chile,ATLASINTEL_IMG,Instituto Atlas Político (Imagen),Imagen,¿Usted tiene una imagen positiva o negativa de los siguientes políticos?,
Chile,ATLASINTEL_GOV,Instituto Atlas Político (Evaluacion),Evaluation,"¿Cual es tu evaluación del gobierno de [NAME]? Excelente/Bueno, Regular, Malo/Muy Malo",
Chile,Black & White 2,Black & White,Approval,,
Chile,Black & White 3,Black & White (Approval),Approval,Independiente de su posición política. ¿Ud. aprueba o desaprueba la forma en que el presidente Boric está conduciendo su gobierno?,
Chile,CADEM,CADEM (Conduciendo),Conduciendo,"Independiente de su posición política, ¿Usted aprueba o desaprueba la forma como [nombre]está conduciendo su gobierno? Aprueba, ni aprueba ni desaprueba, desaprueba",
Chile,CBIMAG,CB Consultora (Imagen),Imagen,"Imagen: Muy buena + Buena, Mala + Muy Mala",
Chile,CELAG,Centro Estratégico Latinoamericano de Geopolítica (Gestión),,,
Chile,CEP,CEP/Centro de Estudios Públicos (Conduciendo),Conduciendo,"Independientemente de su posición política, ¿Ud. aprueba o desaprueba la forma como Michelle Bachelet está conduciendo su gobierno? Aprueba la forma en que el presidente conduce su gobierno v. No aprueba ni desaprueba la forma en que el presidente conduce su gobierno v. Desaprueba la forma en que el presidente conduce el gobierno",
Chile,CERC,CERC/CERC-MORI -Centro de Estudios de la Realidad Contemporánea (Gestión),Gestión,¿Usted aprueba o no aprueba la gestión del gobierno que encabeza el/la presidente/a [nombre]?,
Chile,CIMAAPP,Barómetro Iberoamericano de Gobernabilidad (Gestión),Gestión,¿Usted aprueba o desaprueba la gestión del Presidente?,
Chile,CIMADESEMP,Barómetro Iberoamericano de Gobernabilidad (Desempeño),Desempeño,"Usted diría que la forma como viene desempeñando su trabajo el Presidente es muy buena, buena, ni buena ni mala, mala o muy mala?",
Chile,CRITERIA,Criteria Research (Conduciendo),Conduciendo,"Independiente de tu posición política, ¿apruebas o desapruebas la forma como [nombre] está conduciendo el gobierno?",
Chile,CSES,Comparative Study of Electoral Systems,Performance,"Now thinking about the performance of the [government in [CAPITAL]/president] in general, how good or bad a job do you think the [government/president in [CAPITAL]] has done over the past [NUMBER OF YEARS SINCE LAST GOVERNMENT TOOK OFFICE, BEFORE THE CURRENT ELECTION] years? Has [it/he/she] done a very good job? A good job? A bad job? A very bad job?",
Chile,DATAINFLUYE,Data Influye (Conduciendo),Approval,"Y actualmente, e independiente de su posición política, ¿Ud. aprueba o desaprueba la forma como Sebastián Piñera está conduciendo su Gobierno?",
Chile,ELMERCURIOOPINA,El Mercurio-Opina Estudios de Mercado (Nombre),Nombre,¿Usted apoya a el/la Presidente/a [nombre]?,
Chile,FEEDBACK,Feedback (Conduciendo),Approval," Independiente de su posición política, ¿Ud. aprueba o desaprueba la forma como Sebastián Piñera está conduciendo el Gobierno? Aprueba, no aprueba ni desaprueba, desaprueba",
Chile,FUNDFUTURO,Fundación Futuro,,"Muy bien+bien, regular, Mal+muy mal",
Chile,GALLUPWORLD_LSHP,Gallup World Poll (leadership),Approval ,Do you approve or disapprove of the job performance of the leadership of this country?,
Chile,GALLUPWORLD_LDR,Gallup World Poll (leader),Approval ,Do you approve or disapprove of the way the leader/head/President of this country is handling his/her job as leader/head/President?,
Chile,GIROPAIS,Giro País - Subjectiva (Gestión),Gestión,"Hasta el día de hoy, ¿Usted aprueba o desaprueba la gestión de el/la Presidente/a [nombre]?",
Chile,ICCOM,ICCOM Investigación de Mercado (Conduciendo),Conduciendo,¿Usted aprueba o desaprueba la forma como [nombre] está conduciendo su gobierno? aprueba v. ni aprueba ni desaprueba v. desaprueba,
Chile,IMAGINACCION,Imaginacción (Conduciendo),Conduciendo,"Independiente de su posición política, ¿Usted aprueba o desaprueba la forma como [nombre]está conduciendo su gobierno? Aprueba, ni aprueba ni desaprueba, desaprueba",
Chile,IPSOSMORICON,IPSOS-MORI (Conduciendo),Conduciendo,"Independiente de su posición política, ¿Usted aprueba o desaprueba la forma como [nombre] está conduciendo el gobierno?",
Chile,IPSOSMORIDES,IPSOS-MORI (Desempeño),Desempeño,"En general, ¿Ud. Aprueba o desaprueba la manera en que el/la presidente/a [nombre] se está desempeñando?",
Chile,IPSOSMORIMAN,IPSOS-MORI (Manejando),Manejando,"En general, ¿Ud. Aprueba o desaprueba la manera en que el/la presidente/a [nombre] está manejando el gobierno?",
Chile,ISUCIMA,Instituto de Sociologia de la Universidad Católica de Chile (Imagen),Imagen,Imagen favorable o desfavorable,
Chile,ISUCMONTH,Instituto de Sociologia de la Universidad Católica de Chile (Conduciendo),Conduciendo,¿Usted aprueba o desaprueba la forma como [nombre] está conduciendo su gobierno? aprueba v. ni aprueba ni desaprueba v. desaprueba,
Chile,ISUCPANEL,Instituto de Sociologia de la Universidad Católica de Chile (Conduciendo),Conduciendo,¿Usted aprueba o desaprueba la forma como [nombre] está conduciendo su gobierno?,
Chile,ISUCPANELFAV,Instituto de Sociologia de la Universidad Católica de Chile (Imagen),Imagen,Imagen favorable o desfavorable,
Chile,ISUCSPEC,Instituto de Sociologia de la Universidad Católica de Chile (Conduciendo),Conduciendo,¿Usted aprueba o desaprueba la forma como [nombre] está conduciendo su gobierno? aprueba v. ni aprueba ni desaprueba v. desaprueba,
Chile,LAPOP,AmericasBarometer (Trabajo),Trabajo,"Hablando en general acerca del gobierno actual, ¿diría usted que el trabajo que está realizando el Presidente [NAME OF CURRENT PRESIDENT] es muy bueno, bueno, ni bueno ni malo, malo, o muy malo?",
Chile,LATERCERA,La Tercera (Gestión),Gestión,"Independiente de su posición política, ¿usted aprueba o desaprueba la gestión de el/la Presidente/a [nombre]? Aprueba, ni aprueba ni desaprueba, desaprueba",
Chile,LB,Latinobarometer (Gestión),Gestión,¿Usted aprueba o no aprueba la gestión del gobierno que encabeza el presidente [nombre]?,
Chile,Signos,Signos - Approval (Gestión),Gestión,"¿Independiente de su posición política, usted aprueba o desaprueba la gestión del presidente Boric?",
Chile,Signos_EVAL,Signos - Evaluate (Gestión),,"Como evalua la gestión del presidente Boric? Muy/Bien, Mas o menos, Mal/Muy",
Chile,UDD,Universidad de Desarrollo (Gestión),Gestión,¿Cómo evalúa usted la gestión que está realizando el/la Presidente/a [nombre]?,
Chile,UDP,Universidad Diego Portales (Desempeño),Desempeño,¿Ud. Aprueba o desaprueba la forma en que [Pres name] se ha desempenado como Presidenta de la Republica?,
Colombia,ATLASINTEL_COND,Atlas Intel - Semana (Conduciendo),Approval,¿Usted aprueba o desaprueba la forma en que [PRESIDENT] está conduciendo el Gobierno de Colombia?,
Colombia,ATLASINTEL_DES,Instituto Atlas Político (Desempeño),Desempeño,¿Apruebas o desapruebas el desempeño del presidente...?,
Colombia,ATLASINTEL_GOV,Instituto Atlas Político (Imagen),Evaluation,"¿Cual es tu evaluación del gobierno de [NAME]? Excelente/Bueno, Regular, Malo/Muy Malo",
Colombia,ATLASINTEL_IMG,Instituto Atlas Político (Evaluacion),Imagen,¿Usted tiene una imagen positiva o negativa de los siguientes políticos?,
Colombia,CBIMAG,CB Consultora (Imagen),Imagen,"Imagen: Muy buena + Buena, Mala + Muy Mala",
Colombia,CELAG,Centro Estratégico Latinoamericano de Geopolítica (Gestión),Gestión,"Haciendo un balance global, usted diría que la gestión del Gobierno de [NAME] es...(Muy buena + buena + regular buena), (Regular/mala+mala + muy mala)",
Colombia,CELAG_OP,Centro Estratégico Latinoamericano de Geopolítica (Opinión),Opinión,"¿Qué opinión tiene usted de [NAME], diría que es  positiva o negativa?",
Colombia,CIDGALLUP,CID-Gallup (Desempeño),Desempeño,¿Cuál es la opinión que tiene sobre la forma en que desempeña sus labores como presidente [NOMBRE] / ¿Cuál es su opinión de la forma en que lleva a cabo sus labores como presidente [NOMBRE]?,
Colombia,CIDGALLUPFAV,CID-Gallup (Opinión),Opinión,¿Tiene usted una opinión favorable o desfavorable del presidente [NOMBRE]? / ¿Cuál es su opinión de [NOMBRE]?,
Colombia,CIDGALLUPAPP,CID-Gallup (Gestión),Gestión,¿Aprueba o desaprueba la gestión de [NOMBRE] como Presidente?,
Colombia,CIFRASYCONCEPTOS_IMG,Cifras y Conceptos (Imagen),Imagen,¿Tiene usted una imagen favorable o desfavorable de las siguientes personas?,
Colombia,CIMACNCAPP,Barómetro Iberoamericano de Gobernabilidad (Gestión),Gestión,¿Usted aprueba o desaprueba la gestión del Presidente?,
Colombia,CIMACNCDESEMP,Barómetro Iberoamericano de Gobernabilidad (Desempeño),Desempeño,"Usted diría que la forma como viene desempeñando su trabajo el Presidente es muy buena, buena, ni buena ni mala, mala o muy mala?",
Colombia,CNCGES,CNC/Centro Nacional de Consultoría (Gestión),Gestión,¿Usted aprueba o desaprueba la gestión del presidente [nombre] en lo que va de su gobierno?,
Colombia,CNCIMAG,CNC/Centro Nacional de Consultoría (Imagen),Imagen,¿Usted tiene una imagen positiva o negativa del presidente [nombre]?,
Colombia,CNCDES,CNC/Centro Nacional de Consultoría (Desempeño),Desempeño,"En general, ¿usted aprueba o desaprueba la forma como Iván Duque está desempeñando su labor como Presidente de Colombia? ",
Colombia,CNCOPIN,CNC/Centro Nacional de Consultoría (Opinión),Opinión,La opinión que Ud. tiene del presidente Iván Duque es: positiva v. negativa,
Colombia,DATEXCOIMG,Datexco Opinometro (Imagen),Imagen,¿Usted tiene una imagen favorable o desfavorable del presidente [nombre]?,
Colombia,DATEXCOMAN,Datexco Opinometro(Manejando),Manejando,¿Usted aprueba o desaprueda la manera como el presidente está manejando el pais?,
Colombia,DATEXCOPUL,Datexco Pulso Pais (Manejando),Manejando,¿Usted aprueba o desaprueba la manera como el presidente Gustavo Petro está manejando el país?,
Colombia,GAD3,GAD3,Approval,"Con respecto a los siguientes líderes políticos, dígame si Ud. los aprueba o los desaprueba.",
Colombia,GALLUPWORLD_LSHP,Gallup World Poll (leadership),Approval,Do you approve or disapprove of the job performance of the leadership of this country?,
Colombia,GALLUPWORLD_LDR,Gallup World Poll (leader),Approval ,Do you approve or disapprove of the way the leader/head/President of this country is handling his/her job as leader/head/President?,
Colombia,GUARUMOGES,Guarumo - EcoAnalitica (Gestión),Gestión,¿Aprueba o desaprueba usted la gestión realizada por el Gobierno del Presidente Iván Duque?,
Colombia,GUARUMOIMG,Guarumo - EcoAnalitica (Imagen),Imagen,"¿A continuación le voy a leer un listado de personajes de la vida nacional, la imagen que usted tiene de ellos es?",
Colombia,GALLUPPOLLINVAMERDES,Gallup Poll Invamer 5-6 City (Desempeño),Desempeño,"En general, ¿usted aprueba o desaprueba la forma como [nombre] está desempeñando en su labor como presdiente?",
Colombia,INVAMERGALLUPDES,Invamer-Gallup Colombia Opina (Desempeño),Desempeño,"En general, ¿usted aprueba o desaprueba la forma como [nombre] está desempeñando en su labor como presdiente?",
Colombia,GALLUPPOLLINVAMERFAV,Gallup Poll Invamer 5-6 City (Opinión),Opinión,"En general, ¿tiene usted una opinión favorable o desfavorable de [NAME]?",
Colombia,INVAMERGALLUPFAV,Invamer-Gallup Opina Colombia (Opinión),Opinión,"En general, ¿tiene usted una opinión favorable o desfavorable de [NAME]?",
Colombia,ICPYANHAAS,ICP-Yanhaas Sabemos La Opinión Ciudadana,Conduciendo,"Independiente de su posición política, ¿Usted aprueba o desaprueba la forma como Gustavo Petro está conduciendo su Gobierno?",
Colombia,LAPOP,AmericasBarometer (Trabajo),Trabajo,"Hablando en general acerca del gobierno actual, ¿diría usted que el trabajo que está realizando el Presidente [NAME OF CURRENT PRESIDENT] es muy bueno, bueno, ni bueno ni malo, malo, o muy malo?",
Colombia,LB,Latinobarometer (Gestión),Gestión,¿Usted aprueba o no aprueba la gestión del gobierno que encabeza el presidente [nombre]?,
Colombia,M&R,M&R Consultores-Panóptico de Opinión Pública (Imagen),Imagen,Agrada v. Desagrada,
Colombia,NAPOLEON_FRANCO_IMG,IPSOS-Napoleón Franco (Imagen),Imagen,¿Usted tiene una imagen favorable o desfavorable del Presidente de la República [nombre]?,
Colombia,NAPOLEON_FRANCO_TRAB,IPSOS-Napoleón Franco (Trabajo),Trabajo,¿Está Ud. satisfecho o insatisfecho con el trabajo que está haciendo Juan Manuel Santos como Presidente?,
Colombia,YanhaasAP,Yanhaas (Conduciendo),Conduciendo,"Independiente de su posición política, ¿usted apreuba o desaprueba la forma como [nombre] está conduciendo su gobierno?  aprueba v. ni aprueba ni desaprueba v. desaprueba",
Colombia,YanhaasGES,Yanhaas (Gestión),Gestión,,
Colombia,YanhaasIMG,Yanhass (Imagen),Imagen,,
Colombia,YanhaasOP,Yanhaas (Opinión),Opinión,Do you have a favourable or unfavourable opinion of Álvaro Uribe?,
Comoros,GALLUPWORLD_LSHP,Gallup World Poll (leadership),Approval ,Do you approve or disapprove of the job performance of the leadership of this country?,
Comoros,GALLUPWORLD_LDR,Gallup World Poll (leader),Approval ,Do you approve or disapprove of the way the leader/head/President of this country is handling his/her job as leader/head/President?,
Congo Brazzaville,GALLUPWORLD_LSHP,Gallup World Poll (leadership),Approval ,Do you approve or disapprove of the job performance of the leadership of this country?,
Congo Brazzaville,GALLUPWORLD_LDR,Gallup World Poll (leader),Approval ,Do you approve or disapprove of the way the leader/head/President of this country is handling his/her job as leader/head/President?,
Congo Kinshasa,GALLUPWORLD_LDR,Gallup World Poll (leader),Approval ,Do you approve or disapprove of the way the leader/head/President of this country is handling his/her job as leader/head/President?,
Congo Kinshasa,,,,,
Costa Rica,BORGEYASOC,Borge y Asociados (Trabajo),Trabajo,¿Piensa que el gobierno de [nombre] esta trabajando….?,
Costa Rica,BORGEYASOCGES,Borge y Asociados (Gestión),Gestión,"¿Cómo califica la gestión/el labor de [NAME] como Presidente de Costa Rica, muy buena, buena, mala o muy mala?",
Costa Rica,CBIMAG,CB Consultora (Imagen),Imagen,"Imagen: Muy buena + Buena, Mala + Muy Mala",
Costa Rica,CIDGALLUP,CID-Gallup (Desempeño),Desempeño,¿Cuál es la opinión que tiene sobre la forma en que desempeña sus labores como presidente [NOMBRE] / ¿Cuál es su opinión de la forma en que lleva a cabo sus labores como presidente [NOMBRE]?,
Costa Rica,CIDGALLIPAPP,CID-Gallup (Gestión),Gestión,¿Aprueba o desaprueba la gestión de [NOMBRE] como Presidente?,
Costa Rica,CIDGALLUPFAV,CID-Gallup (Opinión),Opinión,¿Tiene usted una opinión favorable o desfavorable del presidente [NOMBRE]? / ¿Cuál es su opinión de [NOMBRE]?,
Costa Rica,CIMAAPP,Barómetro Iberoamericano de Gobernabilidad (Gestión),Gestión,¿Usted aprueba o desaprueba la gestión del Presidente?,
Costa Rica,CIMADESEMP,Barómetro Iberoamericano de Gobernabilidad (Desempeño),Desempeño,"Usted diría que la forma como viene desempeñando su trabajo el Presidente es muy buena, buena, ni buena ni mala, mala o muy mala?",
Costa Rica,DEMOSCOPIA,Demoscopia (Gestión),Gestión,"Gestión: muy buena/buena, regular, mala/muy mala",
Costa Rica,ENFOQUES,Enfoques Investigaciones,,,
Costa Rica,GALLUPWORLD_LSHP,Gallup World Poll (leadership) ,Approval ,Do you approve or disapprove of the job performance of the leadership of this country?,
Costa Rica,GALLUPWORLD_LDR,Gallup World Poll (leader),Approval ,Do you approve or disapprove of the way the leader/head/President of this country is handling his/her job as leader/head/President?,
Costa Rica,LAPOP,AmericasBarometer (Trabajo),Trabajo,"Hablando en general acerca del gobierno actual, ¿diría usted que el trabajo que está realizando el Presidente [NAME OF CURRENT PRESIDENT] es muy bueno, bueno, ni bueno ni malo, malo, o muy malo?",
Costa Rica,LB,Latinobarometer (Gestión),Gestión,¿Usted aprueba o no aprueba la gestión del gobierno que encabeza el presidente [nombre]?,
Costa Rica,M&R,M&R Consultores-Panóptico de Opinión Pública (Imagen),Imagen,Agrada v. Desagrada,
Costa Rica,OPOLGOB,OPOL Consultores (Gestión del gobierno),Gestión,¿Cómo calificaría usted la gestión del gobierno actual? Muy bien/bien/regular/mal/muy mal,
Costa Rica,OPOLPRES,OPOL Consultores (Labor del presidente),Trabajo,¿Cómo calificaría usted la labor del presidente [nombre]? Muy bien/bien/regular/mal/muy mal,
Costa Rica,UCR,Universidad de Costa Rica (Opinión),Opinión,¿Tiene usted una opinión favorable o desfavorable del presidente?,
Costa Rica,UCR-CIEP,Universidad de Costa Rica CIEP (Gobierno),Gestión,¿Cómo calificaría usted la gestión del gobierno actual? Muy bien/bien/regular/mal/muy mal,
Costa Rica,UCR-CIEPpres,Universidad de Costa Rica CIEP (Presidente),Gestión,¿Cómo califica gestión del presidente [NAME OF CURRENT PRESIDENT]? muy buena/buena/regular/mala/muy mala,
Costa Rica,UNIMER,Unimer (Trabajo),Gestión,"How would you rate the performance of _____as president?: muy bueno/bueno, regular, mal/muy malo",
Cote D'Ivoire,Afrobarometer,Afrobarometer,PERformance,"Do you approve or disapprove of the way that the following people have performed their jobs over the past twelve months, or haven’t you heard enough about them to say?",
Croatia,CSES,Comparative Study of Electoral Systems,performance,"Now thinking about the performance of the [government in [CAPITAL]/president] in general, how good or bad a job do you think the [government/president in [CAPITAL]] has done over the past [NUMBER OF YEARS SINCE LAST GOVERNMENT TOOK OFFICE, BEFORE THE CURRENT ELECTION] years? Has [it/he/she] done a very good job? A good job? A bad job? A very bad job?",
Croatia_Pres,IPSOS,HOS-IPSOSAGENCIJA-CROBAROMETAR,Work approval,"Podrška radu predsednika/predsednice Republike Hrvatska: odobravam, ne odobravam, ne znam (Support for the work of the president: I approve , I disapprove, I don't know)",
Croatia_Pres,IPSOSPULS/Crobarometer,HOSDOJAM-IPSOSAGENCIJA-CROBAROMETAR,Opinion,"Dojam o politačaru: pozitivan, negativan, ne znam (Impression on the politician: postive, negative, I don’t know)",
Croatia_PM,IPSOSPULS/Crobarometer,HOSDOJAM-IPSOSAGENCIJA-CROBAROMETAR,Opinion,"Dojam o politačaru: pozitivan, negativan, ne znam (Impression on the politician: postive, negative, I don’t know)",
Croatia,PROMOCIJAPLUS,HOS-PROMOCIJAPLUS-CRO-DEMOSKOP,Image,Koji politačar doživljavate najpozitivnije?,CATI
Croatia ,GALLUPWORLD_LSHP,Gallup World Poll (leadership),Approval ,Do you approve or disapprove of the job performance of the leadership of this country?,
Croatia ,GALLUPWORLD_LDR,Gallup World Poll (leader),Approval ,Do you approve or disapprove of the way the leader/head/President of this country is handling his/her job as leader/head/President?,
Czech Republic_Gov,CSES,The Comparative Study of Electoral Systems,Performance,"Now thinking about the performance of the [government in [CAPITAL]/president] in general, how good or bad a job do you think the [government/president in [CAPITAL]] has done over the past [NUMBER OF YEARS SINCE LAST GOVERNMENT TOOK OFFICE, BEFORE THE CURRENT ELECTION] years? Has [it/he/she] done a very good job? A good job? A bad job? A very bad job?",
Czech Republic_Gov,CVVMSATISFGOVT,"Centrum pro výzkum veřejného mínění, Satisfied w/Government",Satisfaction,"Jak spokojeni jste s osobou vláda...? assessment of the performance using school grading (1=great, 5=very bad; 1+2=positive, 3=neutral, 4+5=negative)",
Czech Republic_Gov,EES,European Election Survey,Approval,Let us now come back to [country]. Do you approve or disapprove the government's record to date? ,face to face
Czech Republic_Gov,GALLUPWORLD_LSHP,Gallup World Poll (leadership),Approval,Do you approve or disapprove of the job performance of the leadership of this country?,
Czech Republic_Gov,GALLUPWORLD_LDR,Gallup World Poll (leader),Approval ,Do you approve or disapprove of the way the leader/head/President of this country is handling his/her job as leader/head/President?,
Czech Republic_Gov,PEW,The PEW Global Attitudes Project approve/disapprove,Approval,Do you approve how government leaders are handling their job?,
Czech Republic_Gov,STEMTRENDSGOVT,"STEM, assessment of Govt LAST YEAR'S performance ",Assessment,"Jakou školní známkou byste ohodnotili výkon vlády v minulém roce? (1= nejlepší, 5=nejhorší) using school grading (1=great, 5=very bad; 1+2=positive, 3=neutral, 4+5=negative)",
Czech Republic_PM,CVVMPM,"Centrum pro výzkum veřejného mínění, Satisfied w/Prime Minister",Satisfaction,"Jak spokojeni jste s osobou premiéra...? assessment of the performance using school grading (1=great, 5=very bad; 1+2=positive, 3=neutral, 4+5=negative)",face to face
Czech Republic_PM,MorningConsult,Morning Consult Global Approval Tracker,Approval,,
Czech Republic_PM,STEMTRENDSPM,"STEM, assessment of PM LAST YEAR'S performance",Assessment,"Jakou školní známkou byste ohodnotili výkon předsedy vlády v minulém roce? (1= nejlepší, 5=nejhorší) using school grading (1=great, 5=very bad; 1+2=positive, 3=neutral, 4+5=negative)",
Czech Republic_Pres,CVVMSATISPRES,"Centrum pro výzkum veřejného mínění, Satisfied w/President",Satisfaction,"Jak spokojeni jste s osobou president...? assessment of the performance using school grading (1=great, 5=very bad; 1+2=positive, 3=neutral, 4+5=negative)",face to face
Czech Republic_Pres,MorningConsult,Morning Consult Global Approval Tracker,Approval,,
Czech Republic_Pres,STEMTRENDSPRES,"STEM, assessment of Pres LAST YEAR'S performance",Assessment,"Jakou školní známkou byste ohodnotili výkon prezidenta v minulém roce? (1= nejlepší, 5=nejhorší) using school grading (1=great, 5=very bad; 1+2=positive, 3=neutral, 4+5=negative)",
Czech Republic_Pres,CVVMTRUSTPRES,"Centrum pro výzkum veřejného mínění, Trust in President",Trust/Confidence," Řekněte prosím, důvěřujete prezidentovi ČR? / do you trust the President of the Czech Republic? (1 = definitely trust, 2 = somewhat trust, 3 = somewhat distrust, 4 = definitely distrust)",
Denmark,CSES,Comparative Survey of Electoral Systems (CSES),Gov. Job,"Now thinking about the performance of the government in [capital]/president in general, how good or bad a job do you think the government/president in [capital] has done over the past [number of years between the previous and the present election OR change in govt.] years. Has it/he/she done a very good job? A good job? A bad job? A very bad job?",
Denmark,EPINION,Epinion,PM job,"How is the Prime Minister doing her job, very well + well poorly+very poorly?",
Denmark,ESS-GOV,European Election Studies Voter Studies (Government performance),Performance,Let us now come back to [country]. Do you approve or disapprove the government's record to date? Approve. Disapprove. Don't know.; for 2014: Are you satisfied or unsatisfied with the following? [the government's performance] ,
Denmark,Gallup-Govt,Gallup Govt Performance,Performance,"Do they believe that the current government has done well, fairly well or not well in the time it has existed?; Mener de, at den nuværende regering har klaret sig godt, nogenlunde godt eller ikke godt i den tid, den har eksisteret? februar 1958",
Denmark,GALLUPMSAT,Gallup PM Job Satisfaction,Satisfaction,"How satisfied are they all with the way poul nyrup rasmussen has done the job as prime minister? Hvor tilfreds er de alt i alt med den måde, poul nyrup rasmussen har klaret jobbet som statsminister?",
Denmark,GALLUPWORLD_LSHP ,Gallup World Poll (leadership),Approval,Do you approve or disapprove of the job performance of the leadership of this country?,
Denmark,GALLUPWORLD_LDR,Gallup World Poll (leader),Approval ,Do you approve or disapprove of the way the leader/head/President of this country is handling his/her job as leader/head/President?,
Denmark,IFKA-GOVPERF,Institut for Konjunktur Analyse (IFKA) Govt. Performance,Performance,"How is the government doing in your opinion? Very Bad, Bad, Even, Good, Very Good; Hvordan klarer den nuværende regering sig efter Deres mening? Meget dårligt, Dårligt, Jævnt, Godt, Meget godt",
Denmark,IFKA-GOVTRUST,Institut for Konjunktur Analyse (IFKA) Govt. Confidence,Trust/Confidence,"Confidence/Trust [PM Name]: Great Trust, Trust, Neither nor, Distrust, Great Mistrust, Do not know, Refuses to answer; Tillid: [PM Name]: Stor tillid, Tillid, Hverken eller, Mistillid, Stor mistillid. Ved ikke, Nægter at svare",
Denmark,IFKA-PMCRED,Institut for Konjunktur Analyse (IFKA) PM Credibility,Credibility,"Credibility [PM Name]: Very Credible, Credible, Neither, Not very Credible, Very Incredible, Do not Know, Refuse to Answer;Troværdighed [PM Name]: Meget troværdig, Troværdig, Hverken eller, Utroværdig, Meget utroværdig, Ved ikke, Nægter at svare",
Denmark,OBSERVAGOVT,Observa Govt Work Rating,Performance,How do you rate the government's work? Hvorledes bedømmer De regeringens virke?,
Denmark,SONARGOVT,Sonar Govt Work,Performance,How do you rate the government's work?; Hvordan bedømmer de regeringens virke?,
Denmark,SONARPMRATE,Sonar Prime Minister Rating,Performance,How good or bad they think the government members are doing? Poul Nyrup Rasmussen Hvor godt eller dårligt synes de regeringens medlemmer klarer sig? Poul Nyrup Rasmussen,
Denmark,SONARPMWORK,Sonar Prime Minister Work,Performance,"How do you think, all in all,  poul nyrup rasmussen has done at the prime minister's post?; Hvordan synes de alt i alt , poul nyrup rasmussen har klaret sig på statsministerposten?",
Denmark,YouGovEuroTrack_Gov,YouGov Eurotrack/Handelsblatt Government Approval,Approval,"""Do you approve or disapprove of the government's record to date?"" ",
Dominican Republic,ABC Marketing,ABC Marketing,,"Con respecto al Presidentde la Republica, esta usted de acuerdo o desacuerdo con el trabajo que realiza dia a dia? De acuerdo, en desacuerdo",
Dominican Republic,ACD MEDIA,ACD Media,Approval,"""Do you approve of President Abinader's leadership of the country?",
Dominican Republic,CESP,CESP Research,Gestión,Como evalua usted la Gestión del Presidente [NAME]?,
Dominican Republic,CIBAO,Centro Economico del Cibao (Desempeño),Desempeño,Y ¿cómo califica usted el desempeño de [NOMBRE] en su gestión como Presidente de la República Dominicana?,
Dominican Republic,CIDDES,CID (Desempeño),Desempeño,"¿Diría que ha desempeñado sus labores muy bien, algo bien, ni bien ni mal, algo mal o muy mal?",
Dominican Republic,CIDFAV,CID (Opinión),Opinión,¿Tiene usted una opinión favorable o desfavorable del presidente [NOMBRE]?,
Dominican Republic,CIDGALLUPAPP,CID-Gallup (Gestión),Gestión,¿Usted aprueba o desaprueba la gestión del Presidente?,
Dominican Republic,CIMAS2DESM,Barómetro Iberoamericano de Gobernabilidad (Desempeño),Desempeño,"Usted diría que la forma como viene desempeñando su trabajo el Presidente es muy buena, buena, ni buena ni mala, mala o muy mala?",
Dominican Republic,CIMASIGMA2DR,Barómetro Iberoamericano de Gobernabilidad (Gestión),Gestión,¿Usted aprueba o desaprueba la gestión del Presidente?,
Dominican Republic,CESP,Centro de Estudios Sociales y Públicos (CESP Research) (Gestión),Gestión,"Cómo evalúa usted la gestión del Presidente [nombre, apellido]? Muy buena, buena, regular hacia lo bueno, regular hacia lo malo, mala, muy mala",
Dominican Republic,DATACONSULTING,Data Consulting (Gestión),Gestión,"¿Como calificaria usted la Gestión de [NAME] como presidente de la Republica Dominicana? Excelente, Buena, Mala, Pesima",
Dominican Republic,GALLUP-HOY2,"Encuesta de aprobación, 2 response choices (Gestión)",Gestión,"Independientemente de su posición política, ¿usted aprueba o desaprueba la gestión de Gobierno del Presidente [nombre]?",
Dominican Republic,GALLUP-HOY3,"Encuesta de aprobación, 3 response choices (Gestión)",Gestión,"Independientemente de su posición política, ¿usted aprueba o desaprueba la gestión de Gobierno del Presidente [nombre]?",
Dominican Republic,GALLUPWORLD_LSHP,Gallup World Poll (leadership) ,approval ,Do you approve or disapprove of the job performance of the leadership of this country?,
Dominican Republic,GALLUPWORLD_LDR,Gallup World Poll (leader),Approval ,Do you approve or disapprove of the way the leader/head/President of this country is handling his/her job as leader/head/President?,
Dominican Republic,GREENBERG,Greenberg Quinlan Rosner,Trabajo,,
Dominican Republic,HAMILTON,Hamilton Campaigns (Gestión),Gestión,,
Dominican Republic,IDEAME,"Instituto Dominicano de Estudios Aplicados, Mercadeo y Encuesta ",,,
Dominican Republic,JDCM,José Dorín Cabrera Mercadología (trabajo),Trabajo,¿Cómo califica usted el trabajo que viene realizando el presidente Luis Abinader hasta ahora?,
Dominican Republic,Keller,Keller,,,
Dominican Republic,LAPOP,AmericasBarometer (Trabajo),Trabajo,"Hablando en general acerca del gobierno actual, ¿diría usted que el trabajo que está realizando el Presidente [NAME OF CURRENT PRESIDENT] es muy bueno, bueno, ni bueno ni malo, malo, o muy malo?",
Dominican Republic,Latin Insights,Encuesta de favorabilidad,,,
Dominican Republic,LB,Latinobarometer (Gestión),Gestión,¿Usted aprueba o no aprueba la gestión del gobierno que encabeza el presidente [nombre]?,
Dominican Republic,MERCYCUANT,Mercado y Cuantificaciones (Gestión),Gestión,,
Dominican Republic,M&R,M&R Consultores-Panóptico de Opinión Pública (Imagen),Imagen,Agrada v. Desagrada,
Dominican Republic,RD Elige,RD Elige,Evaluation,,
Dominican Republic,SIGMADOS,Sigmados (Labor),Labor,¿Cómo califica usted la labor que esta realizando [NOMBRE] como presidente del gobierno?,
Dominican Republic,MARKPENN,Mark Penn/Penn Shoen Berland/Penn Stagwell,Gestión,"¿Cuán satisfecho o insatisfecho esta usted con la labor que esta llevando a cabo [NAME]? Muy buena, buena, mala, muy mala",
Dominican Republic,MARKPENNFAV,Mark Penn/Penn Shoen Berland/Penn Stagwell (Favorable),Favorable,,
East Timor,IRI,International Republican Institute ,Performance,"How  would you rate the job of the government of Timor-Leste (Very Good, Good, Neither good nor bad, Bad, Very Bad)",
Ecuador,ANALITIX,Analitix (Gestión),Gestión,¿Cómo califica usted la gestión del Presidente Guillermo Lasso?,
Ecuador,ATLASINTELIMG,Atlas Intel Image,Image,¿Usted tiene una imagen positiva o negativa de los siguientes líderes?,
Ecuador,ATLASINTELAPP,Atlas Intel Approval,Conduciendo,¿Usted aprueba o desaprueba la forma en que Lenin Moreno está conduciendo el Gobierno del Ecuador?,
Ecuador,CBIMAG,CB Consultora (Imagen),Imagen,"Imagen: Muy buena + Buena, Mala + Muy Mala",
Ecuador,CEDATOS,CEDATOS (Gestión),Gestión,"¿Usted aprueba o desaprueba la gestión que ha realizado hasta el momento el Presidente de  la República, [name]?",
Ecuador,CEDATOS_Forma,CEDATOS (Gobernar),Gobernar,forma de gobernar,
Ecuador,CELAG,Centro Estratégico Latinoamericano de Geopolítica,Gestión,"Haciendo un balance global, Usted diría que la gestión del Gobierno
 de Lenín Moreno es… (Muy buena, buena, regular buena, regular mala, mala, muy mala).",
Ecuador,CELAG_APP,Centro Estratégico Latinoamericano de Geopolítica,Approval,"Haciendo una evaluación global sobre la gestión del Gobierno de Lenín Moreno, ¿Ud. diría que la aprueba o que la desaprueba?",
Ecuador,CELAG_APP2,Centro Estratégico Latinoamericano de Geopolítica,Approval,"¿Cuál de las siguientes afirmaciones expresan mejor su evaluación de la gestión de Lenín Moreno? (Siempre lo aprobé, no lo aprobé en un inicio pero ahora sí, lo aprobé en un inicio pero ya no, nunca lo aprobé)",
Ecuador,CIDGALLUPAPP,CID-Gallup,Gestión,¿Usted aprueba o desaprueba la gestión del Presidente?,
Ecuador,CIDGALLUP,CID-Gallup (Desempeño),Desempeño,"¿Diría que ha desempeñado sus labores muy bien, algo bien, ni bien ni mal, algo mal o muy mal?",
Ecuador,CIEES,CIEES Latam Encuestadora,,"Calificacion labor del presidente, muy buena, muy mala. ",
Ecuador,CIMACEDATOSAPP,Barómetro Iberoamericano de Gobernabilidad (Gestión),Gestión,¿Usted aprueba o desaprueba la gestión del Presidente?,
Ecuador,CIMACEDATOSDESEMP,Barómetro Iberoamericano de Gobernabilidad (Desempeño),Desempeño,"Usted diría que la forma como viene desempeñando su trabajo el Presidente es muy buena, buena, ni buena ni mala, mala o muy mala?",
Ecuador,CLICK-QG,Click Report (Gestión),Gestión,,
Ecuador,CLIMASOCIAL,Clima Social (Gestión),Gestión,"Considera Ud. que el Presidente Guillermo Lasso estos primeros meses ha hecho una gestión muy buena, buena, mala, o muy mala?",
Ecuador,CMS,Consult Management Solutions (Gestión),Gestión,Aprueba usted la gestón del presidente [NAME] durante el [YEAR]?,
Ecuador,COMUNICALIZA,Comuicaliza,Approval,"Como valoras a los siguientes actores politicas, instituciones, y agrupaciones politicas? Muy Bien + Bien = Aprueba vs. Muy Mal + Mal = Desaprueba",
Ecuador,GALLUP,Gallup,,,
Ecuador,GALLUPWORLD_LSHP,Gallup World Poll (leadership) ,Approval ,Do you approve or disapprove of the job performance of the leadership of this country?,
Ecuador,GALLUPWORLD_LDR,Gallup World Poll (leader),Approval ,Do you approve or disapprove of the way the leader/head/President of this country is handling his/her job as leader/head/President?,
Ecuador,IMASEN,IMASEN (labor),Approval ,"Aprueba o despueba usted la labor que realiza el presidente del Ecuador, [NAME]?",
Ecuador,INFCONF_GUAYAQ,"Informe Confidencial (Gestión, Guayaquil)",,,
Ecuador,INFCONF_GUAYAQ4,"Informe Confidencial (Gestión, Guayaquil)",,,
Ecuador,INFCONF_GUAYAQ3,"Informe Confidencial (Gestión, Guayaquil)",Gestión,"¿Cómo calificaría usted el gestión del presidente [nombre]? muy bien, bien, regular, mala o muy mala",
Ecuador,INFCONF_QUITO,"Informe Confidencial (Gestión, Quito)",,,
Ecuador,INFCONF_QUITO3,"Informe Confidencial (Gestión, Quito)",Gestión,"¿Cómo calificaría usted el gestión del presidente [nombre]? muy bien, bien, regular, mala o muy mala",
Ecuador,INFORME_CONF3,"Informe Confidencial (Gestión, National)",Gestión,"¿Cómo calificaría usted el gestión del presidente [nombre]? muy bien, bien, regular, mala o muy mala",
Ecuador,INFORME_CONFNAC,"Informe Confidencial (Gestión, National)",Gestión,"¿Cómo calificaría usted el gestión del presidente [nombre]? muy bien, bien, mala o muy mala",
Ecuador,LAPOP,AmericasBarometer (Trabajo),Trabajo,"Hablando en general acerca del gobierno actual, ¿diría usted que el trabajo que está realizando el Presidente [NAME OF CURRENT PRESIDENT] es muy bueno, bueno, ni bueno ni malo, malo, o muy malo?",
Ecuador,LB,Latinobarometer (Gestión),Gestión,¿Usted aprueba o no aprueba la gestión del gobierno que encabeza el presidente [nombre]?,
Ecuador,MALUK,Maluk Research (Gestión),Gestión,"En una escala de 1 hasta 7. ¿Califique usted la gestión de gobierno del Presidente [NAME]? Excelente/Muy/Buena, Regular, Mala/Muy/Pesima",
Ecuador,MARKETAGR,Market (Agrado),Agrado,"¿[Name] le agrada o le desagrada]? Mucho agrado, algo de agrado, algo de desagrado, mucho desagrado",
Ecuador,MARKETGES,Market (Gestión),Gestión,"¿Como calificaría la gestión? Excelente, buena, mala, pesima",
Ecuador,OpinionPublicaSP,Santiago Perez (Labor) ,Labor,"¿Cómo califica la labor del presidente [NAME]? muy buena, buena, mala, o muy mala",
Ecuador,PdO,Perfiles de Opinion,Gestión,"¿Cómo calificaría usted el gestión del presidente [nombre]? muy bien, bien, mala o muy mala",
Egypt,Afrobarometer,Afrobarometer,performance,"Do you approve or disapprove of the way that the following people have performed their jobs over the past twelve months, or haven’t you heard enough about them to say?",
Egypt,ARABBAROMETER10,Arab Barometer Wave 1/2 *some of 3* using 10 pt scale ,Satisfaction,"Using a similar 10-point scale, where 1 means very unsatisfied and 10 means very satisfied, indicate how satisfied you are with the performance of the current [respondent’s country] government",
Egypt,ARABBAROMETER11,"Arab Barometer Wave 3-5, using an 11 pt scale",Satisfaction,"Suppose that there was a scale from 0-10 to measure the extent of your satisfaction with the government, in which 1 means that you were absolutely unsatisfied with its performance and 10 means that you were completely satisfied.",
El Salvador,BORGEYASOCGES,Borge y Asociados (Gestión),Gestión,"A la fecha, ¿Cómo califica la gestión del Presidente de su país, muy buena, buena, mala o muy mala?",
El Salvador,CIDGALLUP,CID-Gallup (Desempeño),Desempeño,"¿Diría que ha desempeñado sus labores muy bien, algo bien, ni bien ni mal, algo mal o muy mal?",
El Salvador,CIDGALLUPAPP,CID-Gallup (Gestión),Gestión,¿Usted aprueba o desaprueba la gestión del Presidente?,
El Salvador,CIDGALLUPFAV,CID-Gallup (Opinión),Opinión,¿Tiene usted una opinión favorable o desfavorable del presidente [NOMBRE]?,
El Salvador,CIESCA,"Centro de Investigación y Estudios sobre temas Políticos, Sociales y Económicos de la Región Centroamericana",Approval ,¿Usted aprueba o desaprueba la gestión del Presidente?,
El Salvador,CIMABORGEAPP,Barómetro Iberoamericano de Gobernabilidad (Desempeño),Desempeño,¿Usted aprueba o desaprueba la gestión del Presidente?,
El Salvador,CIMABORGEDESEM,Barómetro Iberoamericano de Gobernabilidad (Gestión),Gestión,"¿Usted diría que la forma como viene desempeñando su trabajo el Presidente es muy buena, buena, ni buena ni mala, mala o muy mala? ",
El Salvador,DISRUPTIVA,Disruptiva (Opinion),Opinión,Que opinion tiene de los siguientes personajes politicos?,
El Salvador,FUNDAUNGO,Fundacion Manuel Ungo,Trabajo,"Hablando en general del actual gobierno, ¿diría usted que el trabajo que está realizando el/la presidente/a es muy bueno, bueno, regular, malo, o muy malo?",
El Salvador,GALLUPWORLD_LSHP,Gallup World Poll (leadership) ,Approval ,Do you approve or disapprove of the job performance of the leadership of this country?,
El Salvador,GALLUPWORLD_LDR,Gallup World Poll (leader),Approval ,Do you approve or disapprove of the way the leader/head/President of this country is handling his/her job as leader/head/President?,
El Salvador,IUDOPACT,Instituto Universitario de Opinión Pública UCA (Actuación),Actuación,"¿Cómo evalua la actuacion del presidente [NOMBRE] en el gobeirno? muy buena/buena, regular, mala/muy mala",
El Salvador,IUDOPDES,Instituto Universitario de Opinión Pública UCA (Desempeño),Desempeño,"En general, ¿cómo calificaría el desempeño del presidente [NOMBRE]…? Bien, ni bien ni mal, mal",
El Salvador,IUDOPGES,Instituto Universitario de Opinión Pública UCA (Gestión),Gestión,"En general, ¿cómo evalúa la gestión del presidente [NOMBRE] en el gobierno? muy buena/buena, regular, mala/muy mala",
El Salvador,IUDOPGOB,Instituto Universitario de Opinión Pública UCA (Gobernar),Gobernar,"En su opinión, ¿el presidente Francisco Flores está gobernando bien al país o lo está gobernando mal? Bien, regular, mal",
El Salvador,IUDOPHAC3,Instituto Universitario de Opinión Pública UCA 3 (Haciendo),Haciendo,"¿Cree usted que el Gobierno de Nayib Bukele está haciendo bien las cosas o que las está haciendo mal? bien, ni bien ni mal, mal,",
El Salvador,IUDOPHAC4,Instituto Universitario de Opinión Pública UCA 4 (Haciendo),Haciendo,"¿Cree usted que el Gobierno de Nayib Bukele está haciendo bien las cosas o que las está haciendo mal? bien, ni bien ni mal+unas las esta haciendo bien otras mal, mal",
El Salvador,IUDOPAPP,Instituto Universitario de Opinión Pública UCA (Approve),Aprobacion,Nivel de aprobacion,
El Salvador,JABESPERF,Jabes-JBS (Desempeño),Desempeño,¿Cómo calificaría usted el desempeño del presidente [nombre]?,
El Salvador,JABESSAT,Jabes-JBS (Gobierno),Gobernar,"¿Está usted satisfecho con el gobierno del Presidente Mauricio Funes? nada+poco, algo+mucho",
El Salvador,LAPOP,AmericasBarometer (Trabajo),Trabajo,"Hablando en general del actual gobierno, ¿diría usted que el trabajo que está realizando el/la presidente/a es muy bueno, bueno, ni bueno ni malo (regular 1991-1999), malo, o muy malo?",
El Salvador,LB,Latinobarometer (Gestión),Gestión,¿Usted aprueba o no aprueba la gestión del gobierno que encabeza el presidente [nombre]?,
El Salvador,LPGDATOS,LPGDatos (Trabajo),Trabajo,¿Usted aprueba o desaprueba el trabajo que ha realizado [NOMBRE} como presidente hasta el momento?,
El Salvador,MITOFSKY,Mitofsky (Gobernar),Gobernar,¿Está de acuerdo o desacuerdo con la manera en que [NOMBRE] está gobernando”,
El Salvador,M&R,M&R Consultores-Panóptico de Opinión Pública (Imagen),Imagen,Agrada v. Desagrada,
El Salvador,Statista,Statista,Job Approval,Do you approve or disapprove of the way Nayib Bukele is doing his job as president to this moment?,
El Salvador,TResearch,TResearch,,,
Estonia_GOV,CSES,Comparative Study of Electoral Systems,performance,"Now thinking about the performance of the [government in [CAPITAL]/president] in general, how good or bad a job do you think the [government/president in [CAPITAL]] has done over the past [NUMBER OF YEARS SINCE LAST GOVERNMENT TOOK OFFICE, BEFORE THE CURRENT ELECTION] years? Has [it/he/she] done a very good job? A good job? A bad job? A very bad job?",
Estonia_GOV,GALLUPWORLD_LSHP,Gallup World Poll (leadership) ,Approval ,Do you approve or disapprove of the job performance of the leadership of this country?,
Estonia_GOV,GALLUPWORLD_LDR,Gallup World Poll (leader),Approval ,Do you approve or disapprove of the way the leader/head/President of this country is handling his/her job as leader/head/President?,
Estonia_PRES,VILMORUS-PERF,Vilmorus (Performance),Performance,"Kaip Jusu nuomone ...atlieka prezidento (AT pirmininko) pareigas? Labai gerai, greiciau gerai negu blogai, greiciau blogai negu gerai, labai blogai, sunku pasakyti. In your opinion how does ...perform the duties of the president (AT chairman)? Very good, more good than bad, more bad than good, very bad, hard to say",
Estonia_PM,VILMORUS-PERF,Vilmorus (Performance),Performance,"Kaip Jusu nuomone ...atlieka prezidento (AT pirmininko) pareigas? Labai gerai, greiciau gerai negu blogai, greiciau blogai negu gerai, labai blogai, sunku pasakyti. In your opinion how does ...perform the duties of the president (AT chairman)? Very good, more good than bad, more bad than good, very bad, hard to say",
eSwatini,Afrobarometer,Afrobarometer,Performance,"Do you approve or disapprove of the way that the following people have performed their jobs over the past twelve months, or haven’t you heard enough about them to say?",
Ethiopia,Afrobarometer,Afrobarometer,Performance,"Do you approve or disapprove of the way that the following people have performed their jobs over the past twelve months, or haven’t you heard enough about them to say?",
Fiji,Tebbutt-Times,Tebbutt-Times Poll,Performance,"Performance of PM: doing a very good job, doing a good job, doing an average job, doing a poor job, doing a very poor job",
Finland_GOV,CSES,Comparative Study of Electoral Systems,Performance,"Now thinking about the performance of the [government in [CAPITAL]/president] in general, how good or bad a job do you think the [government/president in [CAPITAL]] has done over the past [NUMBER OF YEARS SINCE LAST GOVERNMENT TOOK OFFICE, BEFORE THE CURRENT ELECTION] years? Has [it/he/she] done a very good job? A good job? A bad job? A very bad job?",
Finland_GOV,GALLUPWORLD_LSHP,Gallup World Poll (leadership) ,Approval,Do you approve or disapprove of the job performance of the leadership of this country?,
Finland_GOV,GALLUPWORLD_LDR,Gallup World Poll (leader),Approval ,Do you approve or disapprove of the way the leader/head/President of this country is handling his/her job as leader/head/President?,
Finland_GOV,YouGovEuroTrack_Gov,YouGov Eurotrack/Handelsblatt Government Approval,Approval,"""Do you approve or disapprove of the government's record to date?"" ",
Finland_GOV,VKTPHG_Gov,Verian/Kantar TNSPublic/HS-Gallup,Approval,"Mielipiteet hallituksen onnistumisesta tehtävissään: erittäin hyvä, melko hyvä, ei hyvä eikä huono, melko huono, erittäin huono, ei osaa sanoa. Opinions about government's success in its duties: very good, quite good, neither good nor bad, quite bad, very bad, cannot say.",
Finland_GOV,EVA_Gov,Finnish Business and Policy Forum EVA,Trust,"Kuinka suurta luottamusta tunnet yhteiskunnan toimijoita ja asioita kohtaan: Maan (nykyinen) hallitus? How much do you trust the following institutions or actors: (Current) Government? Hyvin suurta, Melko suurta, Vaikea sanoa, Melko vähäistä, Hyvin vähäistä / A great deal, A fair amount, Difficult to say, Not very much, Very little",
Finland_PM,VKTPHG_PM,Verian/Kantar TNSPublic/HS-Gallup,Approval,"Mielipiteet pääministeri [nimi] onnistumisesta tehtävissään / ""Minkä arvosanan annat pääministeri [nimi] onnistumisesta tehtävissään?"": erittäin hyvä, melko hyvä, ei hyvä eika huono, melko huono, erittäin huono, ei osaa sanoa. Opinions about [prime minister's name] success in his/her duties: ""What grade would you give to [prime minister's name] for his/her performance in office?"": very good, quite good, neither good nor bad, quite bad, very bad, cannot say.",
Finland_Pres,VKTPHG_Pres,Verian/Kantar TNSPublic/HS-Gallup,Approval,"Mielipiteet presidentti [nimi] onnistumisesta tehtävissään / ""Minkä arvosanan annat tasavallan presidentti [nimi] onnistumisesta tehtävissään?"": erittäin hyvä, melko hyvä, ei hyvä eika huono, melko huono, erittäin huono, ei osaa sanoa. Opinions about [president's name] success in his/her duties: ""What grade would you give to [president's name] for his/her performance in office?"": very good, quite good, neither good nor bad, quite bad, very bad, cannot say.",
Finland_Pres,TNSGallupFinland,TNS Gallup President Approval,Approval,,
Finland_Pres,EVA_Pres,Finnish Business and Policy Forum EVA,Trust,"Kuinka suurta luottamusta tunnet yhteiskunnan toimijoita ja asioita kohtaan: Tasavallan (nykyinen) presidentti? How much do you trust the following institutions or actors: (Current) President of the Republic? Hyvin suurta, Melko suurta, Vaikea sanoa, Melko vähäistä, Hyvin vähäistä / A great deal, A fair amount, Difficult to say, Not very much, Very little",
France_Gov,CSES,Comparative Study of Electoral Systems ,Performance,"Now thinking about the performance of the [government in [CAPITAL]/president] in general, how good or bad a job do you think the [government/president in [CAPITAL]] has done over the past [NUMBER OF YEARS SINCE LAST GOVERNMENT TOOK OFFICE, BEFORE THE CURRENT ELECTION] years? Has [it/he/she] done a very good job? A good job? A bad job? A very bad job?",
France_Gov,GALLUPWORLD_LSHP,Gallup World Poll (leadership) ,Approval ,Do you approve or disapprove of the job performance of the leadership of this country?,
France_Gov,GALLUPWORLD_LDR,Gallup World Poll (leader),Approval ,Do you approve or disapprove of the way the leader/head/President of this country is handling his/her job as leader/head/President?,
France_Gov,YouGovEuroTrack_Gov,YouGov Eurotrack/Handelsblatt Government Approval,Approval,"""Do you approve or disapprove of the government's record to date?"" ",
France_PM,BVA Group,BVA Group Monthly Barometer,Opinion,"""Quelle opinion avez-vous d'{X] en tant que premier ministre de la République ?"" - ""What is your opinion of [X] as Prime Minister of the Republic?""",Mixed (phone and Internet)
France_Pres ,Harris Interactive Trust ,Harris Interactive Presidential Trust Barometer,Trust ,"""Faites-vous tout à fait confiance, plutôt confiance, plutôt pas confiance ou pas du tout confiance à Emmanuel Macron/ Jean Castex en tant que Président de la
République / Premier ministre pour mener une bonne politique pour la France ?""",
France_PM,IFOP-SATISFAIT,IFOP Satisfaction,Satisfaction,"""Êtes-vous satisfait ou mécontent de X comme premier ministre de la République ?"" - ""Are you satisfied or dissatisfied with X as Prime Minister of the Republic ?""",Mixed (phone and Internet)
France_PM,IFOP-APPROUVEZ,IFOP-FIDUCIAL Approval ,Approval,"Approuvez-vous ou n’approuvez-vous pas l’action de [X] comme Premier ministre ? - ""Do you approve or do you not approve of the work/action of [X] as Prime Minister?",Mixed (phone and Internet)
France_PM,IFOP-OPINION,IFOP-FINDUCIAL Opinion,Opinion,"Pour chacune des personnalités suivantes, dites-moi si vous en avez une excellente opinion, une bonne opinion, une mauvaise opinion, une très mauvaise opinion ou si vous ne la connaissez pas suffisamment ?",
France_PM,Ipsos,IPSOS Popularity,Judgement,"""Quel jugement portez-vous sur l'action des personnalités politiques suivantes ?"" - ""What is your judgment on the action of the following political figures?""",Phone
France_PM,TNS,TNS Monthly Political Barometer (Trust),Trust," ""Faites-vous tout à fait confiance, plutôt confiance, plutôt pas confiance ou pas du tout confiance à [X] pour résoudre les problèmes qui se posent en France actuellement ?"" - ""Do you trust, rather trust, rather not trust or not at all trust [X] to solve the problems in France today?""",Face-to-face interviews
France_Pres,BVA Group,BVA Group Monthly Barometer,Opinion,"""Quelle opinion avez-vous d'[NAME] en tant que président de la République ?"" - ""What is your opinion of [X] as President of the Republic?""",Mixed (phone and Internet)
France_Pres,IFOP-SATISFAIT,IFOP Satisfaction,Satisfaction,"""Êtes-vous satisfait ou mécontent de [NAME] comme Président de la République ?"" - ""Are you satisfied or dissatisfied with X as President of the Republic ?""",Mixed (phone and Internet)
France_Pres,IFOP-APPROUVEZ,IFOP-FIDUCIAL Approval ,Approval ,Approuvez-vous ou n’approuvez-vous pas l’action d’Emmanuel Macron comme Président de la République ?,
France_Pres,IFOP-OPINION,IFOP-FIDUCIAL Opinion,Opinion,"Pour chacune des personnalités suivantes, dites-moi si vous en avez une excellente opinion, une bonne opinion, une mauvaise opinion, une très mauvaise opinion ou si vous ne la connaissez pas suffisamment ?",
France_Pres,Ipsos,IPSOS Popularity,Judgement,"""Quel jugement portez-vous sur l'action des personnalités politiques suivantes ?"" - ""What is your judgment on the action of the following political figures?""",Phone
France_Pres,TNS,TNS Monthly Political Barometer,Trust,"""Faites-vous tout à fait confiance, plutôt confiance, plutôt pas confiance ou pas du tout confiance à [X] pour résoudre les problèmes qui se posent en France actuellement ?"" - ""Do you trust, rather trust, rather not trust or not at all trust [X] to solve the problems in France today?""",Face-to-face interviews
France_Pres,ELABE,ELABE President Trust,Trust,"Faites-vous confiance ou pas confiance au Président de la République, Emmanuel MACRON, pour affronter efficacement les principaux problèmes qui se posent au pays ?",
France_PM,Odoxa,Odoxa Political Barometer,Approval,"""Diriez-vous que [X] est un bon Premier ministre?"" - ""Do/would you say that [X] is a good Prime Minister?""",Internet
France_Pres,MorningConsult,Morning Consult,Approval,,
France_Pres,Odoxa,Odoxa Political Barometer,Performance,"""Diriez-vous que [X] est un bon président de la République?"" - ""Would you say that [X] is a good president of the Republic?""",Internet
Gabon,Afrobarometer,Afrobarometer,PERformance,"Do you approve or disapprove of the way that the following people have performed their jobs over the past twelve months, or haven’t you heard enough about them to say?",
Gabon,GALLUPWORLD_LSHP,Gallup World Poll (leadership) ,Approval ,Do you approve or disapprove of the job performance of the leadership of this country?,
Gabon,GALLUPWORLD_LDR,Gallup World Poll (leader),Approval ,Do you approve or disapprove of the way the leader/head/President of this country is handling his/her job as leader/head/President?,
Gambia,Afrobarometer,Afrobarometer,PERformance,"Do you approve or disapprove of the way that the following people have performed their jobs over the past twelve months, or haven’t you heard enough about them to say?",
Gambia,GALLUPWORLD_LSHP,Gallup World Poll (leadership) ,Approval ,Do you approve or disapprove of the job performance of the leadership of this country?,
Gambia,GALLUPWORLD_LDR,Gallup World Poll (leader),Approval ,Do you approve or disapprove of the way the leader/head/President of this country is handling his/her job as leader/head/President?,
Georgia_Gov,CAUCASUSBAROMETER_GOV_TRUST,Caucasus Barometer (Trust towards Executive Government %),trust,"Please assess your level of trust toward each of social institutions and political unions - Executive government (Prime minister and ministers) (trust, neither, distrust)",
Georgia_Gov,GALLUPWORLD_LSHP,Gallup World Poll (leadership) ,Approval ,Do you approve or disapprove of the job performance of the leadership of this country?,
Georgia_Gov,GALLUPWORLD_LDR,Gallup World Poll (leader),Approval ,Do you approve or disapprove of the way the leader/head/President of this country is handling his/her job as leader/head/President?,
Georgia_Gov,IRI,International Republican Institute ,Confidence,"Do you have confidence in the Government? (Favorable, Unfavorable, No opinion)",
Georgia_Gov,IRI_Perf,International Republican Institute Govt Performance,,"How would you rate the performance of the national government? Very Good, Somewhat Good, Somewhat Bad, Very Bad",
Georgia_Gov,IRI_Fav,International Republican Institute Government Favorability,Trust,Now I am going to read out the names of some Georgian institutions and organizations. Please tell me your opinion about the work of each of these institutions: Favorable or Unfavorable,
Georgia_Gov,NDI_GOVPerf4,National Democratic Institute 4 choices,Performance,"How would you rate the performance of the government? (Very Well, Well, Badly, Very Badly)",
Georgia_Gov,NDI_GOVPerf5,National Democratic Institute 5 choices,Performance,"How would you rate the performance of the government? (Very Well, Well, Average/Neither Badly Nor Well, Badly, Very Badly)",
Georgia_PM,IRI_Approval,International Republican Institute PM Personal Favorability,Approval,"Do you like or dislike (PM)? (Like, Dislike)/How do you feel about (PM)? (Favor, Unfavorable)",
Georgia_PM,IRI_Perf,International Republican Institute PM Performance,Performance,"How would you rate the performance _____ (Pres/PM)? (Very Well, Well, Neither Badly Nor Well, Badly, Very Badly)",
Georgia_PM,IRI_Fav,International Republican Institute PM Office Favorability,Trust,Now I am going to read out the names of some Georgian institutions and organizations. Please tell me your opinion about the work of each of these institutions: Favorable or Unfavorable,
Georgia_PM,NDI_Approval,National Democratic Institute,Approval,"I will now read out a list of names. Of the following people, please tell me whether you approve or disapprove - [NAME]",
Georgia_PM,NDI_Perf,National Democratic Institute,Performance,"How would you rate the performance _____ (PM)? (Very Well, Well, Neither Badly Nor Well, Badly, Very Badly)",
Georgia_PM,CAUCASUSBAROMETER_APP,Caucasus Barometer (PM Approval %),Approval,"I will now read out a list of names. Of the following people, please tell me whether you approve or disapprove - [PM NAME]: Approve, Disapprove, Never heard",
Georgia_Pres,CAUCASUSBAROMETER_APP,Caucasus Barometer (President Approval %),Approval,"I will now read out a list of names. Of the following people, please tell me whether you approve or disapprove - [PRES NAME]: Approve, Disapprove, Never heard",
Georgia_Pres,CAUCASUSBAROMETER_TRUST,Caucasus Barometer (Trust towards President %),trust,"Please assess your level of trust toward each of social institutions and political unions - President (Trust, Neither, Distrust)",
Georgia_Pres,IRI_Approval,International Republican Institute Personal Favorability,Favorability,"Do you like or dislike (Pres)? (Like, Dislike)/How do you feel about (Pres)? (Favor, Unfavorable)",
Georgia_Pres,IRI_Perf,International Republican Institute Pres Peformance,Performance,"How would you rate the performance _____ (Pres/PM)? (Very Well, Well, Neither Badly Nor Well, Badly, Very Badly)",
Georgia_Pres,IRI_Fav,International Republican Institute Pres Office Favorability,Favorability,Now I am going to read out the names of some Georgian institutions and organizations. Please tell me your opinion about the work of each of these institutions: Favorable or Unfavorable,
Georgia_Pres,NDI_Approval,National Democratic Institute,Approval,"I will now read out a list of names. Of the following people, please tell me whether you approve or disapprove - [NAME]",
Georgia_Pres,NDI_Perf,National Democratic Institute,Performance,"How would you rate the performance _____ (Pres/PM)? (Very Well, Well, Neither Badly Nor Well, Badly, Very Badly)",
Germany,ARD-DeutschlandTREND/Infratest dimap,"Kanzlerzufriedenheit (satisfaction with political work of the Chancellor; ""Skalometer"")",Satisfaction,"""And now it is about your opinion of several leading politicians. What about ...? Are  you with his/her political work very satisfied, satisfied, less satisfied or not satisfied at all?"" ""Sind sie mit der Arbeit von ... zufrieden / nicht zufrieden?""",telephone (CATI)
Germany,INFRATEST_GOV,Infratest dimap (government approval/satisfaction) ,Satisfaction,"“How satisfied are you with the work of the federal government?” ""Wie zufrieden sind Sie mit der Arbeit der Bundesregierung?""",
Germany,Cologne Election Survey,"University of Cologne, survey in relation to 1961 federal election (opinion on Adenauer)",Opinion,"What do you think of Konrad Adenauer? Rejects, Undecided, Likes Politician.",face-to-face
Germany,CSES,Comparative Study of Electoral Systems (government assessment),Performance,"Now thinking about the performance of the government in [capital]/president in general, how good or bad a job do you think the government/president in [capital] has done over the past [number of years between the previous and the present election OR change in govt.] years. Has it/he/she done a very good job? A good job? A bad job? A very bad job?",face-to-face
Germany,European Election Studies,European Election Studies Voter Studies (Government performance),Performance,Let us now come back to [country]. Do you approve or disapprove the government's record to date? Approve. Disapprove. Don't know.; for 2014: Are you satisfied or unsatisfied with the following? [the government's performance] ,telephone
Germany,Federal Election Study 53-57,Federal Election Study for the years 1953 and 1957 (agreement with policies/politcs of the Chancellor),Agreement,"DO YOU BY-AND-LARGE AGREE WITH ADENAUER'S POLICIES? Agree, disagree, indefferent, no judgment; ",face-to-face
Germany,Federal Parliament Election Study,Federal Parliament Election Study (Chancellor opinion / government performance),Opinion/Performance,"1965: What do you think of Ludwig Erhard? Rejects, Undecided, Likes Politician. (scale: 1-11); 1969: Do you believe that the current government of grand coalition between SPD and CDU/CSU has proven itself? Yes. No. Don't know/NA.",face-to-face
Germany,GALLUPWORLD_LSHP,Gallup World Poll (leadership) ,Approval ,Do you approve or disapprove of the job performance of the leadership of this country?,
Germany,GALLUPWORLD_LDR,Gallup World Poll (leader),Approval ,Do you approve or disapprove of the way the leader/head/President of this country is handling his/her job as leader/head/President?,
Germany,German Election Study,Reoccuring surveys in relation to federal elections (government satisfaction),Agreement,1976-1990: Are you more satisfied or more dissatisfied with what the present SPD/FDP government in Bonn has accomplished so far?,face-to-face
Germany,GLES Campaign Panel,"GLES Short-term panel accompanying the last months before the federal election (opinion on leading politicians; ""Skalometer"")",Opinion,"""Please indicate now what you think of some leading politicians."" (-5) nothing at all, (+5) very highly",online
Germany,GLES Cross-section ,"GLES Pre- and post-election cross-section study (opinion on leading politicians; ""Skalometer"")",Opinion,"""And what do you think of the political leaders? Please rate them by using the scale from -5 to +5 again. If I come to a political leader you haven't heard of or you feel you do not know enough about, just say so. What about [...]?; (+5) I think a great deal of the politician, (-5) I do not think much of the politician at all",face-to-face
Germany,GLES Long-term Panel 02-05-09,GLES Long-term panel in the year of the federal election (opinion on leading politicians),Opinion,"""Generally speaking, what do you think of [...]? Please use the following scale. ""+5"" means that you have a very positive view of this politician, whereas ""-5"" means that you have a very negative view of this politician. You might use the numbers in between to express your opinion more precisely.""",face-to-face
Germany,GLES Long-term Panel 05-09-13,GLES Long-term panel in the year of the federal election (opinion on leading politicians),Opinion,"""Generally speaking, what do you think of [...]? Please use the following scale. ""+5"" means that you have a very positive view of this politician, whereas ""-5"" means that you have a very negative view of this politician. You might use the numbers in between to express your opinion more precisely.""",face-to-face
Germany,GLES Long-term Panel 09-13-17,GLES Long-term panel in the year of the federal election (opinion on leading politicians),Opinion,"""Generally speaking, what do you think of [...]? Please use the following scale. ""+5"" means that you have a very positive view of this politician, whereas ""-5"" means that you have a very negative view of this politician. You might use the numbers in between to express your opinion more precisely.""",face-to-face
Germany,GLES Online-Tracking,"GLES Cross-section study several times a year (opinion on leading politicians; ""Skalometer"")",Opinion,"""And what do you think of the following people? Please describe on a scale of -5 to +5.""; -5: nothing at all, +5: very highly",online
Germany,GLES Rolling Cross-section,"GLES  Weekly rolling cross-section study pre-election (opinion on leading politicians; ""Skalometer"")",Opinion,"""And what do you think of the political leaders? Please rate them by using the scale from -5 to +5 again. If I come to a political leader you haven't heard of or you feel you do not know enough about, just say so. What about [...]?; (+5) I think a great deal of the politician, (-5) I do not think much of the politician at all",face-to-face
Germany,IfD-Allensbach,IfD-Allensbach Kanzlertrend (agreement with policies/politics of the Chancellor),Agreement,"Overall, do you agree with the policies of the Chancellor?",face-to-face
Germany,MorningConsult,Morning Consult,Approval,,
Germany,PolitbarEast+West,"Politbarometer, national sample (government  satisfaction)",Satisfaction,"How satisfied are you with the accomplishments of the government in Berlin, from fully satisfied to fully unsatisfied? -5: fully unsatisfied, 5: fully satisfied",telephone
Germany,Politbarometer East,"Politbarometer, East German sample (government satisfaction)",Satisfaction,"How satisfied are you with the accomplishments of the government in Berlin, from fully satisfied to fully unsatisfied? -5: fully unsatisfied, 5: fully satisfied",telephone
Germany,Politbarometer West,"Politbarometer, West German sample (government  satisfaction)",Satisfaction,"How satisfied are you with the accomplishments of the government in Bonn, from fully satisfied to fully unsatisfied? -5: fully unsatisfied, 5: fully satisfied","face-to-face until 1988, telephone thereafter"
Germany,Politics in the Federal Republic 1969,Politics in the Federal Republic (August 1969) (government approval),Approval,And what do you think about the grand coalition in Bonn? Five-point scale: Unambiguous approval to unambiguous disapproval,face-to-face
Germany,Post-election Study 1994,Post-Election Study on the Federal Parliament Election 1994 (government satisfaction),Satisfaction,"In general, how satisfied or dissatisfied are you with the performance of the federal government?",face-to-face
Germany,YouGovEuroTrack_Gov,YouGov Eurotrack/Handelsblatt Government Approval,Approval,"""Do you approve or disapprove of the government's record to date?"" ",
Ghana,Afrobarometer,Afrobarometer,PERformance,"Do you approve or disapprove of the way that the following people have performed their jobs over the past twelve months, or haven’t you heard enough about them to say?",
Ghana,GALLUPWORLD_LSHP,Gallup World Poll (leadership) ,Approval ,Do you approve or disapprove of the job performance of the leadership of this country?,
Ghana,GALLUPWORLD_LDR,Gallup World Poll (leader),Approval ,Do you approve or disapprove of the way the leader/head/President of this country is handling his/her job as leader/head/President?,
Ghana,GlobalInfoAnalytics,Global Info Analytics,Approval ,"Do you approve or disapprove the job the president is doing? Approve, Disapprove, No Opinion",
Greece,ALCO,Alco,Opinion,Opinion on Political Leaders. Γνώμη για πολιτικούς αρχηγούς.,telephone
Greece,CSES,Comparative Study of Electoral Systems,Performance,"Now thinking about the performance of the [government in [CAPITAL]/president] in general, how good or bad a job do you think the [government/president in [CAPITAL]] has done over the past [NUMBER OF YEARS SINCE LAST GOVERNMENT TOOK OFFICE, BEFORE THE CURRENT ELECTION] years? Has [it/he/she] done a very good job? A good job? A bad job? A very bad job?",
Greece,EES,European Election Study,,Let us now come back to [country]. Do you approve or disapprove the government's record to date?,
Greece,GALLUPWORLD_LSHP,Gallup World Poll (leadership) ,Approval ,Do you approve or disapprove of the job performance of the leadership of this country?,
Greece,GALLUPWORLD_LDR,Gallup World Poll (leader),Approval ,Do you approve or disapprove of the way the leader/head/President of this country is handling his/her job as leader/head/President?,
Greece,KAPAPMPERF,Kapa (Performance),Performance,Do you approve or disapprove of the performance of [NAME] as Prime Minister of the country? Εγκρίνετε ή αποδοκιμάζετε τη μέχρι σήμερα δράση του (όνομα) ως πρωθυμουργό της χώρας;,
Greece,KAPAPMPOP,Kapa (Opinion),Opinion,What is your opinion of each of the following political leaders? Τί γνώμη έχετε για κάθε έναν απο τους πολιτκούς αρχηγούς;,
Greece,METRON,Metron (Popularity),Popularity of Party leaders,Positive / Negative views on party leaders (including prime minister) Θετικές/ Αρνητικές γνώμες για πολιτκούς αρχηγούς,
Greece,METRONGOV,Metron (Government),Evaluation of government,What is you opinion on today's government? Positive or negative? Ποιά είναι η γνώμη σας για τη σημερινή Κυβέρνηση; Θετική ή αρνητική;,
Greece,METRONOPIN,Metron (Evaluation),Opinion,What is your opinion on the way Prime Minister [NAME] performs his duties?Ποια είναι η γνώμη σας για τον τρόπο με τον οποίο ασκεί τα καθήκοντα του ο Πρωθυπουργός (όνομα);,
Greece,MRB,MRB (Popularity),Popularity of Party leaders,Positive / Negative assessment: “Eικόνα Πολιτικών Αρχηγών - Θετικές (Positive) / Αρνητικές (Negative) Κρίσεις”,
Greece,PARAPOLITIKA,Parapolitika,,,
Greece,PRORATA,PRORATA (Popularity),Popularity of Party leaders,"Party leaders view (including PM) - Positive / Negative - What do you think of each of the following political leaders? ""Τι γνώμη έχετε για κάθε έναν από τους παρακάτω πολιτικούς αρχηγούς - OR - Συμπάθεια / Αντιπάθεια προς τους πολιτικούς αρχηγούς""",
Greece,PRORATAGOV,PRORATA (Government),Evaluation of government,"Satisfaction with government/ruling party - Positive / Negative “Πόσο ικανοποιημένος/η είστε από το κυβερνητικό έργο της [ ]” ; - ""How satisfied are you with [RULING PARTY NAME] government work?""",
Greece,PUBLICISSUE,Public Issue Political Barometer,Popularity of Party leaders,,
Greece,RASS,RASS,Popularity of Party leaders,Popularity of political leaders (positive/negative view). Δημοτικότητα πολιτικών αρχηγών (θετική/αρνητική γνωμη).,
Greece,SKAIGOV,Macedonia University Research Institute - Research Unit Public Opinion and Market (Government),Evaluation of Government,"Satisfaction with government performance ""Γενικά μιλώντας, είστε ικανοποιημένος από τις επιδόσεις της κυβέρνησης μέχρι τώρα""",
Greece,SKAIPOP,Macedonia University Research Institute - Research Unit Public Opinion and Market (Popularity),Popularity of Party leaders,Popularity of political leaders (positive/negative). Δημοτικότητα πολιτικών αρχηγών (θετικές/αρνητικές).,
Guatemala,BORGEYASOCAGR,Borge y Asociados (Opinión),Opinión,Agrada/buena v. no agrada/mala opinion v. no aplica,
Guatemala,BORGEYASOCGES,Borge y Asociados (Gestión),Gestión,"¿Cómo califica la gestión de [NOMBRE] como presidente de Guatemala? muy buena/buena, regular, mal/muy mala",
Guatemala,CIDGALLUP,CID-Gallup (Desempeño),Desempeño,"¿Diría que ha desempeñado sus labores muy bien, algo bien, ni bien ni mal, algo mal o muy mal?",
Guatemala,CIDGALLUPAPP,CID-Gallup (Gestión),Gestión,¿Usted aprueba o desaprueba la gestión del Presidente?,
Guatemala,CIDGALLUPFAV,CID-Gallup (Opinión),Opinión,¿Tiene usted una opinión favorable o desfavorable del presidente [NOMBRE]?,
Guatemala,CIMAAPP,Barómetro Iberoamericano de Gobernabilidad (Gestión),Gestión,¿Usted aprueba o desaprueba la gestión del Presidente?,
Guatemala,CIMADESEMP,Barómetro Iberoamericano de Gobernabilidad (Desempeño),Desempeño,"Usted diría que la forma como viene desempeñando su trabajo el Presidente es muy buena, buena, ni buena ni mala, mala o muy mala?",
Guatemala,FDL,FDL Consultores (Gestión),Gestión,"Como califica la gestión del President Alejandro Giammattei en su primer mes de gobierno? Muy buena, buena, regular, mala, muy mala",
Guatemala,GALLUPWORLD_LSHP ,Gallup World Poll (leadership),Approval ,Do you approve or disapprove of the job performance of the leadership of this country?,
Guatemala,GALLUPWORLD_LDR,Gallup World Poll (leader),Approval ,Do you approve or disapprove of the way the leader/head/President of this country is handling his/her job as leader/head/President?,
Guatemala,LAPOP,AmericasBarometer (Trabajo),Trabajo,"Hablando en general acerca del gobierno actual, ¿diría usted que el trabajo que está realizando el Presidente [NAME OF CURRENT PRESIDENT] es muy bueno, bueno, ni bueno ni malo, malo, o muy malo?",
Guatemala,LAPOPFAV,AmericasBarometer (Opinión),Opinión,,
Guatemala,LB,Latinobarometer (Gestión),Gestión,¿Usted aprueba o no aprueba la gestión del gobierno que encabeza el presidente [nombre]?,
Guatemala,MITOFSKY,Mitofsky,,,
Guatemala,M&R,M&R Consultores-Panóptico de Opinión Pública (Imagen),Imagen,Agrada v. Desagrada,
Guatemala,PRODATOS,Prodatos - Encuesta Libre (Gestión),Gestión,"En general, ¿cómo evalúa la gestión del presidente [NOMBRE] en el gobierno?",
Guatemala,PRODATOSPRESINDEX,Prodatos - Encuesta Libre (Índice),Índice,,
Guatemala,VOXLATINAAPP,Vox Latina (Gestión),Gestión,¿Usted aprueba o desaprueba la gestión del Presidente?,
Guatemala,TRESEARCH,TResearch,,,
Guinea,Afrobarometer,Afrobarometer,PERformance,"Do you approve or disapprove of the way that the following people have performed their jobs over the past twelve months, or haven’t you heard enough about them to say?",
Guinea,GALLUPWORLD_LSHP ,Gallup World Poll (leadership),Approval ,Do you approve or disapprove of the job performance of the leadership of this country?,
Guinea,GALLUPWORLD_LDR,Gallup World Poll (leader),Approval ,Do you approve or disapprove of the way the leader/head/President of this country is handling his/her job as leader/head/President?,
Guyana_Pres,BisramNACTA,Vishnu Bisram/NACTA,Approval ,,
Guyana_Pres,CADRES,CADRES/Caribbean Development Research Services Inc.,Approval ,,
Guyana_PM,BisramNACTA,Vishnu Bisram/NACTA,Approval ,,
Guyana_Gov,BisramNACTA,Vishnu Bisram/NACTA,Approval ,,
Haiti,LAPOP,AmericasBarometer (Travay),Trabajo,"Speaking in general of the current administration, how would you rate the job performance of
President [NAME]? Very good, good, neither good nor bad, bad, very bad. Ann pale de gouvènman ki sou pouvwa a, eske w ta di travay [PRESIDENT NAME] ap fè a...",
Haiti_GOV,GALLUPWORLD_LSHP ,Gallup World Poll (leadership),Approval ,Do you approve or disapprove of the job performance of the leadership of this country?,
Haiti_GOV,GALLUPWORLD_LDR,Gallup World Poll (leader),Approval ,Do you approve or disapprove of the way the leader/head/President of this country is handling his/her job as leader/head/President?,
Honduras,BORGEYASOCIADOS2,Borge y Asociados (Trabajo),Trabajo,"En su opinión ¿Cómo está trabajando el gobierno de [NAME]? Muy bien, bien, mal, muy mal",
Honduras,BORGEYASOCIADOS3,Borge y Asociados (Trabajo),Trabajo,"En su opinión ¿Cómo está trabajando el gobierno de [NAME]? Muy bien, bien, regular, mal, muy mal",
Honduras,BORGEYASOCIADOSFAV,Borge y Asociados (Opinión),Opinión,"P. Le voy a mencionar los nombres de algunas personas para que usted me diga ¿si sabe quién es? y ¿qué opinión tiene de ellas? Muy favorable, Algo favorable, Algo desfavorable, Muy desfavorable",
Honduras,BORGEYASOCIADOSGestión,Borge y Asociados (Gestión),Gestión,¿Cómo calificarías la gestión de (...) como Presidente de Honduras?,
Honduras,CESPAD,Centro de Estudio para la Democracia (Gestión),Gestión,Evaluación de la gestión del Presidente Juan Orlando Hernández: aprueba o desaprueba,
Honduras,CIDGALLUP,CID-Gallup (Desempeño),Desempeño,"¿Diría que ha desempeñado sus labores muy bien, algo bien, ni bien ni mal, algo mal o muy mal?",
Honduras,CIDGALLUPAPP,CID-Gallup (Gestión),Gestión,¿Usted aprueba o desaprueba la gestión del Presidente?,
Honduras,CIDGALLUPFAV,CID-Gallup (Opinión),Opinión,¿Tiene usted una opinión favorable o desfavorable del presidente [NOMBRE]?,
Honduras,CIMAAPP,Barómetro Iberoamericano de Gobernabilidad (Gestión),Gestión,¿Usted aprueba o desaprueba la gestión del Presidente?,
Honduras,CIMADESEMP,Barómetro Iberoamericano de Gobernabilidad (Desempeño),Desempeño,"Usted diría que la forma como viene desempeñando su trabajo el Presidente es muy buena, buena, ni buena ni mala, mala o muy mala?",
Honduras,ERIC,"Equipo de Reflexión, Investigación y Comunicación (ERIC) de la Compañía de Jesús",Gestión,"En general, ¿cómo evalúa la gestión de Juan Orlando en el último año: muy buena, buena, mala o muy mala?",
Honduras,INFO50DESEMP,INFO 50 (Desempeño),Desempeño,"¿COMO EVALÚA USTED HASTA AHORA EL DESEMPEÑO DEL PRESIDENTE JUAN ORLANDO HERNÁNDEZ? Muy bueno, algo bueno, algo malo, muy malo",
Honduras,INFO50FAV,INFO 50 (Opinión),Opinión,"Pensando en las siguientes personalidades, cual es us opinión sobre ellos?  Muy favorable, Algo favorable, Algo desfavorable, Muy desfavorable",
Honduras,INFO50GOB,INFO 50 (Gobierno),Gobernar,"¿USTED CREE QUE JUAN ORLANDO HERNÁNDEZ ESTÁ HACIENDO UN BUEN GOBIERNO? Si hace un buen gobierno o No, no hace un buen gobierno",
Honduras,LAPOP,AmericasBarometer (Trabajo),Trabajo,"Hablando en general acerca del gobierno actual, ¿diría usted que el trabajo que está realizando el Presidente [NAME OF CURRENT PRESIDENT] es muy bueno, bueno, ni bueno ni malo, malo, o muy malo?",
Honduras,LB,Latinobarometer (Gestión),Gestión,¿Usted aprueba o no aprueba la gestión del gobierno que encabeza el presidente [nombre]?,
Honduras,M&R,M&R Consultores-Panóptico de Opinión Pública (Imagen),Imagen,Agrada v. Desagrada,
Honduras,PARADIGMA,Paradigma (Opinión),Opinión,Que opinion tiene de las siguientes personalidades del pais?,
Honduras,PARADIGMAGES,Paradigma (Gestión),Gestión,Aprueba o desaprueba usted la Gestión del Presidente [NAME]?,
Honduras ,GALLUPWORLD_LSHP,Gallup World Poll (leadership) ,Approval ,Do you approve or disapprove of the job performance of the leadership of this country?,
Honduras ,GALLUPWORLD_LDR,Gallup World Poll (leader),Approval ,Do you approve or disapprove of the way the leader/head/President of this country is handling his/her job as leader/head/President?,
Honduras ,TRESEARCH,TResearch,,,
Hong Kong,ASIANBAROMETER,Asian Barometer,Satisfaction,"How satisfied or dissatisfied are you with [name of president etc ruling current] government? Very sat, somewhat sat, somewhat dissat, very dissat",
Hong Kong,CSES,Comparative Study of Electoral Systems,Performance,"Now thinking about the performance of the [government in [CAPITAL]/president] in general, how good or bad a job do you think the [government/president in [CAPITAL]] has done over the past [NUMBER OF YEARS SINCE LAST GOVERNMENT TOOK OFFICE, BEFORE THE CURRENT ELECTION] years? Has [it/he/she] done a very good job? A good job? A bad job? A very bad job?",
Hong Kong,CUHK,Chinese University of Hong Kong,Rating,"Please use a scale of 0-100 to rate your extent of support to the Chief Executive [name], with 0 indicating absolutely not supportive, 100 indicating absolutely supportive and 50 indicating half-half. How would you rate the Chief Executive?",
Hong Kong,GALLUPWORLD_LSHP,Gallup World Poll (leadership) ,Approval ,Do you approve or disapprove of the job performance of the leadership of this country?,
Hong Kong,GALLUPWORLD_LDR,Gallup World Poll (leader),Approval ,Do you approve or disapprove of the way the leader/head/President of this country is handling his/her job as leader/head/President?,
Hong Kong,HKU_GOV,Hong Kong University Public Opinion Programme,Trust,"On the whole, do you trust the HKSAR/Hong Kong Government?",
Hong Kong,PODRI,Path of Democracy Research Institute; formerly known as Path of Democracy,Satisfaction,What is your level of satisfaction with the current HKSAR government?,
Hong Kong,PORI,Public Opinion Research Institute; formerly Known as Hong Kong Public Opinion Program (HKPOP),Rating,"Please use a scale of 0-100 to rate your extent of support to the Chief Executive [name], with 0 indicating absolutely not supportive, 100 indicating absolutely supportive and 50 indicating half-half. How would you rate the Chief Executive?",
Hong Kong,PORI_GOV,Public Opinion Research Institute(PORI); formerly Known as Hong Kong Public Opinion Program (HKPOP),Rating,"Generally speaking, are your feelings about the Hong Kong Government positive or negative? (Per Poll)",
Hungary,ATLAS_APP,Atlas Intel (Approval),Approval ,Do you approve or disapprove of Viktor Orbán's performance as Prime Minister?,
Hungary,ATLAS_PERF,Atlas Intel (Performance),Performance,How do you evaluate Viktor Orbán's performance as Prime Minister?,
Hungary,CSES,Comparative Study of Electoral Systems,Performance,"Now thinking about the performance of the [government in [CAPITAL]/president] in general, how good or bad a job do you think the [government/president in [CAPITAL]] has done over the past [NUMBER OF YEARS SINCE LAST GOVERNMENT TOOK OFFICE, BEFORE THE CURRENT ELECTION] years? Has [it/he/she] done a very good job? A good job? A bad job? A very bad job?",
Hungary,GALLUP,Gallup Hungary,,Hungarian & English,
Hungary,IDEA_GOV,IDEA Institute/Intézet (Govt. Satisfaction),Performance,"Elégedettség a kormány teljesítményével: Kifejezetien elégedett vagyok /I am extremely satisfied, Inkabb vagyok elégedett/I am more than satisfied, Elégedett is vagyok, meg nem is/I am satisfied, but not satisfied, Inkabb nem vagyok elégedett/I am not satisfied anymore; Egyaltalan nem vagyok elégedett/I am not satisfied at all; nem todum/I don't know",Online
Hungary,IDEA_PM,IDEA Institute/Intézet (PM Popularity),Sympathy,"Kerjuk, egy-tol 5-ig terjedo skalan, hogy az alabbi politikusok mennyire szimpatikusok az On szamara! - a valaszok alapjan szamitott index Egyáltalán nem szimpatikus 0 - 100 rendkívül szimpatikus / Not at all sympathetic 0 - 100 extremely sympathetic",Online
Hungary,IPSOS,IPSOS,,,
Hungary,IRANYTU,Iránytű Institute,Sympathy,How sympathetic you find [the given politician]? ,C.A.T.I. (Computer Assisted Telephone Interview)
Hungary,MEDIANPMAPP,Median Opinion and Market Research Institute,Future-oriented / prospective approval,"In the upcoming years, would you like to see [the given politician] in an important political role? ",P.A.P.I. (Paper and Pencil Interview) / C.A.P.I (Computer Assisted Personal Interview)
Hungary,MEDIANPMAPP2,Median Opinion and Market Research Institute Popularity,,Popularity,
Hungary,NEZOPONTPMSAT,Nézőpont Institute PM Satisfaction,Satisfaction,Are you rather satisfied or rather not [satisfied] with the Prime Ministerial work of Viktor Orbán? ,C.A.T.I. (Computer Assisted Telephone Interview)
Hungary,NEZOPONTPMSUPP,Nézőpont Institute PM Support,Support,,
Hungary,NEZOPONTAPPSCHOOLGRADE,Nézőpont Institute (grading),Approval,"Please, rate the performance of Viktor Orbán according to school grades from 1 to 5!",C.A.T.I. (Computer Assisted Telephone Interview)
Hungary,PEWRESEARCH,Pew Research Center,,,
Hungary,PUBLICUS,Publicus Research,Future-oriented / prospective approval,To what extent would you like to see [him/her] in an important political role? ,C.A.T.I. (Computer Assisted Telephone Interview)
Hungary,REPUBLIKON,Republikon Institute ,Future-oriented / prospective approval,Would you like to see [the given politician] in a national-level political decision-making office? ,C.A.P.I. (Computer Assisted Personal Interview)
Hungary,SUNSZAZADVEG,Századvég Foundation (Sunday question),Sunday question,"Among those [politicians listed] below, who would you like to see the most as Prime Minister? ",C.A.T.I. (Computer Assisted Telephone Interview)
Hungary,Szazadveg&Forsense,Századvég Foundation & Forsense Institute,Approval,Please tell [us] if you have rather a favorable or rather an unfavorable opinion about the following politicians! ,C.A.T.I. (Computer Assisted Telephone Interview)
Hungary ,GALLUPWORLD_LSHP,Gallup World Poll (leadership) ,Approval ,Do you approve or disapprove of the job performance of the leadership of this country?,
Hungary ,GALLUPWORLD_LDR,Gallup World Poll (leader),Approval ,Do you approve or disapprove of the way the leader/head/President of this country is handling his/her job as leader/head/President?,
Iceland ,CAPACENTGALLUP-GOV,,,"""Do you support the government?""",
Iceland ,Gallup,Gallup Gov Support ,Support,"""Do you support the government?""",
Iceland ,GALLUPWORLD_LSHP,Gallup World Poll (leadership) ,Approval ,Do you approve or disapprove of the job performance of the leadership of this country?,
Iceland ,GALLUPWORLD_LDR,Gallup World Poll (leader),Approval ,Do you approve or disapprove of the way the leader/head/President of this country is handling his/her job as leader/head/President?,
Iceland ,ICENES-CSES,Icelandic National Election Study Govt Performance & Comparative Study of Electoral Systems (merged 2004),,"Now thinking about the performance of the government [of NAME PARTY/PARTIES IN COALITION] in general, how good or bad a job do you think the [government/prime minister] has done over the past [NUMBER OF YEARS SINCE LAST GOVERNMENT TOOK OFFICE, BEFORE THE CURRENT ELECTION] years? Has [it/he/she] done a very good job? A good job? A bad job? A very bad job?",
Iceland ,MMR,MMR Gov Support ,Support,Do you support the government?,
Iceland ,MASKINA,Maskina,Satisfaction,"Hversuánægð(ur/t)eðaóánægð(ur/t)ertualmenntmeðstörfríkisstjórnarinnar? Mjögánægð+Fremuránægð, Ímeðallagi, Fremuróánægð+Mjögóánægð? How satisfied or unsatisfied are you with the work of the government? Very satsified+Satisfied, average, dissatisfied+very dissatisfied",
India,ITG-CVoter PM,India Today Group CVoter Prime Minister Performance,Performance,How do you rate the performance of Manmohan singh as Prime Minister?,
India,ITG-CVoter GOV,India Today Group CVoter Government Performance,Performance,How do you rate the performance of UPA government?,
India,Firstpost-IPSOS,Firstpost -IPSOS National  Trust Survey,Performace,How do you rate the performance of  Current Prime Minister?,
India,GALLUPWORLD_LSHP,Gallup World Poll (leadership) ,Approval ,Do you approve or disapprove of the job performance of the leadership of this country?,
India,GALLUPWORLD_LDR,Gallup World Poll (leader),Approval ,Do you approve or disapprove of the way the leader/head/President of this country is handling his/her job as leader/head/President?,
India,ITG-KI MOTN PM,India Today Group Karvy Insights Mood of the Nation PM,Performace,How do you rate the performance of Narendra Modi as a Prime Minister ?,
India,ITG-KI MOTN GOV,India Today Group Karvy Insight Mood of the Nation GOV,Performace,How satisfied are you with the overall performance of the NDA government ?,
India,LOKNITI CSDS GOV,Lokniti Centre for the Study of Developing Societies Govenment Satisfaction,Satisfaction,Are You satisfied or dissatisfied with the performance of the Central government ?,
India,LOKNITI CSDS PM ,Lokniti Centre for the Study of Developing Societies PM Satisfaction,Satisfaction,Are you satisfied or dissatisfied with PM's performance as a Prime Minister?,
India,LOKNITI CSDS PM PER,Lokniti Centre for the Study of Developing Societies PM Performance,Performace,"In general how will do you think Mrs. Gandhi has done her job as Prime Minister? Would you say she has done a good job, a fair job or a poor job as Prime Minister",
India,LOKNITI CSDS PM LIKE,Lokniti Centre for the Study of Developing Societies PM Likeability,Likeable,Some people like Narendra Modi as a leader and some don’t like do you like Modi or you don’t likehim?,
India,LOKNITI SOTN GOV,Lokniti State of the  Nation Survey Government Satisfaction,Satisfaction,What is your opinion about the present central government ? Are you Satisfied or Dissatisfied ?,
India,LOKNITI SOTN PM,Lokniti State of the Nation Survey PM Satisfaction,Satisfaction,What is your opinion about the performance of the Prime Minister ? Are you Satisfied or dissatisfied ?,
India,LOKNITI-MOTN,Lokniti Mood of the Nation Govt Performance,Satisfaction,Are you satisfied or dissatisfied with the performance of the BJP-led NDA government at the Centre in Delhi over the last three/three and half years?,
India,MorningConsult,Morning Consult,Approval ,,
India,PRC-PMSupport,Pew Research Centre - Prime Minister Support,Favorable,How much you support Prime Minister Narendra Modi ?,
India,IPSOS,IPSOS IndiaBus Survey,Approval ,Exact wording not available,
Indonesia,ASIANBAROMETER,Asian Barometer,Satisfaction,"How satisfied or dissatisfied are you with [name of president etc ruling current] government? Very sat, somewhat sat, somewhat dissat, very dissat",
Indonesia,GALLUPWORLD_LSHP,Gallup World Poll (leadership) ,Approval ,Do you approve or disapprove of the job performance of the leadership of this country?,
Indonesia,GALLUPWORLD_LDR,Gallup World Poll (leader),Approval ,Do you approve or disapprove of the way the leader/head/President of this country is handling his/her job as leader/head/President?,
Indonesia,IKPI,Indonesian Political Indicators Survey Instititue (IKPI),Satisfaction,"In general, are you very satisfied, somewhat satisfied, somewhat dissatisfied, or not at all satisfied with President Prabowo Subianto's work?",
Indonesia,KOMPASS_APP,Kompas - Presidential Approval,Approval ,,
Indonesia,KOMPASS_IMG,Kompass - President Image,Image,,
Indonesia,LSI,Lingkaran Survei Indonesia,Satisfaction,"In general, so far, are you very satisfied, quite satisfied, not satisfied, or not at all satisfied with the work of? [President's Name] / Secara umum, apakah sejauh ini Ibu/Bapak sangat puas, cukup puas, kurang puas, atau tidak puas sama sekali dengan kerja Presiden Joko Widodo (Jokowi)?",
Indonesia,PUSDEHAM,Pusat Studi Demokrasi dan Hak Asasi Manusia,Satisfaction,,
Indonesia,SMRC,,,,
Iran ,CISSM,Center for International and Security Studies at Maryland and IranPoll: Favorability ,Favorability ,Indicate to what degree you have a favaorable or unfavorable view of (name) ,
Iran ,GALLUPINTL,Gallup International Global Leaders Survey,Favorability ,"“Please indicate whether you have a very favourable, somewhat favourable, somewhat unfavourable or very unfavourable opinion of each of the following world leaders?”",
Iran ,GALLUPWORLD_LSHP,Gallup World Poll (leadership) ,Approval ,Do you approve or disapprove of the job performance of the leadership of this country?,
Iran ,GALLUPWORLD_LDR,Gallup World Poll (leader),Approval ,Do you approve or disapprove of the way the leader/head/President of this country is handling his/her job as leader/head/President?,
Iraq_Gov,ARABBAROMETER10,Arab barometer wave 1/2 (some of 3) *based on a ten pt scale*,satisfaction,"Using a similar 10-point scale, where 1 means very unsatisfied and 10 means very satisfied, indicate how satisfied you are with the performance of the current [respondent’s country] government",
Iraq_Gov,ARABBAROMETER11,"Arab barometer waves 3-5, using an 11 pt scale",satisfaction,"Suppose that there was a scale from 0-10 to measure the extent of your satisfaction with the government, in which 1 means that you were absolutely unsatisfied with its performance and 10 means that you were completely satisfied.",
Iraq_Gov,ARABBAROMETERTRUST,"Arab Barometer Wave 6, using a question that has four choices",Trust,"I’m going to name a number of institutions. For each one, please tell me how much trust you have in them. Government (Council of Ministers). Choices: A great deal of trust, Quite a lot of trust, Not a lot of trust, No trust at all",
Iraq_Gov,GALLUPWORLD_LSHP,Gallup World Poll (leadership) ,Approval ,Do you approve or disapprove of the job performance of the leadership of this country?,
Iraq_Gov,GALLUPWORLD_LDR,Gallup World Poll (leader),Approval ,Do you approve or disapprove of the way the leader/head/President of this country is handling his/her job as leader/head/President?,
Iraq_Gov,IRI_GOV,International Republican Institute - Govt Effective,Performance,"To what degree has the government of Iraq been effective or ineffective to date? (Very Effective, Somewhat Effective, Somewhat Ineffective, Very Ineffective)",
Iraq_Gov,NDI_GOV,National Democratic Insitutue ,Performance,"Please tell me how effecting you think the the Iraqi government is at its job? (Very effective, somewhat effective, just a little effective, not effective at all)",
Iraq_Gov,NDI_GOV_Trust,National Democratic Insitutue ,Trust,"Do you trust the Iraqi government? (A lot, somewhat, just a little, not at all)",
Iraq_Gov,IIACSS_Fav,IIACSS Research Group - Government Favorability,Favorability ,,
Iraq_Gov,IIACSS_Trust,IIACSS Research Group - Government Favorability,Favorability ,,
Iraq_PM,IRI_PM,International Republican Institute - PM Effective,Performance,"To what degree has the Prime Minister been effective or ineffective to date? (Very Effective, Somewhat Effective, Somewhat Ineffective, Very Ineffective)",
Iraq_PM,NDI_PM,National Democratic Insitutue - PM Approval,Approval ,Do you approve or disapprove of the job performance of the prime minister of this country?,
Iraq_PM,NDI_PM_FAV,National Democratic Insitutue - PM Favorability,Favorability ,,
Iraq_PM,IIACSS_PM,IIACSS Research Group - PM Favorability,Favorability ,,
Ireland,CSES,Comparative Survey of Electoral Systems,Performance,"Now thinking about the performance of the [government in [CAPITAL]/president] in general, how good or bad a job do you think the [government/president in [CAPITAL]] has done over the past [NUMBER OF YEARS SINCE LAST GOVERNMENT TOOK OFFICE, BEFORE THE CURRENT ELECTION] years? Has [it/he/she] done a very good job? A good job? A bad job? A very bad job?",
Ireland,IPSOS,IPSOS Government satisfaction,satisfaction,Would you say you are satisfied or dissatisfied with the manner in which the Government is running the country?”,
Ireland,Behaviour&Attitudes,Sunday/Irish Times/IPSOS Behaviour & Attitudes (B&A),Satisfaction,Would you say you are satisfied or dissatisfied with the way (…..) is doing his job as Taoiseach?,
Ireland,GALLUPWORLD_LSHP,Gallup World Poll (leadership) ,Approval ,Do you approve or disapprove of the job performance of the leadership of this country?,
Ireland,GALLUPWORLD_LDR,Gallup World Poll (leader),Approval ,Do you approve or disapprove of the way the leader/head/President of this country is handling his/her job as leader/head/President?,
Ireland,IMS,IMS,,,
Ireland,Lansdowne,Lansdowne,,,
Ireland,MillwardBrown,Millward Brown,,,
Ireland,MorningConsult,Morning Consult Global Approval Tracker,Approval,,
Ireland,MRBI,MRBI,,,
Ireland,IrelandThinks,Sunday Independent/Ireland Thinks,Approval ,,
Israel,CamilFuchs,Camil Fuchs,Performance,,
Israel,CORONA,Corona Special Survey - Israel Democracy Institute,Trust,,
Israel,CSES,Comparative Study of Electoral Systems,Performance,"Now thinking about the performance of the [government in [CAPITAL]/president] in general, how good or bad a job do you think the [government/president in [CAPITAL]] has done over the past [NUMBER OF YEARS SINCE LAST GOVERNMENT TOOK OFFICE, BEFORE THE CURRENT ELECTION] years? Has [it/he/she] done a very good job? A good job? A bad job? A very bad job?",
Israel,DAHAF,Dahaf,,,
Israel,GALLUPWORLD_LSHP,Gallup World Poll (leadership) ,Approval ,Do you approve or disapprove of the job performance of the leadership of this country?,
Israel,GALLUPWORLD_LDR,Gallup World Poll (leader),Approval ,Do you approve or disapprove of the way the leader/head/President of this country is handling his/her job as leader/head/President?,
Israel,HAARETZ-FUCHS,Dialogue/Haaretz Survey by Camil Fuchs,Satisfaction,Are you satisfied with how (the incumbent) is handling his job as prime minister? האם אתה מרוצה מתפקודו של ... כראש ממשלה,
Israel,KANTAR,Kantar,,,
Israel,LAZAR,Lazar,Approval ,,
Israel,MAAGARMOCHOT,Maagar Mochot,,,
Israel,Midgam,Midgam Manu Geva,Performance,Permance of PM Good v. Bad,
Israel,Reshet 13,Channel News 12,Approval ,,
Israel,Panels Research,Panels Research,Satisfaction,Satisfaction with the performance of PM,
Israel,PECHTER,Pechter Middle East Polls,Performance,Are you satisfied or dissatisfied with Prime Minister Netanyahu's performance?,
Israel,PEWRESEARCH,Pew Research,Opinion,"Please tell me if you have a very favorable, somewhat favorable, somewhat unfavorable or very unfavorable opinion of Prime Minister Benjamin Netanyahu",
Israel,SHILUVMB,Shiluv Millward Brown,,,
Italy,ABACUS,Abacus S.p.A. - Il livello di fiducia nel Governo italiano (Level of trust in the Italian Executive),Fiducia/Trust,"Parliamo del Governo Italiano. Qual è, oggi, il suo livello di fiducia nel Governo? Mi risponda con un voto da 1 (per nulla fiducia) a 10 (moltissima fiducia) [Let's talk about the Italian Executive. How much trust do you have, today, in the Executive? Answer with a score from 1 (no trust at all) to 10 (a lot of trust).]",C.A.T.I. (Computer Assisted Telephone Interview)
Italy,AFNIGFID,Arnaldo Ferrari Nasi - La fiducia nel Governo Prodi (Trust in the Prodi Executive),Fiducia/Trust,"Lei, nei confronti di questo Governo, sente di avere in generale… Molta fiducia / Abbastanza fiducia / Poca fiducia / Nessuna o quasi nessuna fiducia / Non so. [In this executive, do you have... A lot of trust / Some trust / Little trust / Very little trust or no trust at all / I don't know]",C.A.T.I. (Computer Assisted Telephone Interview)
Italy,AXIS,Axis Market Research & Technology S.r.l. - Prime settimane di Governo (First weeks of the Executive),Opinion,"Come è noto, da alcune settimane si è insediato il nuovo Governo guidato da Silvio Berlusconi. Lei personalmente che giudizio dà dell'operato del governo in queste prime settimane? [As you may know, the Executive led by Silvio Berlusconi has been in power for a few weeks. In your opinion, how would you judge the action of the executive in these first few weeks?]",C.A.T.I. (Computer Assisted Telephone Interview)
Italy,Consortium,Consortium,,,
Italy,CRESPIPM,Crespi Ricerche (Primo Ministro) - Osservatorio Politico,Fiducia/Trust,Parliamo ora del Governo. Lei ha fiducia nel Presidente del Consiglio Silvio Berlusconi? [Let's talk about the Executive. Do you trust the Prime Minister Silvio Berlusconi?],C.A.T.I. (Computer Assisted Telephone Interview)
Italy,CSES,Comparative Survey of Electoral Systems - Italy ,Gov. Job,"Now thinking about the performance of the government in [capital]/president in general, how good or bad a job do you think the government/president in [capital] has done over the past [number of years between the previous and the present election OR change in govt.] years. Has it/he/she done a very good job? A good job? A bad job? A very bad job?",
Italy,DATAMEDIAGOV,DATAMEDIA - Trust in the Executive,Fiducia/Trust ,Exact wording not available,C.A.T.I. (Computer Assisted Telephone Interview)
Italy,DATAMEDIAPRES,DATAMEDIA - Trust in the Prime Minister,Fiducia/Trust ,Exact wording not available,C.A.T.I. (Computer Assisted Telephone Interview)
Italy,DATAMONITORPRES,Datamonitor - Trust in the Prime Minister,Fiducia/Trust ,Exact wording not available,
Italy,DEMOPOLISOP,Demopolis - Opinion of Government,Opinion,Qual è il suo giudizio sul Governo ___(insert PM name)?,
Italy,DEMOPOLISPRES,Demopolis - Trust in the Prime Minister,Fiducia/Trust ,Quanta fiducia ha in (Silvio Berlusconi)? [How much do you trust (Silvio Berlusconi)?],
Italy,DEMOS&PIGOV,Demos&Pi - Atlante Politico Gov,Opinion,"Su una scala da 1 a 10 che voto darebbe, in questo momento al governo [de LAST NAME]? [On a scale from 1 to 10, which score would you give to the Executive today?]",C.A.T.I. (Computer Assisted Telephone Interview)
Italy,DEMOS&PIGOVTR,Demos&Pi - Italian citizens and the State,Fiducia/Trust ,Quanta fiducia prova nei confronti... del governo? [How much trust do you have... in the executive?],C.A.T.I. (Computer Assisted Telephone Interview)
Italy,DEMOS&PIPRES,Demos&Pi - Atlante Politico Pres,Opinion/Action,"Le chiediamo ora di dare il suo giudizio su alcuni personaggi politici in base al loro comportamento nell’ultimo periodo. Che voto darebbe, su una scala da 1 a 10, a (Silvio Berlusconi)? [We now ask you to give your opinion about some political leaders based on their behavior in recent time. On a scale from 1 to 10, which score would you give to (Silvio Berlusconi)?]",C.A.T.I. (Computer Assisted Telephone Interview)
Italy,DEMOS&PIPRESTR,Demos&Pi - Italian citizens and the State,Fiducia/Trust ,Exact wording not available,C.A.T.I. (Computer Assisted Telephone Interview)
Italy,DINAMICHEPRES,DINAMICHEPRES,,,
Italy,EKMAPRES,Ekma Ricerche Srl - Trust in the Prime Minister,Fiducia/Trust,Lei quanta fiducia ripone nel Presidente del Consiglio (Silvio Berlusconi)? [How much trust do you have in Prime Minister Silvio Berlusconi?],C.A.T.I. (Computer Assisted Telephone Interview)
Italy,EMG,EMG - Trust in the Prime Minister,Fiducia/Trust,"Le elencherò ora i nomi di alcuni politici, per ciascuno di essi dovrebbe dirmi quanta fiducia ha in lui/lei? [PM NAME]",
Italy,EMGGOV,EMG - Trust in Government,Fiducia/Trust,Quanta fiducia ha nel governo [PM NAME]?,
Italy,EURISKOPRESPOP,Eurisko - Opinion,Opinion/Action,"Le chiediamo ora di dare il suo giudizio su alcuni personaggi politici in base al loro comportamento nell’ultimo periodo. Che voto darebbe, su una scala da 1 a 10, a (Silvio Berlusconi)? [We now ask you to give your opinion about some political leaders based on their behavior in recent time. On a scale from 1 to 10, which score would you give to (Silvio Berlusconi)?]",C.A.T.I. (Computer Assisted Telephone Interview)
Italy,EUROMEDIAGOV,Osservatorio Politico Euromedia Research - Trust in Government,Fiducia/Trust,"Quanta fiducia Le ispirano (intesa come competenza, credibilità, capacità di ricoprire un ruolo…) il Governo?",
Italy,EUROMEDIAGOVSAT,Osservatorio Politico Euromedia Research Satisfaction,Opinion/Action,"In merito al Governo Conte che si è appena insediato, Lei come si sente?",
Italy,EUROMEDIAPM,Euromedia Research (Ghial Media Srl) - Trust in the Prime Minister,Fiducia/Trust,Quanta fiducia Le ispirano (il presidente del consiglio)? [How much trust do you have in (the Prime Minister)?],C.A.T.I. (Computer Assisted Telephone Interview)
Italy,EUROMEDIAPRES,Osservatorio Politico Euromedia Research - Trust in President,Fiducia/Trust,"Quanta fiducia Le ispira IL PRESIDENTE DELLA REPUBBLICA _____ (intesa competenza, credibilità, capacità di ricoprire un ruolo…)?",
Italy,European Election Studies,,,,
Italy,FULLPRES,Fullresearch - Osservatorio Politico,Fiducia/Trust,Parliamo del Governo. Lei ha fiducia nel Presidente del Consiglio (Silvio Berlusconi)? [Let's talk about the Government. Do you trust the Prime Minister (Silvio Berlusconi)?] ,C.A.T.I. (Computer Assisted Telephone Interview)
Italy,GELESPRSOPRES,Gruppo Editoriale L'Espresso Spa - Trust in the Ministers,Fiducia/Trust,Quanta fiducia ha nel Presidente del Consiglio (Giuliano Amato)? [How much trust do you have in Prime Minister (Giuliano Amato)?],
Italy,HUFFPO,Huffington Post.it e Scenari Politici.com - Trust in Prime Minister,Fiducia/Trust,Quanta fiducia ha in Matteo Renzi?,
Italy,HUFFPOGOV,Huffington Post.it e Scenari Politici.com - Rate Government,Opinion,Quale giudizio darebbe al governo Gentiloni?,
Italy,IPR,IPR Marketing - Trust in the Executive,Fiducia/Trust,Quanta fiducia ha in (Romano Prodi) come Presidente del Consiglio? [How much trust do you have in (Romano Prodi) as Prime Minister?],
Italy,IPRGOV,,,Italian & English,
Italy,IPSOSPA,IPSOS Public Affairs - Osservatorio sulla leadership politica,Fiducia/Trust,Le leggerò ora i nomi di alcuni personaggi politici italiani. Per ciascuno mi dica quale è il suo livello di fiducia: (Silvio Berlusconi). [I am now going to read you the names of some Italian politicians. Please tell me how much trust do you have in each one of them: (Silvio Berlusconi)].,
Italy,IPSOS GOV,IPSOS - Governo,Satisfaction,Qual è il suo livello di gradimento nei confronti del governo guidato da Giorgia Meloni?,
Italy,IPSOS PM,IPSOS - Govt led by PM,Satisfaction,"Qual è il suo livello di gradimento nei confronti del Presidente del Consiglio, Giorgia Meloni?",
Italy,IPSOSPAGIUDPRES,Ipsos srl,Opinion/Action,Il giudizio sull'operato di Berlusconi come Presidente del Consiglio. [Opinion on the action of Berlusconi as Prime Minister.],C.A.T.I. (Computer Assisted Telephone Interview)
Italy,ISPOAPP,ISPO RICERCHE S.R.L. Approval,Approval,Secondo Lei il nuovo Governo presieduto da Matteo Renzi … (1 operá bene.. 5danneggerà notevolmente il Paese),
Italy,ISPOPRES10,ISPO S.R.L. - Osservatorio,,,
Italy,ISPOSAT,ISPO RICERCHE S.R.L. Satisfaction,Satisfaction,"Parliamo ora invece di Matteo Renzi. Le leggerò alcune opinioni sulle iniziative di Renzi da quando è segretario del PD, mi dica per ciascuna in che misura è d’accordo.
""Sono soddisfatto delle prime mosse di Renzi da segretario del PD""",
Italy,IXEGOV,Istituto Ixè S.r.l. - Trust in Government,Fiducia/Trust,Quanta fiducia ha nel Governo ____ (name of PM)?,C.A.T.I. (Computer Assisted Telephone Interview)
Italy,IXEPM,Istituto Ixè S.r.l. - Trust in PM,Fiducia/Trust,Quanta fiducia ha in: (% di molta o abbastanza fiducia),C.A.T.I. (Computer Assisted Telephone Interview)
Italy,PIEPOLI,"Instituto Piepoli -- Trust in Principal Leaders, Prime Minister",Fiducia/Trust,LA FIDUCIA NEL PRESIDENTE DEL CONSIGLIO/FIDUCIA NEI PRINCIPALI LEADER,C.A.T.I. (Computer Assisted Telephone Interview)
Italy,PIEPOLIGOV,Instituto Piepoli -- Government Evaluation,Opinion,GRADIMENTO GOVERNO CONTE (or other PM),C.A.T.I. (Computer Assisted Telephone Interview)
Italy,SWGGOV,ICC-SWG - Trust in Government,Fidicuia/Trust,"Lei ha molta, abbastanza, poca o nessuna fiducia nel Governo ___ (insert PM name)?",
Italy,SWGPM,ICC-SWG - Trust in Prime Minister,Fiducia/Trust,"Lei ha molta, abbastanza, poca o nessuna fiducia nel Presidente del Consiglio _____?",
Italy,TERMO,Termometro Politico - Trust in Prime Minister,Fiducia/Trust,"Lei ha fiducia nel Presidente del Consiglio ______? (Si, molta; Si, abbastanza; No, poca; No, per nulla)",
Italy ,GALLUPWORLD_LSHP,Gallup World Poll (leadership),Approval ,Do you approve or disapprove of the job performance of the leadership of this country?,
Italy ,GALLUPWORLD_LDR,Gallup World Poll (leader),Approval ,Do you approve or disapprove of the way the leader/head/President of this country is handling his/her job as leader/head/President?,
Italy,MorningConsult,Morning Consult Global Leader Approval Tracker,Approval,Approvi o disapprovi il modo in cui il presidente sta svolgendo il suo lavoro?,
Italy,YouGovEuroTrack_Gov,YouGov Eurotrack/Handelsblatt Government Approval,Approval,"""Do you approve or disapprove of the government's record to date?"" ",
Jamaica,NNN/BlueDotAPP,Nationwide News Network Blue Dot (Approval),Performance,How would you rate the performance of ANDREW HOLNESS as Prime Minister?,
Jamaica,NNN/BlueDotFAV,Nationwide News Network Blue Dot (Favourability),Favorability ,,
Jamaica,GALLUPWORLD_LSHP,Gallup World Poll (leadership) ,Approval,Do you approve or disapprove of the job performance of the leadership of this country?,
Jamaica,GALLUPWORLD_LDR,Gallup World Poll (leader),Approval ,Do you approve or disapprove of the way the leader/head/President of this country is handling his/her job as leader/head/President?,
Jamaica,GLEANER/JOHNSON,Gleaner,Favorability ,,
Jamaica,LAPOP,AmericasBarometer (Job),Approval,"Speaking in general of the current administration, how would you rate the job performance of Prime Minister[NAME]? (1) Very good (2) Good (3) Neither good nor bad (fair) (4) Bad (5) Very bad ",
Jamaica,MELLO/JOHNSONGOVAPP,Mello TV Bill Johnson Poll Govt,Approval,"Rate govt: very good, good, neither good nor poor, poor, very poor",
Jamaica,MELLO/JOHNSONPMAPP,Mello TV Bill Johnson Poll PM,Approval,"Rate govt: very good, good, neither good nor poor, poor, very poor",
Jamaica,MELLO/JOHNSONPMFAV,Mello TV Bill Johnson Poll PM Favourability,Favorability ,Rate PM [name] favourable v. unfavourable,
Jamaica,RJR/BOXPILL,RJR Group/ Boxpill Poll ,Approval,Do you approve or disapprove of the way the prime minister is handling his job?,
Jamaica,RJR/GLEANER/DONPM,RJR Gleaner Don Anderson Poll PM,Performance,{rate level of performance} ,
Jamaica,RJR/GLEANER/DONGOV,RJR Gleaner Don Anderson Poll Govt,Performance,{rate level of performance} ,
Jamaica_PNPApproval,NNN/BlueDot,Nationwide News Network Blue Dot,Performance,How would you rate the performance of PETER PHILLIPS as Opposition Leader?,
Japan,ASAHI,Asahi Poll,Cabinet Support,"About politics etc now. Do you support the [last name of Prime Minister] cabinet? or not?"" Support/Does not support/Other, Do not answer",Telephone (RDD)
Japan,ASIANBAROMETER,Asian Barometer,Satisfaction,"How satisfied or dissatisfied are you with [name of president etc ruling current] government? Very sat, somewhat sat, somewhat dissat, very dissat",
Japan,CSES,Comparative Study of Electoral Systems,Performance,"Now thinking about the performance of the [government in [CAPITAL]/president] in general, how good or bad a job do you think the [government/president in [CAPITAL]] has done over the past [NUMBER OF YEARS SINCE LAST GOVERNMENT TOOK OFFICE, BEFORE THE CURRENT ELECTION] years? Has [it/he/she] done a very good job? A good job? A bad job? A very bad job?",
Japan,GALLUPWORLD_LSHP,Gallup World Poll (leadership) ,Approval,Do you approve or disapprove of the job performance of the leadership of this country?,
Japan,GALLUPWORLD_LDR,Gallup World Poll (leader),Approval ,Do you approve or disapprove of the way the leader/head/President of this country is handling his/her job as leader/head/President?,
Japan,JIJI,Jiji Poll,Cabinet Support,Do you support the [name of Prime Minister] cabinet?,"Face to face (""individual interviews""; unsure because no explicit information found)
"
Japan,JNN,JNN Poll,Approval for Prime Minister and Cabinet,,
Japan,KYODO,Kyōdō News,Cabinet Approval,,
Japan,MAINICHI,Mainichi Shimbun,Cabinet Approval,,
Japan,NHK,NHK Poll ,Cabinet Support,Do you support the [name of Prime Minister] cabinet?,Telephone (RDD)
Japan,SANKEI-FNN,Sankei Shimbun-Fuji News Network,Cabinet Support,,
Japan,YOMIURI,Yomiuri Shimbun / NTV Poll,Cabinet Approval,Do you approve the [name of Prime Minister] cabinet?,Telephone (RDD)
Japan,MorningConsult,Morning Consult Global Leader Approval Tracker,Approval,,
Jordan_Gov,ARABBAROMETER10,Arab Barometer Wave 1/2/(some of 3) *based on a ten point scale*,Satisfaction,"Using a similar 10-point scale, where 1 means very unsatisfied and 10 means very satisfied, indicate how satisfied you are with the performance of the current [respondent’s country] government",
Jordan_Gov,ARABBAROMETER11,"Arab Barometer waves 3-5, using an 11 pt scale",Satisfaction,"Suppose that there was a scale from 0-10 to measure the extent of your satisfaction with the government, in which 1 means that you were absolutely unsatisfied with its performance and 10 means that you were completely satisfied.",
Jordan_Gov,ARABBAROMETERTRUST,"Arab Barometer Wave 6, using a question that has four choices",Trust,"I’m going to name a number of institutions. For each one, please tell me how much trust you have in them. Government (Council of Ministers). Choices: A great deal of trust, Quite a lot of trust, Not a lot of trust, No trust at all",
Jordan_Gov,GALLUPWORLD_LSHP,Gallup World Poll (leadership) ,Approval,Do you approve or disapprove of the job performance of the leadership of this country?,
Jordan_Gov,GALLUPWORLD_LDR,Gallup World Poll (leader),Approval ,Do you approve or disapprove of the way the leader/head/President of this country is handling his/her job as leader/head/President?,
Jordan_Gov,IRI,International Republican Institue ,Performance,"To what degree do you think the government is....? (Very Effective, Quite Effective, Somewhat Effective, Noth Very Effective)",
Jordan_Gov,IRI_Trust,International Republican Institute Trust,Trust,To what degree did you trust the following according to their actions in the last 12 months? Trust/Fully Trust v. I have no trust/I have no trust at all,
Jordan_PM,IRI,International Republican Institue ,Performance,"To what degree do you have confidence in _____ (Prime Minister)? (To a large degree, To a moderate degree, to a small degree, not at all)",
Jordan_PM,IRI_Trust,International Republican Institute Trust,Trust,To what degree did you trust the following according to their actions in the last 12 months? Trust/Fully Trust v. I have no trust/I have no trust at all,
Kazakhstan,GALLUPWORLD_LSHP,Gallup World Poll (leadership) ,Approval,Do you approve or disapprove of the job performance of the leadership of this country?,
Kazakhstan,GALLUPWORLD_LDR,Gallup World Poll (leader),Approval ,Do you approve or disapprove of the way the leader/head/President of this country is handling his/her job as leader/head/President?,
Kazakhstan,IRI,International Republican Institute,Approval,What is your opinion of the Parliament of Kyrgyzstan?,
Kenya,Afrobarometer,Afrobarometer,Performance,"Do you approve or disapprove of the way that the following people have performed their jobs over the past twelve months, or haven’t you heard enough about them to say?",
Kenya,GALLUPWORLD_LSHP,Gallup World Poll (leadership) ,Approval,Do you approve or disapprove of the job performance of the leadership of this country?,
Kenya,GALLUPWORLD_LDR,Gallup World Poll (leader),Approval ,Do you approve or disapprove of the way the leader/head/President of this country is handling his/her job as leader/head/President?,
Kosovo_GOV,IRI-Performance,International Republican Institute,Performance,How would you rate the performance of the national government?,
Kosovo_GOV,GALLUPWORLD_LSHP,Gallup World Poll (leadership) ,Approval ,Do you approve or disapprove of the job performance of the leadership of this country?,
Kosovo_GOV,GALLUPWORLD_LDR,Gallup World Poll (leader),Approval ,Do you approve or disapprove of the way the leader/head/President of this country is handling his/her job as leader/head/President?,
Kosovo_PRES,IRIPresTrust,International Republican Institute Pres Office Trust,Trust,"To what extent do you trust or distrust each of the following institutions? President's Office: Trust a great deal, trust somewhat, distrust somewhat, distrust a great deal",
Kosovo_PRES,IRIPresFav,International Republican Institute Pres Office Favorability,Favorability ,,
Kosovo_PM,IRIPMTrust,International Republican Institute PM Office Trust,Trust,"To what extent do you trust or distrust each of the following institutions? Prime Minister's Office: Trust a great deal, trust somewhat, distrust somewhat, distrust a great deal",
Kosovo_PM,IRIPresFav,International Republican Institute Pres Office Favorability,Favorability ,,
Kosovo_GOV,NDIGovTrust,National Democratic Institute Government Trustworthiness,Trustworthiness,"How would you rate the trustworthiness of the following institutions in carrying out their public duties? The Government: Trusted/Good+Excellent, Not trusted/Poor+Fair",
Kosovo_PRES,NDIPresTrust,National Democratic Institute President Trustworthiness,Trustworthiness,"How would you rate the trustworthiness of the following institutions in carrying out their public duties? Trust, Not trusted",
Kosovo_PM,UNDP Public Pulse_PM,UNDP Public Pulse Satisfaction Prime Minister,Satisfaction,,
Kosovo_PRES,UNDP Public Pulse_Pres,UNDP Public Pulse Satisfaction President,Satisfaction,,
Kosovo_GOV,UNDP Public Pulse_GOV,UNDP Public Pulse Satisfaction Executive Cabinet,Satisfaction,,
Kuwait,ARABBAROMETER11,"Arab Barometer waves 3-5, using an 11 pt scale",Satisfaction,"Suppose that there was a scale from 0-10 to measure the extent of your satisfaction with the government, in which 1 means that you were absolutely unsatisfied with its performance and 10 means that you were completely satisfied.",
Kyrgyzstan ,GALLUPWORLD_LSHP,Gallup World Poll (leadership) ,Approval ,Do you approve or disapprove of the job performance of the leadership of this country?,
Kyrgyzstan ,GALLUPWORLD_LDR,Gallup World Poll (leader),Approval ,Do you approve or disapprove of the way the leader/head/President of this country is handling his/her job as leader/head/President?,
Kyrgyzstan_Gov,IRI,International Republican Institute Government Approval,Approval,"Do you approve or disapprove of the way the Kyrgyz government is doing their job? (Strongly approve, Somewhat approve, Somewhat disapprove, Strongly disapprove)",
Kyrgyzstan_Pres,CSES,Comparative Study of Electoral Systems,Performance,"Now thinking about the performance of the [government in [CAPITAL]/president] in general, how good or bad a job do you think the [government/president in [CAPITAL]] has done over the past [NUMBER OF YEARS SINCE LAST GOVERNMENT TOOK OFFICE, BEFORE THE CURRENT ELECTION] years? Has [it/he/she] done a very good job? A good job? A bad job? A very bad job?",
Kyrgyzstan_Pres,IRI,International Republican Institute ,Performance,"What is your opinion of the Presidency of Kyrgyzstan? (Strongly approve, Somewhat approve, Somewhat disapprove, Strongly disapprove); What is your opinion of the Presidency of Kyrgyzstan? (Strongly approve, Somewhat approve, Somewhat disapprove, Strongly disapprove)",
Latvia_Gov,CSES,Comparative Study of Electoral Systems,performance,"Now thinking about the performance of the [government in [CAPITAL]/president] in general, how good or bad a job do you think the [government/president in [CAPITAL]] has done over the past [NUMBER OF YEARS SINCE LAST GOVERNMENT TOOK OFFICE, BEFORE THE CURRENT ELECTION] years? Has [it/he/she] done a very good job? A good job? A bad job? A very bad job?",
Latvia_Gov,GALLUPWORLD_LSHP,Gallup World Poll (leadership) ,Approval ,Do you approve or disapprove of the job performance of the leadership of this country?,
Latvia_Gov,GALLUPWORLD_LDR,Gallup World Poll (leader),Approval ,Do you approve or disapprove of the way the leader/head/President of this country is handling his/her job as leader/head/President?,
Latvia_Gov,SKDS,SKDS (Government trust) ,Trustworthiness,"“Please, note, to what extent do you trust in following state and public institutions ... : fully trust, rather trust, rather distrust, fully distrust?”",
Latvia_PRES,VILMORUS-PERF,Vilmorus (Performance),Performance,"Kaip Jusu nuomone ...atlieka prezidento (AT pirmininko) pareigas? Labai gerai, greiciau gerai negu blogai, greiciau blogai negu gerai, labai blogai, sunku pasakyti. In your opinion how does ...perform the duties of the president (AT chairman)? Very good, more good than bad, more bad than good, very bad, hard to say",
Latvia_PM,VILMORUS-PERF,Vilmorus (Performance),Performance,"Kaip Jusu nuomone ...atlieka prezidento (AT pirmininko) pareigas? Labai gerai, greiciau gerai negu blogai, greiciau blogai negu gerai, labai blogai, sunku pasakyti. In your opinion how does ...perform the duties of the president (AT chairman)? Very good, more good than bad, more bad than good, very bad, hard to say",
Lebanon,ARABBAROMETER10,Arab Barometer Wave 1/2/(some of 3) *based on a ten point scale*,Satisfaction,"Using a similar 10-point scale, where 1 means very unsatisfied and 10 means very satisfied, indicate how satisfied you are with the performance of the current [respondent’s country] government",
Lebanon,ARABBAROMETER11,"Arab Barometer waves 3-5, using an 11 pt scale",Satisfaction,"Suppose that there was a scale from 0-10 to measure the extent of your satisfaction with the government, in which 1 means that you were absolutely unsatisfied with its performance and 10 means that you were completely satisfied.",
Lebanon,ARABBAROMETERTRUST,"Arab Barometer Wave 6, using a question that has four choices",Trust,"I’m going to name a number of institutions. For each one, please tell me how much trust you have in them. Government (Council of Ministers). Choices: A great deal of trust, Quite a lot of trust, Not a lot of trust, No trust at all",
Lebanon,GALLUPWORLD_LSHP,Gallup World Poll (leadership) ,Approval ,Do you approve or disapprove of the job performance of the leadership of this country?,
Lebanon,GALLUPWORLD_LDR,Gallup World Poll (leader),Approval ,Do you approve or disapprove of the way the leader/head/President of this country is handling his/her job as leader/head/President?,
Lesotho,Afrobarometer,Afrobarometer,performance,"Do you approve or disapprove of the way that the following people have performed their jobs over the past twelve months, or haven’t you heard enough about them to say?",
Lesotho,GALLUPWORLD_LSHP,Gallup World Poll (leadership) ,Approval ,Do you approve or disapprove of the job performance of the leadership of this country?,
Lesotho,GALLUPWORLD_LDR,Gallup World Poll (leader),Approval ,Do you approve or disapprove of the way the leader/head/President of this country is handling his/her job as leader/head/President?,
Liberia,Afrobarometer,Afrobarometer,performance,"Do you approve or disapprove of the way that the following people have performed their jobs over the past twelve months, or haven’t you heard enough about them to say?",
Liberia,GALLUPWORLD_LSHP,Gallup World Poll (leadership) ,Approval ,Do you approve or disapprove of the job performance of the leadership of this country?,
Liberia,GALLUPWORLD_LDR,Gallup World Poll (leader),Approval ,Do you approve or disapprove of the way the leader/head/President of this country is handling his/her job as leader/head/President?,
Libya,ARABBAROMETER11,"Arab Barometer waves 3-5, using an 11 pt scale",Satisfaction,"Suppose that there was a scale from 0-10 to measure the extent of your satisfaction with the government, in which 1 means that you were absolutely unsatisfied with its performance and 10 means that you were completely satisfied.",
Libya,ARABBAROMETERTRUST,"Arab Barometer Wave 6, using a question that has four choices",Trust,"I’m going to name a number of institutions. For each one, please tell me how much trust you have in them. Government (Council of Ministers). Choices: A great deal of trust, Quite a lot of trust, Not a lot of trust, No trust at all",
Libya,DIWAN,Diwan Research,Satisfaction,How Satisfied are you with the performance of AbdulHamid Dbeiba and his government?,Telephone
Lithuania_GOV,CSES,Comparative Study of Electoral Systems,Performance,"Now thinking about the performance of the [government in [CAPITAL]/president] in general, how good or bad a job do you think the [government/president in [CAPITAL]] has done over the past [NUMBER OF YEARS SINCE LAST GOVERNMENT TOOK OFFICE, BEFORE THE CURRENT ELECTION] years? Has [it/he/she] done a very good job? A good job? A bad job? A very bad job?",
Lithuania_GOV,GALLUPWORLD_LSHP,Gallup World Poll (leadership) ,Approval ,Do you approve or disapprove of the job performance of the leadership of this country?,
Lithuania_GOV,GALLUPWORLD_LDR,Gallup World Poll (leader),Approval ,Do you approve or disapprove of the way the leader/head/President of this country is handling his/her job as leader/head/President?,
Lithuania_GOV,SPINTER,Spinter,Evaluation,Evaluation of government activities,
Lithuania_Pres,ELTA,ELTA-Baltijos Tyrimai,Approval ,,
Lithuania_Pres,VILMORUS-PERF,Vilmorus (Performance),Performance,"Kaip Jusu nuomone ...atlieka prezidento (AT pirmininko) pareigas? Labai gerai, greiciau gerai negu blogai, greiciau blogai negu gerai, labai blogai, sunku pasakyti. In your opinion how does ...perform the duties of the president (AT chairman)? Very good, more good than bad, more bad than good, very bad, hard to say",
Lithuania_Pres,VILMORUS-FAV,Vilmorus (Favorability),Favorability ,,
Lithuania_Pres,RAIT,RAIT,Favorability ,,
Lithuania_PM,ELTA,ELTA-Baltijos Tyrimai,Approval ,,
Lithuania_PM,VILMORUS,Vilmorus,Favorability ,,
Lithuania_PM,RAIT,RAIT,Favorability ,,
Luxembourg,GALLUPWORLD_LSHP,Gallup World Poll (leadership) ,Approval ,Do you approve or disapprove of the job performance of the leadership of this country?,
Luxembourg,GALLUPWORLD_LDR,Gallup World Poll (leader),Approval ,Do you approve or disapprove of the way the leader/head/President of this country is handling his/her job as leader/head/President?,
Madagascar,Afrobarometer,Afrobarometer,Performance,"Do you approve or disapprove of the way that the following people have performed their jobs over the past twelve months, or haven’t you heard enough about them to say?",
Madagascar,GALLUPWORLD_LSHP,Gallup World Poll (leadership) ,Approval ,Do you approve or disapprove of the job performance of the leadership of this country?,
Madagascar,GALLUPWORLD_LDR,Gallup World Poll (leader),Approval ,Do you approve or disapprove of the way the leader/head/President of this country is handling his/her job as leader/head/President?,
Malawi,Afrobarometer,Afrobarometer,Performance,"Do you approve or disapprove of the way that the following people have performed their jobs over the past twelve months, or haven’t you heard enough about them to say?",
Malawi,GALLUPWORLD_LSHP,Gallup World Poll (leadership) ,Approval ,Do you approve or disapprove of the job performance of the leadership of this country?,
Malawi,GALLUPWORLD_LDR,Gallup World Poll (leader),Approval ,Do you approve or disapprove of the way the leader/head/President of this country is handling his/her job as leader/head/President?,
Malaysia,ASIANBAROMETER,Asian Barometer,Satisfaction,"How satisfied or dissatisfied are you with [name of president etc ruling current] government? Very sat, somewhat sat, somewhat dissat, very dissat",
Malaysia,CISR,CISR,Approval,Approval of government,
Malaysia,GALLUPWORLD_LSHP,Gallup World Poll (leadership) ,Approval,Do you approve or disapprove of the job performance of the leadership of this country?,
Malaysia,GALLUPWORLD_LDR,Gallup World Poll (leader),Approval ,Do you approve or disapprove of the way the leader/head/President of this country is handling his/her job as leader/head/President?,
Malaysia,MERDEKA,Merdeka National Public Opinon Survey (MIER),Satisfaction,"""How satisfied or dissatisfied are you with the performance of {PM name} as the {number} PM of Malaysia?""",
Maldives_Gov,IRI,International Republican Institute Gov Job,Performance,"How would you rate the performance of the national government? (Very Good, Somewhat Good, Somewhat Bad, Very Bad)",
Maldives_Pres,IRI,International Republican Institute Pres Job,Performance,"Do you think that President ____ is doing a good job or bad job? (Very Good, Somewhat Good, Somewhat Bad, Very Bad)",
Mali,Afrobarometer,Afrobarometer,Performance,"Do you approve or disapprove of the way that the following people have performed their jobs over the past twelve months, or haven’t you heard enough about them to say?",
Mali,GALLUPWORLD_LSHP,Gallup World Poll (leadership) ,Approval ,Do you approve or disapprove of the job performance of the leadership of this country?,
Mali,GALLUPWORLD_LDR,Gallup World Poll (leader),Approval ,Do you approve or disapprove of the way the leader/head/President of this country is handling his/her job as leader/head/President?,
Trust,GALLUPWORLD_LSHP,Gallup World Poll (leadership) ,Approval ,Do you approve or disapprove of the job performance of the leadership of this country?,
Trust,GALLUPWORLD_LDR,Gallup World Poll (leader),Approval ,Do you approve or disapprove of the way the leader/head/President of this country is handling his/her job as leader/head/President?,
Malta,MaltaToday,Monthly Maltese Trust Survey,Trust,"Who do you trust to most effectively lead the Maltan Government? Robert Abela, David Grech, or None?",
Mauritania,GALLUPWORLD_LSHP,Gallup World Poll (leadership) ,Approval ,Do you approve or disapprove of the job performance of the leadership of this country?,
Mauritania,GALLUPWORLD_LDR,Gallup World Poll (leader),Approval ,Do you approve or disapprove of the way the leader/head/President of this country is handling his/her job as leader/head/President?,
Mauritius,Afrobarometer,Afrobarometer,PErformance,"Do you approve or disapprove of the way that the following people have performed their jobs over the past twelve months, or haven’t you heard enough about them to say?",
Mauritius,GALLUPWORLD_LSHP,Gallup World Poll (leadership) ,Approval ,Do you approve or disapprove of the job performance of the leadership of this country?,
Mauritius,GALLUPWORLD_LDR,Gallup World Poll (leader),Approval ,Do you approve or disapprove of the way the leader/head/President of this country is handling his/her job as leader/head/President?,
Mexico,ARCOP2,Analisis de Resultados de Comunicación y Opinión Pública (2),,,
Mexico,ARCOP3,Analisis de Resultados de Comunicación y Opinión Pública (3),,,
Mexico,ARCOP4,Analisis de Resultados de Comunicación y Opinión Pública (4),,,
Mexico,ARIAS,Arias Consultores,Trabajo,Como calificas el desempeno del presidente (Nombre)?,
Mexico,ATLASINTELAPP,Atlas Intel,Approval,¿Usted aprueba o desaprueba la forma en que Claudia Sheinbaum está conduciendo el Gobierno de México?,
Mexico,ATLASINTELEVAL,Atlas Intel,Evaluación,¿Cuál es tu evaluación del gobierno de Claudia Sheinbaum?,
Mexico,ATLASINTELIMAGEN,Atlas Intel,Imagen,¿Tiene una imagen positiva o negativa de [Presidente]?,
Mexico,ATLASINTELLATAMPULSE,Atlas Intel Latam Pulse (Desempeño),Desempeño,¿Apruebas o desapruebas la gestión del gobierno de Claudia Sheinbaum?,
Mexico,BERUMEN,Berumen (Trabajo),Trabajo,"En general, ¿usted aprueba o reprueba el trabajo que est haciendo [NOMBRE] como Presidente de la República? aprueba mucho, aprueba, ni aprueba ni reaprueba, reaprueba mucho",
Mexico,BGC/tel,"BGC Beltrán, Juárez y asociados (Teléfono)",G,"En general, ¿está usted de acuerdo o desacuerdo con la manera como esta goberanando el President [name]?",
Mexico,BGCACUERDO,"BGC Beltrán, Juárez y Asociados (Gobernar)",Gobernar,"En general, ¿está usted de acuerdo o desacuerdo con la manera como esta gobernando el Presidente [name]? Acuerdo v. Desacuerdo",
Mexico,BGCCALIF,"BGC Beltrán, Juárez y Asociados (Gestión)",Gestión,"Con lo que ha hecho Vicente Fox hasta el momento, ¿cómo calificaría su desempeño? Bueno, regular, malo",
Mexico,BGCMANEJ,"BGC Beltrán, Juárez y Asociados (Manejando)",Manejando,¿Por favor dígame si está de acuerdo o en desacuerdo con la manera en que el Presidente Fox está manejando los asuntos políticos del país? Acuerdo v. Desacuerdo,
Mexico,BUENDIA,Buendía & Laredo/Marquez (Trabajo),Trabajo,"En términos generales, ¿usted aprueba o reprueba el trabajo que está haciendo Enrique Peña como Presidente de la República? aprueba v. ni aprueba ni reaprueba",
Mexico,CELAG_IMG,CELAG (Imagen),Imagen,"Quisiera que me diga ahora qué opinión tiene de estas personas que voy a mencionarle. Si no la conoce o no tiene una opinión formada de la persona, por favor dígamelo. Para comenzar, ¿qué opinión tiene usted de..., diría que es positiva o negativa?",
Mexico,CESOP,Centro de Estudios Sociales y de Opinión Pública (Trabajo),Trabajo,"¿Está usted de acuerdo o en desacuerdo con la forma en que [NOMBRE] está haciendo su trabajo como presidente de la República? De acuerdo, ni de acuerdo ni de desacuerdo, de desacuerdo",
Mexico,CIDGALLUPAPP,CID-Gallup (Gestión),Gestión,¿Usted aprueba o desaprueba la gestión del Presidente?,
Mexico,CIDGALLUPFAV,CID-Gallup (Opinión),Opinion,¿Tiene usted una opinión favorable o desfavorable del presidente [NOMBRE]?,
Mexico,CIMAS2DESM,Barómetro Iberoamericano de Gobernabilidad (Desempeño),Desempeño,"Usted diría que la forma como viene desempeñando su trabajo el Presidente es muy buena, buena, ni buena ni mala, mala o muy mala?",
Mexico,CIMASIGMA2APP,Barómetro Iberoamericano de Gobernabilidad (Gestión),Gestión,¿Usted aprueba o desaprueba la gestión del Presidente?,
Mexico,COVARRUBIAS,Covarrubias y Asociados,Trabajo,"¿Usted aprueba o desaprueba el desempeno del Presidente[NOMBRE]? Aprueba, ni aprueba ni desaprueba, desprueba",
Mexico,CSES,Comparative Study of Electoral Systems,Performance,"Now thinking about the performance of the [government in [CAPITAL]/president] in general, how good or bad a job do you think the [government/president in [CAPITAL]] has done over the past [NUMBER OF YEARS SINCE LAST GOVERNMENT TOOK OFFICE, BEFORE THE CURRENT ELECTION] years? Has [it/he/she] done a very good job? A good job? A bad job? A very bad job?",
Mexico,DEMOTECNIADES,Demotécnia (Desempeño),Desempeño,"¿Usted aprueba o desaprueba el desempeño del Presidente de la República, [NOMBRE]?",
Mexico,DEMOTECNIAGOB,Demotécnia (Gobernar),Gobernar,"En su opinión, ¿cómo ha gobernado hasta ahora el Presidente [NOMBRE]? Bien/Mas o Menos bien, no se ha visto gran cosa v. Medio Mal/Muy Mal",
Mexico,DEMOTECNIATRAB,Demotécnia (Trabajo),Trabajo,¿Usted aprueba o desaprueba el trabajo del Presidente [NOMBRE]?,
Mexico,DEMOTECNIASAT,Demotécnia (Satisfaccóon),Satisfaction,Dígame qué dibujo describe mejor qué tan satisfecho o insatisfecho está con el trabajo de Claudia Sheinbaum como Presidenta de la República.,
Mexico,DEMOSCOPIADIGITAL,Demoscopia Digital,Approval,Aprueba v. Desaprueba,
Mexico,ElFinanciero,El Financiero,Approval,"En general, ¿usted aprueba o desaprueba el trabajo que está haciendo Andrés Manuel López Obrador como presidente de México?",
Mexico,ElPaís,El País,Approval,,
Mexico,Enkoll,Enkoll,Approval,,
Mexico,GALLUPWORLD_LSHP,Gallup World Poll (leadership) ,Approval,Do you approve or disapprove of the job performance of the leadership of this country?,
Mexico,GALLUPWORLD_LDR,Gallup World Poll (leader),Approval ,Do you approve or disapprove of the way the leader/head/President of this country is handling his/her job as leader/head/President?,
Mexico,GEAISA_APP,"Grupo de Economistas y Asociados & Indagaciones y Soluciones Avanzadas, S.C. (Labor)",Labor,"En general, ¿usted aprueba o desaprueba la labor realizada por [NOMBRE] como Presidente de la República?",
Mexico,GEAISA_CAL,"Grupo de Economistas y Asociados & Indagaciones y Soluciones Avanzadas, S.C. (Rate Labor 3)",Labor,"En general, ¿cómo califica la labor realizada por [NOMBRE como Presidente de la República? Buena, regular, mala",
Mexico,GEAISA_IMP,"Grupo de Economistas y Asociados & Indagaciones y Soluciones Avanzadas, S.C. (Gobernar)",Gobernar,"En general, ¿es favorable o desfavorable su impresión de [NOMBRE] como gobernante?",
Mexico,GEAISA_OPIN,"Grupo de Economistas y Asociados & Indagaciones y Soluciones Avanzadas, S.C. (Personal)",Opinion,"En general, ¿es favorable o desfavorable su opinión de [NOMBRE] como persona?",
Mexico,GEAISA4,"Grupo de Economistas y Asociados & Indagaciones y Soluciones Avanzadas, S.C. (Rate Labor 4)",Labor,,
Mexico,INDEMERC,INDEMERC (Gobernar),Gobernar,¿Está usted de acuerdo o en desacuerdo con la manera de gobernar [NOMBRE]?,
Mexico,INDEMERC5,INDEMERC (Trabajo),Trabajo,¿Cómo calificaría el trabajo de [NOMBRE]?,
Mexico,IPSOSBIMSA,IPSOS-BIMSA (Trabajo),Trabajo,"En terminos generales, ¿usted aprueba o desaprueba el trabajo que ha hecho hasta ahora [NOMBRE] como presidente de la republica? Aprueba, ni aprueba ni desaprueba, desaprueba",
Mexico,LAPOP,AmericasBarometer (Trabajo),Trabajo,"Hablando en general acerca del gobierno actual, ¿diría usted que el trabajo que está realizando el Presidente [NAME OF CURRENT PRESIDENT] es muy bueno, bueno, ni bueno ni malo, malo, o muy malo?",
Mexico,LB,Latinobarometer (Gestión),Gestión,¿Usted aprueba o no aprueba la gestión del gobierno que encabeza el presidente [nombre]?,
Mexico,MASSIVECALLER,Massive Caller (Trabajo),Trabajo,¿Usted aprueba o no aprueb el trabajo realizado hasta el momento por el presidente [NOMBRE]?,
Mexico,MITOFSKY,Consulta Mitofsky (Gobernar),Gobernar,"En general, ¿está usted de acuerdo o no de acuerdo con la manera como está gobernando [NOMBRE]?",
Mexico,MITOFSKY-ECONOMISTA,Mitofksy/El Economista (Monthly Average),Approval,,
Mexico,MorningConsult,Morning Consult Global Leader Approval Tracker,approval,,
Mexico,MXPS,Mexican Panel Study (Trabajo),Trabajo,"En general, ¿aprueba o desaprueba la forma como [NOMBRE] está haciendo su trabajo como Presidente? aprueba, ni aprueba ni desaprueba, desaprueba",
Mexico,OPOPRM14TELAPPTRAB3,"Opinión Pública de la Oficina de la Presidencia de la República Mexicana (Trabajo, 14 states, telephone)",Trabajo,"En general, ¿usted aprueba o desaprueba la forma en que trabaja el presidente [NOMBRE}? Diría usted que lo aprueba mucho, aprueba algo, desaprueba algo o desaprueba mucho",
Mexico,OPOPRM3VIVACDGOB2,"Opinión Pública de la Oficina de la Presidencia de la República Mexicana (Gobernar, 3 cities, home)",Gobernar,"En general, ¿está usted de acuerdo o en desacuerdo con la manera como está gobernando el Presidente?",
Mexico,OPOPRM4VIVGUS2,"Opinión Pública de la Oficina de la Presidencia de la República Mexicana (Gustar, 4 cities, home)",Gustar,¿Le gusta [NOMBRE]?,
Mexico,OPOPRM5TELAPPTRAB3,"Opinión Pública de la Oficina de la Presidencia de la República Mexicana (Trabajo, 5 states, home)",Trabajo,"En general, ¿usted aprueba o desaprueba la forma en que trabaja el presidente [NOMBRE}? Diría usted que lo aprueba mucho, aprueba algo, desaprueba algo o desaprueba mucho",
Mexico,OPOPRM6VIVACDGOB2,"Opinión Pública de la Oficina de la Presidencia de la República Mexicana (Gobernar, 6 cities, home)",Gobernar,"En general, ¿está usted de acuerdo o en desacuerdo con la manera como está gobernando el Presidente?",
Mexico,OPOPRM10VIVACDGOB2,"Opinión Pública de la Oficina de la Presidencia de la República Mexicana (Gobernar, 10 cities, home)",Gobernar,"En general, ¿está usted de acuerdo o en desacuerdo con la manera como está gobernando el Presidente?",
Mexico,OPOPRMNTELACDGOB2,"Opinión Pública de la Oficina de la Presidencia de la República Mexicana (Gobernar, national, telephone)",Gobernar,"En general, ¿está usted de acuerdo o en desacuerdo con la manera como está gobernando el Presidente?",
Mexico,OPOPRMNTELAPPDES2,"Opinión Pública de la Oficina de la Presidencia de la República Mexicana (Desempeño2, national, telephone)",Desempeño,"En general, ¿aprueba o desaprueba el desempeño hasta estos momentos de [NOMBRE] como Presidente de México?",
Mexico,OPOPRMNTELAPPDES3,"Opinión Pública de la Oficina de la Presidencia de la República Mexicana (Desempeño3, national, telephone)",Desempeño,"En general, ¿aprueba o desaprueba el desempeño hasta estos momentos de [NOMBRE] como Presidente de México?",
Mexico,OPOPRMNTELAPPGOB2,"Opinión Pública de la Oficina de la Presidencia de la República Mexicana (Desempeño, national, telephone)",Desempeño,"En general, ¿aprueba o desaprueba el desempeño hasta estos momentos de Vicente Fox como Presidente de México?",
Mexico,OPOPRMNTELAPPTRAB3,"Opinión Pública de la Oficina de la Presidencia de la República Mexicana (Trabajo, national, telephone)",Trabajo,"En general, ¿usted aprueba o desaprueba la forma en que trabaja el presidente Felipe Calderón? Diría usted que lo aprueba mucho, aprueba algo, desaprueba algo o desaprueba mucho",
Mexico,OPOPRMNVIVACDGOB2,"Opinión Pública de la Oficina de la Presidencia de la República Mexicana (Gobernar, national, home)",Gobernar,"En general, ¿está usted de acuerdo o en desacuerdo con la manera como está gobernando el Presidente?",
Mexico,OPOPRMNVIVAPPDES2,"Opinión Pública de la Oficina de la Presidencia de la República Mexicana (Desempeño2, national, home)",Desempeño,"En general, ¿aprueba o desaprueba el desempeño hasta estos momentos de [NOMBRE] como Presidente de México?",
Mexico,OPOPRMNVIVAPPTRAB3,"Opinión Pública de la Oficina de la Presidencia de la República Mexicana (Trabajo, national, home)",Trabajo,"En general, ¿usted aprueba o desaprueba la forma en que trabaja el presidente [NOMBRE}? Diría usted que lo aprueba mucho, aprueba algo, desaprueba algo o desaprueba mucho",
Mexico,OPOPRMNVIVCONFDES2,"Opinión Pública de la Oficina de la Presidencia de la República Mexicana (Desempeño2, national, home)",Desempeño,"¿A tres años del gobierno de Fox, Ud. está conforme o inconforme con el desempeño del gobierno?",
Mexico,PARAMETRIA,Parametría (Trabajo),Trabajo,"En general, ¿usted aprueba o desaprueba la forma en que el Presidente [NOMBRE] realiza su trabajo? aprueba v. desaprueba",
Mexico,PARAMETRIAIMAG,Parametría (Imagen),Imagen,,
Mexico,REFORMA,Reforma (Trabajo),Trabajo,¿Aprueba o desaprueba el trabajo de [NOMBRE] como presidente? Aprueba v. desaprueba,
Mexico,SIMO,Simo Consulting/El Pais,,,
Mexico,UNIVERSAL,El Universal (Trabajo),Trabajo,"¿Aprueba o desaprueba la forma como [NOMBRE] está haciendo su trabajo como Presidente de la República? ApruebaTotalmente, Aprueba Algo, Desaprueba Algo, Desaprueba Totalmente",
Mexico,VARELAyASOC,Varela y Asocidados,,,
Moldova_Gov,GALLUPWORLD_LSHP,Gallup World Poll (leadership) ,Approval,Do you approve or disapprove of the job performance of the leadership of this country?,
Moldova_Gov,GALLUPWORLD_LDR,Gallup World Poll (leader),Approval ,Do you approve or disapprove of the way the leader/head/President of this country is handling his/her job as leader/head/President?,
Moldova_Gov,IRI,International Republican Institute,Approval,"Do you approve or disapprove of the [NAME] government? (Strongly Approve, Somewhat Approve, Somewhat Disapprove, Strongly Disapprove)",
Moldova_Gov,IRI,International Republican Institute,Performance,"Do you approve or disapprove of the activities of the President of Moldova, [Name]?",
Moldova_Gov,IRI-past,International Republican Institute,Approval,Do you approve or disapprove of the activities of the Government of Moldova from the last 3 years?,
Moldova_PM,IRI,International Republican Institute,Performance,"What is your opinion on the Moldovan Prime Minister? (Favorable, Unfavorable)",
Moldova_Pres,IRI,International Republican Institute,Performance,"What is your opinion on the Moldovan President? (Favorable, Unfavorable)",
Moldova_Pres,AVANGARDE_PRESTRUST,Avangarde - President Trust,Trust,,
Mongolia_Gov,ASIANBAROMETER,Asian Barometer,Satisfaction,"How satisfied or dissatisfied are you with [name of president etc ruling current] government? Very sat, somewhat sat, somewhat dissat, very dissat",
Mongolia_Gov,GALLUPWORLD_LSHP,Gallup World Poll (leadership) ,Approval,Do you approve or disapprove of the job performance of the leadership of this country?,
Mongolia_Gov,GALLUPWORLD_LDR,Gallup World Poll (leader),Approval ,Do you approve or disapprove of the way the leader/head/President of this country is handling his/her job as leader/head/President?,
Mongolia_Gov,IRI,International Republican Institute Approval,Approval,"Do you approve or disapprove the performance of the following institutions? (Prime Minister, President, Aimag Government)",
Mongolia_PM,IRI,International Republican Institute Approval,Approval,"Do you approve or disapprove the performance of the following institutions? (Prime Minister, President, Aimag Government)",
Mongolia_Pres,IRI,International Republican Institute Approval,Approval,"Do you approve or disapprove the performance of the following institutions? (Prime Minister, President, Aimag Government)",
Mongolia_Pres,IRIOpinion,International Republican Institute Opinion,,"What is your opinion of each of the following institutions? President's Office: Very positive, somewhat positive, somewhat negative, very negative",
Montenegro_GOV,CEDEMSAT,CEDEM političko javno mnjenje Crne Gore,Učinak,Da li ste zadovoljni dosadašnjim učinkom Vlade (ime)? / Generalno zadovoljstvo učinkom Vlade,
Montenegro_GOV,CSES,Comparative Study of Electoral Systems,performance,"Now thinking about the performance of the [government in [CAPITAL]/president] in general, how good or bad a job do you think the [government/president in [CAPITAL]] has done over the past [NUMBER OF YEARS SINCE LAST GOVERNMENT TOOK OFFICE, BEFORE THE CURRENT ELECTION] years? Has [it/he/she] done a very good job? A good job? A bad job? A very bad job?",
Montenegro_GOV,GALLUPBM,Gallup Balkan Monitor Summary of Findings,Performance,Performance of governments,
Montenegro_GOV,GALLUPWORLD_LSHP,Gallup World Poll (leadership) ,Approval,Do you approve or disapprove of the job performance of the leadership of this country?,
Montenegro_GOV,GALLUPWORLD_LDR,Gallup World Poll (leader),Approval ,Do you approve or disapprove of the way the leader/head/President of this country is handling his/her job as leader/head/President?,
Montenegro_GOV,NDI,National Democratic Institute Key Findings,Satisfaction,General satisfaction with government`s performance,
Montenegro_GOV,IRI-Performance,International Republican Institute,Performance,How would you rate the performance of the national government?,
Montenegro_PRES,IRIPresTrust,International Republican Institute Pres Office Trust,Trust,"To what extent do you trust or distrust each of the following institutions? President's Office: Trust a great deal, trust somewhat, distrust somewhat, distrust a great deal",
Montenegro_PM,IRIPMTrust,International Republican Institute PM Office Trust,Trust,"To what extent do you trust or distrust each of the following institutions? Prime Minister's Office: Trust a great deal, trust somewhat, distrust somewhat, distrust a great deal",
Morocco,Afrobarometer,Afrobarometer,Performance,"Do you approve or disapprove of the way that the following people have performed their jobs over the past twelve months, or haven’t you heard enough about them to say?",
Morocco,ARABBAROMETER10,Arab Barometer Wave 1/2/(some of 3) *based on a ten point scale*,Satisfaction,"Using a similar 10-point scale, where 1 means very unsatisfied and 10 means very satisfied, indicate how satisfied you are with the performance of the current [respondent’s country] government",
Morocco,ARABBAROMETER11,"Arab Barometer waves 3-5, using an 11 pt scale",Satisfaction,"Suppose that there was a scale from 0-10 to measure the extent of your satisfaction with the government, in which 1 means that you were absolutely unsatisfied with its performance and 10 means that you were completely satisfied.",
Morocco,ARABBAROMETERTRUST,"Arab Barometer Wave 6, using a question that has four choices",Trust,"I’m going to name a number of institutions. For each one, please tell me how much trust you have in them. Government (Council of Ministers). Choices: A great deal of trust, Quite a lot of trust, Not a lot of trust, No trust at all",
Morocco,GALLUPWORLD_LSHP,Gallup World Poll (leadership) ,Approval,Do you approve or disapprove of the job performance of the leadership of this country?,
Morocco,GALLUPWORLD_LDR,Gallup World Poll (leader),Approval ,Do you approve or disapprove of the way the leader/head/President of this country is handling his/her job as leader/head/President?,
Mozambique,Afrobarometer,Afrobarometer,Performance,"Do you approve or disapprove of the way that the following people have performed their jobs over the past twelve months, or haven’t you heard enough about them to say?",
Mozambique,GALLUPWORLD_LSHP,Gallup World Poll (leadership) ,Approval,Do you approve or disapprove of the job performance of the leadership of this country?,
Mozambique,GALLUPWORLD_LDR,Gallup World Poll (leader),Approval ,Do you approve or disapprove of the way the leader/head/President of this country is handling his/her job as leader/head/President?,
Myanmar_Gov,ASIANBAROMETER,Asian Barometer,Satisfaction,"How satisfied or dissatisfied are you with [name of president etc ruling current] government? Very sat, somewhat sat, somewhat dissat, very dissat",
Myanmar_Gov,GALLUPWORLD_LSHP,Gallup World Poll (leadership) ,Approval,Do you approve or disapprove of the job performance of the leadership of this country?,
Myanmar_Gov,GALLUPWORLD_LDR,Gallup World Poll (leader),Approval ,Do you approve or disapprove of the way the leader/head/President of this country is handling his/her job as leader/head/President?,
Myanmar_Gov,IRI,International Republican Institute,Performance,"Generally speaking, do you think the national government is doing a good job or a bad job? (Very Good Job, Good Job, Bad Job, Very Bad Job)",
Nagorno-Karabakh Region,GALLUPWORLD_LSHP,Gallup World Poll (leadership) ,Approval,Do you approve or disapprove of the job performance of the leadership of this country?,
Nagorno-Karabakh Region,GALLUPWORLD_LDR,Gallup World Poll (leader),Approval ,Do you approve or disapprove of the way the leader/head/President of this country is handling his/her job as leader/head/President?,
Namibia,Afrobarometer,Afrobarometer,Performance,"Do you approve or disapprove of the way that the following people have performed their jobs over the past twelve months, or haven’t you heard enough about them to say?",
Namibia,GALLUPWORLD_LSHP,Gallup World Poll (leadership) ,Approval,Do you approve or disapprove of the job performance of the leadership of this country?,
Namibia,GALLUPWORLD_LDR,Gallup World Poll (leader),Approval ,Do you approve or disapprove of the way the leader/head/President of this country is handling his/her job as leader/head/President?,
Nepal,IRI,International Republican Institute,Performance,Do you agree or disagree that political parties are doing enough to address the needs of voters like you?,
Nepal,GALLUPWORLD_LSHP,Gallup World Poll (leadership) ,Approval,Do you approve or disapprove of the job performance of the leadership of this country?,
Nepal,GALLUPWORLD_LDR,Gallup World Poll (leader),Approval ,Do you approve or disapprove of the way the leader/head/President of this country is handling his/her job as leader/head/President?,
Netherlands,CSES,Comparative Study of Electoral Systems,Performance,"Now thinking about the performance of the [government in [CAPITAL]/president] in general, how good or bad a job do you think the [government/president in [CAPITAL]] has done over the past [NUMBER OF YEARS SINCE LAST GOVERNMENT TOOK OFFICE, BEFORE THE CURRENT ELECTION] years? Has [it/he/she] done a very good job? A good job? A bad job? A very bad job?",
Netherlands,EenVandaag,EenVandaag Opinion Gov Trust,Trust,Trust in the Government/Vertrouwen in de overheid,
Netherlands,GALLUPWORLD_LSHP,Gallup World Poll (leadership) ,Approval,Do you approve or disapprove of the job performance of the leadership of this country?,
Netherlands,GALLUPWORLD_LDR,Gallup World Poll (leader),Approval ,Do you approve or disapprove of the way the leader/head/President of this country is handling his/her job as leader/head/President?,
Netherlands,MorningConsult,Morning Consult Global Approval Tracker,Approval,,
Netherlands,TNS_NIPO,TNS NIPO (Government trust) ,Trust,“How confident are you in the government?”,
New Zealand ,COLMARBRUNTON,Government Performance Approval; series disc. in 2007,Approval,Do you approve or disapprove of the Government's performance?,
New Zealand ,CSES,Comparative Study of Electoral Systems,Performance,"Now thinking about the performance of the [government in [CAPITAL]/president] in general, how good or bad a job do you think the [government/president in [CAPITAL]] has done over the past [NUMBER OF YEARS SINCE LAST GOVERNMENT TOOK OFFICE, BEFORE THE CURRENT ELECTION] years? Has [it/he/she] done a very good job? A good job? A bad job? A very bad job?",
New Zealand ,CURIA,Curia,Favourability,,
New Zealand ,FRESHWATER,The Post - Freshwater Strategy,,,
New Zealand ,GALLUPWORLD_LSHPGOV,Gallup World Poll (leadership) ,Approval ,Do you approve or disapprove of the job performance of the leadership of this country?,
New Zealand ,GALLUPWORLD_LDR,Gallup World Poll (leader),Approval ,Do you approve or disapprove of the way the leader/head/President of this country is handling his/her job as leader/head/President?,
New Zealand ,KANTAR,1News Kantar Public,Approval ,Do you approve or disapprove of the way Jacinda Ardern is handling her job as Prime Minister?,
New Zealand ,NEWSHUB-REID,Newshub-Reid,Performance,Well v. Poor,
New Zealand ,NZES,New Zealand Election Study,Like,"We'd like to know how you feeling about the following politicians. Would you say you liked or disliked the following people? Srongly like, like, neutral, dislike, strongly dislike",
New Zealand ,REID,Reid Research,Performance,,
New Zealand ,TAXPAYERSUNION,Taxpayers’ Union - Curia Market Research,Favourability,Favourable v. Unfavourable,
New Zealand ,UMR,UMR Research,Favourability,"Thinking about the following leaders of the main parties and other politicians tell me if you generally have a favourable, somewhat favourable, somewhat unfavourable, or very unfavourable opinion of them.",
New Zealand ,VERIAN,1News - Verian,Approval,Do you approval or disapprove of the way [NAME OF PM] is handing his job as Prime Minister?,
Nicaragua,BORGEYASOC,Borge y Asociados (Trabajo),Trabajo,"¿Cómo califica el trabajo efectuado por [NOMBRE] como Presidente de Nicaragua? Bueno, regular, malo",
Nicaragua,BORGEYASOCFAV,Borge y Asociados (Opinión),Opinión,Queremos que nos diga si usted tiene opinión favorable o desfavorable de cada una de las siguientes personas.,
Nicaragua,CIDGALLUP,CID-Gallup (Desempeño),Desempeño,"¿Diría que ha desempeñado sus labores muy bien, algo bien, ni bien ni mal, algo mal o muy mal?",
Nicaragua,CIDGALLUPFAV,CID-Gallup (Opinión),Opinión,¿Tiene usted una opinión favorable o desfavorable del presidente [NOMBRE]?,
Nicaragua,CIDGALLUPAPP,CID-Gallup (Gestión),Gestión,¿Usted aprueba o desaprueba la gestión del Presidente?,
Nicaragua,CIMABORGEAPP,Barómetro Iberoamericano de Gobernabilidad (Gestión),Gestión,¿Usted aprueba o desaprueba la gestión del Presidente?,
Nicaragua,CIMABORGEDESEMP,Barómetro Iberoamericano de Gobernabilidad (Desempeño),Desempeño,"Usted diría que la forma como viene desempeñando su trabajo el Presidente es muy buena, buena, ni buena ni mala, mala o muy mala?",
Nicaragua,CIMAGESPRES,Barómetro Iberoamericano de Gobernabilidad (Gestión II),Gestión,,
Nicaragua,CIMAS2DESM,Barómetro Iberoamericano de Gobernabilidad (Desempeño),Desempeño,"Usted diría que la forma como viene desempeñando su trabajo el Presidente es muy buena, buena, ni buena ni mala, mala o muy mala?",
Nicaragua,CIMASIGMA2APP,Barómetro Iberoamericano de Gobernabilidad (Gestión),Gestión,¿Usted aprueba o desaprueba la gestión del Presidente?,
Nicaragua,GALLUPWORLD_LSHP,Gallup World Poll (leadership) ,approval,Do you approve or disapprove of the job performance of the leadership of this country?,
Nicaragua,GALLUPWORLD_LDR,Gallup World Poll (leader),Approval ,Do you approve or disapprove of the way the leader/head/President of this country is handling his/her job as leader/head/President?,
Nicaragua,LAPOP,AmericasBarometer (Trabajo),Trabajo,"Hablando en general acerca del gobierno actual, ¿diría usted que el trabajo que está realizando el Presidente [NAME OF CURRENT PRESIDENT] es muy bueno, bueno, ni bueno ni malo, malo, o muy malo?",
Nicaragua,LB,Latinobarometer (Gestión),Gestión,¿Usted aprueba o no aprueba la gestión del gobierno que encabeza el presidente [nombre]?,
Nicaragua,M&RAPPGES,M&R (Aprueba Gestión),Gestión,¿Usted aprueba o no aprueba la gestión del gobierno que encabeza el presidente [nombre]? Aprueba v. ni aprueba ni desaprueba v. desaprueba,
Nicaragua,M&RP3,M&R (Califica Gestión),Gestión,"¿Cómo calificaría usted el gestión de [nombre] como presidente ? muy buena, buena, regular, mala, muy mala",
Nicaragua,M&R,M&R Consultores-Panóptico de Opinión Pública (Imagen),Imagen,Agrada v. Desagrada,
Niger,Afrobarometer,Afrobarometer,Performance,"Do you approve or disapprove of the way that the following people have performed their jobs over the past twelve months, or haven’t you heard enough about them to say?",
Niger_GOV,GALLUPWORLD_LSHP,Gallup World Poll (leadership) ,approval,Do you approve or disapprove of the job performance of the leadership of this country?,
Niger_GOV,GALLUPWORLD_LDR,Gallup World Poll (leader),Approval ,Do you approve or disapprove of the way the leader/head/President of this country is handling his/her job as leader/head/President?,
Niger_PM,IRITrust_PM,International Republican Institute - Institution,Trust,"To what extent do you trust or distrust each of the following institutions? Trust a great deal, Trust somewhat, distrust somewhat, distrust a great deal",
Niger_Pres,IRITrust_PRES,International Republican Institute - Institution,Trust,"To what extent do you trust or distrust each of the following institutions? Trust a great deal, Trust somewhat, distrust somewhat, distrust a great deal",
Nigeria,Afrobarometer,Afrobarometer,Performance,"Do you approve or disapprove of the way that the following people have performed their jobs over the past twelve months, or haven’t you heard enough about them to say?",
Nigeria,GALLUPWORLD_LSHP,Gallup World Poll (leadership) ,approval,Do you approve or disapprove of the job performance of the leadership of this country?,
Nigeria,GALLUPWORLD_LDR,Gallup World Poll (leader),Approval ,Do you approve or disapprove of the way the leader/head/President of this country is handling his/her job as leader/head/President?,
Nigeria,NOIPOLLS,NOI Polls,Performance,Do you approve or disapprove the performance of [___] over the past one month?,
North Macedonia_GOV,GALLUPWORLD_LSHP,Gallup World Poll (leadership) ,Approval,Do you approve or disapprove of the job performance of the leadership of this country?,
North Macedonia_GOV,GALLUPWORLD_LDR,Gallup World Poll (leader),Approval ,Do you approve or disapprove of the way the leader/head/President of this country is handling his/her job as leader/head/President?,
North Macedonia_GOV,IRI_Trust,International Republican Institute Trust,Trust,To what degree did you trust the following according to their actions in the last 12 months? Trust/Fully Trust v. I have no trust/I have no trust at all,
North Macedonia_GOV,IRI_Trust,International Republican Institute,Trust,"To what extent do you trust or distrust ""government""",
North Macedonia_GOV,IRI-Performance,International Republican Institute ,Approval ,How would you rate the performance of the national government?,
North Macedonia_GOV,NDI_Sat,National Democratic Institute Satisfaction,Satisfaction,To what extent are you satisfied with the work of the following institutions?,
North Macedonia_GOV,NDI_Trust,National Democratic Institute Trust,Trust,"To what degree do you trust or not trust the following? I fully trust, I trust, I neither trust nor distrust them, I do not trust them, I do not trust them at all",
North Macedonia_PM,INSTITUTEFORDEMOCRACY,HOG Institute for democracy survey,Opinion,Kакво е вашето мислење за следниве политичари? (What is your opinion about the following politicians?),
North Macedonia_PM,IRI,International Republican Institute Job,Work approval,Has Prime Minister Nikola Gruevski done his job well to deserve re-election? Yes; No; Don't know/Refused to answer,
North Macedonia_PM,IRI_Fav,International Republican Institute Favorability,Favourability,"I will read you a list of names of political persons. Please tell me if you have a highly favorable, somewhat favorable, somewhat unfavorable, or highly unfavorable opinion of this individual.",
North Macedonia_PM,IRI-parliament,International Republican Institute,Trust,"To what extent do you trust or distrust ""parliament""",
North Macedonia_PM,NDI_Fav,National Democratic Institute Favorability,Favourability,"Please tell me if you have a very favorable view, somewhat favorable view, somewhat unfavorable view or very unfavorable view of that person.",
North Macedonia_PM,NDI_App,National Democratic Institute Job Approval,,Please tell me whether you approve or disapprove of their overall performance?,
North Macedonia_PM,NDI_Sat,National Democratic Institute Satisfaction,Satisfaction,To what extent are you satisfied with the work of the following institutions?,
North Macedonia_Pres,IRI_Trust,International Republican Institute Trust,Trust,To what degree did you trust the following according to their actions in the last 12 months? Trust/Fully Trust v. I have no trust/I have no trust at all,
North Macedonia_Pres,IRI_Fav,International Republican Institute Favorability,Favourability,"I will read you a list of names of political persons. Please tell me if you have a highly favorable, somewhat favorable, somewhat unfavorable, or highly unfavorable opinion of this individual.",
North Macedonia_Pres,NDI_Sat,National Democratic Institute Satisfaction,Satisfaction,To what extent are you satisfied with the work of the following institutions?,
North Macedonia_Pres,NDI_Trust,National Democratic Institute Trust,Trust,"To what degree do you trust or not trust the following? I fully trust, I trust, I neither trust nor distrust them, I do not trust them, I do not trust them at all",
Norway,CSES,Comparative Study of Electoral Systems,Performance,"Now thinking about the performance of the [government in [CAPITAL]/president] in general, how good or bad a job do you think the [government/president in [CAPITAL]] has done over the past [NUMBER OF YEARS SINCE LAST GOVERNMENT TOOK OFFICE, BEFORE THE CURRENT ELECTION] years? Has [it/he/she] done a very good job? A good job? A bad job? A very bad job?",
Norway,GALLUPWORLD_LSHP,Gallup World Poll (leadership),approval,Do you approve or disapprove of the job performance of the leadership of this country?,
Norway,GALLUPWORLD_LDR,Gallup World Poll (leader),Approval ,Do you approve or disapprove of the way the leader/head/President of this country is handling his/her job as leader/head/President?,
Norway,MorningConsult,Morning Consult Global Approval Tracker,Approval,,
Norway,YouGovEuroTrack_Gov,YouGov Eurotrack/Handelsblatt Government Approval,approval ,"""Do you approve or disapprove of the government's record to date?"" ",
Nothern Cyprus,GALLUPWORLD_LSHP,Gallup World Poll (leadership) ,approval,Do you approve or disapprove of the job performance of the leadership of this country?,
Nothern Cyprus,GALLUPWORLD_LDR,Gallup World Poll (leader),Approval ,Do you approve or disapprove of the way the leader/head/President of this country is handling his/her job as leader/head/President?,
Pakistan,GALLUPPAK,Gallup Pakistan ,Opinion,"What is your opinion on prime minister (name)'s overall performance? (range from very good, good, bad, very bad)",
Pakistan,GALLUPWORLD_LSHP,Gallup World Poll (leadership) ,approval,Do you approve or disapprove of the job performance of the leadership of this country?,
Pakistan,GALLUPWORLD_LDR,Gallup World Poll (leader),Approval ,Do you approve or disapprove of the way the leader/head/President of this country is handling his/her job as leader/head/President?,
Pakistan,IRI,International Republican Institute,,,
Pakistan,Pulse Consultant,Pulse Consultant,Satisfaction,,
Palestine,ARABBAROMETER10,Arab Barometer Wave 1/2/(some of 3) *based on a ten point scale*,Satisfaction,"Using a similar 10-point scale, where 1 means very unsatisfied and 10 means very satisfied, indicate how satisfied you are with the performance of the current [respondent’s country] government",
Palestine,ARABBAROMETER11,"Arab Barometer waves 3-5, using an 11 pt scale",Satisfaction,"Suppose that there was a scale from 0-10 to measure the extent of your satisfaction with the government, in which 1 means that you were absolutely unsatisfied with its performance and 10 means that you were completely satisfied.",
Palestine,AWRD,Arab World for Research and Development,Approval,Would you say that you approve or disapprove of the overall performance of the following leaders?,
Palestine,AWRD2,Arab World for Research and Development,Image,,
Palestine,GALLUPWORLD_LSHP,Gallup World Poll (leadership),approval,Do you approve or disapprove of the job performance of the leadership of this country?,
Palestine,GALLUPWORLD_LDR,Gallup World Poll (leader),Approval ,Do you approve or disapprove of the way the leader/head/President of this country is handling his/her job as leader/head/President?,
Palestine,JMCC,Jerusalem Media and Communications Center,Satisfaction,Are you satisfied or dissatisfied with the way that [name] is doing his job as President of the PNA?,
Palestine,JMCCPERF,Jerusalem Media and Communications Center,Satisfaction,"How do you think that President Abu Mazen is performing his job as President of the PA: in a good, average or in a bad way?",
Palestine,JMCCARAFAT,Jerusalem Media and Communications Center,Approval ,How would you rate Yasser Arafat's performance as PA President?,
Palestine,PCR,Palestinian Center for Policy and Survey Research,Satisfaction,Are you satisfied or not satisfied with the performance of Mahmud Abbas since his election as president of the PA?,
Palestine,PCR2,Palestinian Center for Policy and Survey Research (Institution),Approval,"Generally, how do you evaluate the performance of the institution of the Presidency?",
Panama,BORGEYASOCFAV,Borge y Asociados (Opinión),Opinión,Le voy a mencionar los nombres de algunas personas para que usted me diga ¿si sabe quién es? y ¿qué opinión tiene de ellas? Muy/Algo favorable v. algo/muy desfavorable; no lo conoce,
Panama,BORGEYASOCGES,Borge y Asociados (Gestión),Gestión,"A la fecha como califica la Gestión de Juan Carlos Varela como Presidente de Panama: muy buena, buena, mala o muy mala?",
Panama,CIDGALLUP,CID-Gallup (Desempeño),Desempeño,"¿Diría que ha desempeñado sus labores muy bien, algo bien, ni bien ni mal, algo mal o muy mal?",
Panama,CIDGALLUPAPP,CID-Gallup (Gestión),Gestión,¿Usted aprueba o desaprueba la gestión del Presidente?,
Panama,CIDGALLUPFAV,CID-Gallup (Opinión),Opinión,¿Tiene usted una opinión favorable o desfavorable del presidente [NOMBRE]?,
Panama,CIMAPSMS2DESM,Barómetro Iberoamericano de Gobernabilidad (Desempeño),Desempeño,"Usted diría que la forma como viene desempeñando su trabajo el Presidente es muy buena, buena, ni buena ni mala, mala o muy mala?",
Panama,CIMAPSMSIGMA2,Barómetro Iberoamericano de Gobernabilidad (Gestión),Gestión,¿Usted aprueba o desaprueba la gestión del Presidente?,
Panama,DATEXCOIMG,Datexco (Imagen),Imagen,¿Usted tiene una imagen favorable o desfavorable del presidente [NOMBRE]?,
Panama,DICHTERNEIRAGES,Dichter & Neira (Gestión),Gestión,"En términos generales, ¿Cómo califica usted la gestión del Presidente Juan Carlos Varela? Diría usted que es… Excelente, Buena, Mala, o Muy Mala?",
Panama,DICHTERNEIRALAB,Dichter & Neira (Labor),Labor,"En este momento usted, ¿aprueba o desaprueba la labor del Presidente?",
Panama,GALLUPPANAMA,Gallup Panama (Gestión),Gestión,¿Cuál es la opinión que tiene usted de la manera en que Nito Cortizo se desempeña en sus labores como presidente hasta ahora?,
Panama,GALLUPPANAMAFAV,Gallup Panama (Opinión),Opinión,"¿A nivel general, cuál es su opinión de Laurentino “Nito” Cortizo como persona?",
Panama,GALLUPWORLD_LSHP,Gallup World Poll (leadership) ,Approval,Do you approve or disapprove of the job performance of the leadership of this country?,
Panama,GALLUPWORLD_LDR,Gallup World Poll (leader),Approval ,Do you approve or disapprove of the way the leader/head/President of this country is handling his/her job as leader/head/President?,
Panama,GISMO,Gismo Services,Imagen,Image Muy/Buena v. Muy/mala,
Panama,IPSOS,IPSOS,Desempeño,"En términos generales, ¿califique el desempeño del trabajo que está haciendo [NOMBRE] como Presidente de la República de Panamá, donde 5 es excelente trabajo y 1 es muy mal trabajo, (encuestador leer opciones)?",
Panama,LAPRENSA,La Prensa/GAD3,Gestión,"En general, ¿como valora la gestión del presidente Laurentino Cortizo en los ultimos 2 anos? Muy buena, buena, ni buena ni mala, mala, muy mala",
Panama,LAPOP,AmericasBarometer (Trabajo),Trabajo,"Hablando en general acerca del gobierno actual, ¿diría usted que el trabajo que está realizando el Presidente [NAME OF CURRENT PRESIDENT] es muy bueno, bueno, ni bueno ni malo, malo, o muy malo?",
Panama,LB,Latinobarometer (Gestión),Gestión,¿Usted aprueba o no aprueba la gestión del gobierno que encabeza el presidente [nombre]?,
Panama,LB,Latinobarometer (Gestión),Gestión,¿Usted aprueba o no aprueba la gestión del gobierno que encabeza el presidente [nombre]?,
Panama,M&R,M&R Consultores-Panóptico de Opinión Pública (Imagen),Imagen,Agrada v. Desagrada,
Panama,PRODIGIOUS,Prodigious Consulting,,,
Panama,PSMSIGMA2,PSM-Sigma2 (Gestión),Desempeño,¿Usted aprueba o desaprueba el desempeño de [NOMBRE] como Presidente?,
Panama,STRATMARK,StratMark (Conducir),Approval,"Aprueba o desaprueba la forma como el presidente de la República, Juan Carlos Varela, está conduciendo el Gobierno?",
Panama,UNIMER,Unimer (Gestión),Gestión,¿Cómo califica la gestión de [NOMBRE] como presidente? Muy buena/buena v. mala/muy mala,
Paraguay,ATISNEAD,Ati Snead (Gestión),Gestión,"¿Cómo calificaría usted la gestión del Presidente de la República? excelente/bueno, regular, malo/muy malo",
Paraguay,ATISNEADACEPT,Ati Snead (Aceptación),Aceptación,¿Cómo calificaría usted la gestión del Presidente de la República? Acepto vs. Rechazo,
Paraguay,ATLAS,AtlasIntel,Aprobación,¿Aprueba o desaprueba la forma en que Mario Abdo está conduciendo el Gobierno de Paraguay?,
Paraguay,ATLASEVAL,AtlasIntel,Evaluación,¿Cuál es su evaluación del gobierno de Mario Abdo?,
Paraguay,CBIMAG,CB Consultora (Imagen),Imagen,"Imagen: Muy buena + Buena, Mala + Muy Mala",
Paraguay,CELAG_GES,CELAG  (Gestión),Gestión,,
Paraguay,CELAG_IMAG,CELAG  (Imagen),Imagen,"¿Qué opinión tiene usted del actual presidente Mario Abdo, diría que es positiva o negativa?",
Paraguay,CIMAAPP,Barómetro Iberoamericano de Gobernabilidad (Gestión),Gestión,¿Usted aprueba o desaprueba la gestión del Presidente?,
Paraguay,CIMADESEMP,Barómetro Iberoamericano de Gobernabilidad (Desempeño),Desempeño,"Usted diría que la forma como viene desempeñando su trabajo el Presidente es muy buena, buena, ni buena ni mala, mala o muy mala?",
Paraguay,CIRDPRCONT,Fundación CIRD/Centro de Información y Recursos para el Desarrollo (Feeling),Feeling,"Con [NOMBRE] como presidente de la República…¿Cómo se siente usted? Muy contento, contento, a medias contento, nada contento",
Paraguay,CIRDPRTRAB,Fundación CIRD/Centro de Información y Recursos para el Desarrollo (Trabajo),Trabajo,"Y hablando en general del actual gobierno, diría usted que el trabajo que está realizando el presidente [NOMBRE] es…? Excelent, bueno regular/ni-ni, malo, pesimo/muy malo",
Paraguay,COIN,COIN/Consumer Intelligence S.A. (Desempeño),Desempeño,"¿Cómo calificaría usted el desempeño de [NOMBRE] como presidente? excelente/bueno, regular, malo/muy malo",
Paraguay,CUORE,Revista Cuore,,,
Paraguay,ELTRUENOGES,El Trueno (Gestión),Gestión,"¿Cómo evalúa la gestión del presidente Mario Abdo Benítez? Por favor, utilice una escala que va del 1 al 5, donde 1 significa “muy malo”, 2 “malo”, 3 “ni bueno ni malo”, 4 “bueno” y 5 “muy bueno”.",
Paraguay,ELTRUENOIMG,El Trueno (Imagen),Imagen,"Califique la imagen que Ud. tiene de Mario Abdo Benítez. Por favor, utilice una escala que va del 1 al 5, donde 1 significa “muy malo”, 2 “malo”, 3 “ni bueno ni malo”, 4 “bueno” y 5 “muy bueno”.",
Paraguay,FIRST,First Análisis & Estudios (Desempeño),Desempeño,¿Usted aprueba o desaprueba el desempeño de [NOMBRE] como Presidente?,
Paraguay,GALLUPWORLD_LSHP,Gallup World Poll (leadership) ,Approval,Do you approve or disapprove of the job performance of the leadership of this country?,
Paraguay,GALLUPWORLD_LDR,Gallup World Poll (leader),Approval ,Do you approve or disapprove of the way the leader/head/President of this country is handling his/her job as leader/head/President?,
Paraguay,GEO,GEO/Gabinete de Estudios de Opinión (Desempeño),Desempeño,"¿Cómo calificaría usted el desempeño del gobierno de [NOMBRE]? bueno, regular, malo",
Paraguay,GRAU,Grau & Asociados (Gestión),Gestión,"¿Cómo calificaría la gestión del presidente de la republica [NOMBRE] tomando la escala siguiente? Execelente, muy buena, buena, ni buena ni mala, mala, muy mala, pesima",
Paraguay,IBOPECIES,IBOPE-CIES/Centro de Investigación de Estudios Socioeconómicos (Gestión),Gestión,¿Cómo calificaría usted el Gestión del presidente [nombre]?,
Paraguay,ICA,ICA/Instituto de Comunicacion y Arte,Gestión,¿Cómo calificaría usted la gestión del presidente [nombre]? muy buena/buena v. regular v. mala/muy mala,
Paraguay,LAPOP,AmericasBarometer (Trabajo),Trabajo,"Hablando en general acerca del gobierno actual, ¿diría usted que el trabajo que está realizando el Presidente [NAME OF CURRENT PRESIDENT] es muy bueno, bueno, ni bueno ni malo, malo, o muy malo?",
Paraguay,LB,Latinobarometer (Gestión),Gestión,¿Usted aprueba o no aprueba la gestión del gobierno que encabeza el presidente [nombre]?,
Paraguay,MORI,Equipos MORI Consultores,,"Do you approve of disapprove of Nicanor Duarte’s performance as president? approve, neither approve nor disapprove, disapprove",
Paraguay,POLIANALITICA,Polianalítica,Aprobación,Aprobación presidencial,
Paraguay,ServiciosDigitales,Servicios Digitales,,,
Peru,ATLASINTELLATAMPULSE,Atlas Intel Latam Pulse (Desempeño),Desempeño,¿Apruebas o desapruebas el desempeño de la presidenta Dina Boluarte?,
Peru,IPSOS-APOYOLC,"Apoyo Opinión y Mercado (Gestión, Lima and Callao)",Gestión,¿Aprueba o desaprueba la gestión de [NOMBRE]?,
Peru,IPSOS-APOYONAC,"IPSOS/Apoyo Opinión y Mercado (Gestión, National)",Gestión,"¿Aprueba o desaprueba la gestión de [NOMBRE]?/En general, ¿diría que aprueba o desaprueba la gestión de…? (%)",
Peru,IPSOS-APOYOURB,"IPSOS/Apoyo Opinión y Mercado (Gestión, Urban)",Gestión,¿Aprueba o desaprueba la gestión de [NOMBRE]?,
Peru,ATLASINTELAPP,Atlas Intel Approval,Conduciendo,¿Usted aprueba o desaprueba la forma en que [NOMBRE] está conduciendo el Gobierno del Peru?,
Peru,ATLASINTELIMG,Atlas Intel Image,Image,¿Usted tiene una imagen positiva o negativa de los siguientes líderes?,
Peru,CBIMAG,CB Consultora (Imagen),Imagen,"Imagen: Muy buena + Buena, Mala + Muy Mala",
Peru,CELAG,CELAG (Gestión),Gestión,"En su opinion, la gestión del Gobierno de [NAME] esta siendo...(Muy buena + buena), (Regular/buena, Regular/mala), (mala + muy mala)",
Peru,CELAG_IMG,CELAG (Imagen),Imagen,"A continuación, le voy a pedir que me indique si tiene una imagen positiva o negativa de los siguientes dirigentes nacionales. Si no lo conoce o no tiene una opinión formada, por favor, dígamelo.",
Peru,CIDGALLUPAPP,CID-Gallup (Gestión),(Gestión),¿Usted aprueba o desaprueba la gestión del Presidente?,
Peru,GALLUPWORLD_LDR,Gallup World Poll (leader),Approval ,Do you approve or disapprove of the way the leader/head/President of this country is handling his/her job as leader/head/President?,
Peru,CIMAAPYAPP,Barómetro Iberoamericano de Gobernabilidad (Gestión),Gestión,¿Usted aprueba o desaprueba la gestión del Presidente?,
Peru,CIMAAPYDES,Barómetro Iberoamericano de Gobernabilidad (Desempeño),Desempeño,"Usted diría que la forma como viene desempeñando su trabajo el Presidente es muy buena, buena, ni buena ni mala, mala o muy mala?",
Peru,CIT,Centro de Investigación Territorial,Approval,¿Aprueba o desaprueba a [NOMBRE] como Presidente de la Republica?,
Peru,CIT2,Centro de Investigación Territorial,Approval,¿Aprueba o desaprueba la labor que viene desarrollando[NOMBRE] como Presidenta de la República? ,
Peru,CPILIMA,"CPI/Compañía Peruana de Investigación y Mercado (Gestión, Lima)",Gestión,"En términos generales, Ud. ¿aprueba o desaprueba la gestión que viene realizando el Presidente [NOMBRE] en lo que va de su gestión?",
Peru,CPINAC,"CPI/Compañía Peruana de Investigación y Mercado (Gestión, National)",Gestión,"En términos generales, Ud. ¿aprueba o desaprueba la gestión que viene realizando el Presidente [NOMBRE] en lo que va de su gestión?",
Peru,CSES,Comparative Study of Electoral Systems,performance,"Now thinking about the performance of the [government in [CAPITAL]/president] in general, how good or bad a job do you think the [government/president in [CAPITAL]] has done over the past [NUMBER OF YEARS SINCE LAST GOVERNMENT TOOK OFFICE, BEFORE THE CURRENT ELECTION] years? Has [it/he/she] done a very good job? A good job? A bad job? A very bad job?",
Peru,DATUMINTL,"Datum International (Labor, National)",Approval,¿Aprueba o desaprueba la labor pública que viene desarrollando [NOMBRE]como Presidente de la República?,
Peru,DATUMLC,"Datum International (Labor, Lima and Callao)",Approval,¿Aprueba o desaprueba la labor pública que viene desarrollando [NOMBRE]como Presidente de la República?,
Peru,DATUMLCJC,"Datum International (Labor, Lima and Callao) Carrion",Approval,¿Aprueba o desaprueba la labor pública que viene desarrollando [NOMBRE]como Presidente de la República?,
Peru,DATUMURB,"Datum International (Labor, National Urban)",Approval,¿Aprueba o desaprueba la labor pública que viene desarrollando [NOMBRE]como Presidente de la República?,
Peru,GALLUPWORLD_LSHP,Gallup World Poll (leadership) ,Approval,Do you approve or disapprove of the job performance of the leadership of this country?,
Peru,GALLUPWORLD_LDR,Gallup World Poll (leader),Approval ,Do you approve or disapprove of the way the leader/head/President of this country is handling his/her job as leader/head/President?,
Peru,GFKAPR,GfK (Approve Conduciendo),Conduciendo,¿Usted aprueba o desaprueba la forma como [NOMBRE] está conduciendo su gobierno? Aprueba v. Desaprueba,
Peru,GFKEVAL,GfK (Evaluate Conduciendo),Conduciendo,¿Ud diría que la forma en que Ollanta Humala[NOMBRE] viene conduciendo su gobierno es…MuyBueno/Bueno v. Regular v. Malo/MuyMalo?,
Peru,IDICE,Idice del Perú Encuestas de Opinión (Gestión),Gestión,¿Aprueba o desaprueba la gestión del Presidente [NOMBRE]?,
Peru,IEP,Instituto de Estudios Público (Conduciendo),Conduciendo,¿Usted aprueba o desaprueba la forma como [NAME] está conduciendo su gobierno?,
Peru,IMAMARK3,IMA Estudios de Marketing (Lima and Callao),,MuyBueno/Bueno v. Regular v. Malo/MuyMalo,
Peru,IMAMARKAPP,"IMA Estudios de Marketing (Gestión, Lima and Callao)",Gestión,"¿Usted aprueba o desaprueba la gestión del Presidente [NOMBRE]? Aprueba totalmente, arpueba medianamente, desprueba medianamente, desprueba totalmente",
Peru,IMASEN,"Imasen (Gestión, Lima and Callao)",Gestión,,
Peru,LAPOP,AmericasBarometer (Trabajo),Trabajo,"Hablando en general acerca del gobierno actual, ¿diría usted que el trabajo que está realizando el Presidente [NAME OF CURRENT PRESIDENT] es muy bueno, bueno, ni bueno ni malo, malo, o muy malo?",
Peru,LB,Latinobarometer (Gestión),Gestión,¿Usted aprueba o no aprueba la gestión del gobierno que encabeza el presidente [nombre]?,
Peru,PUCPLIMA,"Instituto de Opinión Pública Pontificia Universidad Católica del Perú (Gestión, Lima)",Gestión,"En general, ¿diría usted que aprueba o desaprueba la gestión del presidente de la República, [NOMBRE]?",
Peru,PUCPNAC,"Instituto de Opinión Pública Pontificia Universidad Católica del Perú (Gestión, National)",Gestión,"En general, ¿diría usted que aprueba o desaprueba la gestión del presidente de la República, [NOMBRE]?",
Peru,ULIMA3LC,"Grupo de Opinión Pública de la Universidad de Lima (Gobierno, Lima and Callao)",Gestión,"Sobre la Gestión de los siguientes representantes de organismos del estado, como la calificaria usted? muy buena/buena v. regular v. mala/muy mala",
Peru,ULIMALC,"Grupo de Opinión Pública de la Universidad de Lima (Gestión, Lima and Callao)",Gestión,¿Aprueba o desaprueba la gestión de [NOMBRE]como presidente de la República?,
Peru,ULIMANAC,"Grupo de Opinión Pública de la Universidad de Lima (Gobierno, National)",Gobierno,"Independientemente de sus posicion politica, cómo calificaria al gobierno de [President's name]: Muy Bueno, Bueno, Regular, Malo, o Muy Malo?",
Peru,VOXPOPULI,Vox Populi (Gestión),Gestión,¿Aprueba o desaprueba la gestión de [NOMBRE] como Presidente de la República? Aprueba v. desaprueba,
Philippines ,ASIANBAROMETER,Asian Barometer,Satisfaction,"How satisfied or dissatisfied are you with [name of president etc ruling current] government? Very sat, somewhat sat, somewhat dissat, very dissat",
Philippines ,CSES,Comparative Study of Electoral Systems,Performance,"Now thinking about the performance of President [NAME} in general, how good or bad a job do you think s/he has done over the past six years. Has she done a very good, good, bad, or a very bad job?",
Philippines ,GALLUPWORLD_LSHP,Gallup World Poll (leadership) ,Approval,Do you approve or disapprove of the job performance of the leadership of this country?,
Philippines ,GALLUPWORLD_LDR,Gallup World Poll (leader),Approval ,Do you approve or disapprove of the way the leader/head/President of this country is handling his/her job as leader/head/President?,
Philippines ,IBON,Ibon,Performance,"What can you say about [NAME'S] performance as president of the Philippines this past three (3) months? Satisfactory, Unsatisfactory, Don't know, No response",
Philippines ,IRI,International Republican Institute - National Survey,Performance,How would you rate the performance of…?,
Philippines ,OCTA,"OCTA Resarch - ""Tugon ng Masa"" Survey",Performance,"I have here names of some of our government officials and other organizations. Could you please tell us your opinion of their performance in the past 3 months? Using this board could you tell us whether you are satisfied or dissatisfied or you have never read, heard, or watch anything about him/her?",
Philippines ,PUBLICUSASIA,PUBLiCUS Asia,Performance,"How would you rate the overall performance of the following over the past twelve months? Strongly approve, approve, neither, disapprove, strongly disappprove.",Purposive sample from online research panel.
Philippines ,PULSEASIA,Pulse Asia Executive Approval rating ,Approval ,"Mayroon ako ritong mga pangalan ng ilang mga opisyal ng ating pamahalaan. Pakisabi ninyo ang inyong opinyon tungkol sa pagganap nila ng kanilang tungkulin nitong huling tatlong buwan ng kanilang panunungkulan.Sa pamamagitan po ng board na ito (SHOW RATING BOARD), kayo ba ay TALAGANG APROBADO, APROBADO, MAAARING APROBADO AT MAAARING HINDI APROBADO, HINDI APROBADO, o TALAGANG HINDI APROBADO kay (NAME) sa kanyang pagganap bilang (POSITION) o wala pa kayong nabasa o narinig na kahit na ano tungkol sa kanya kahit na kailan?",
Philippines ,RP_MDF,RP-Mission and Development Foundation,Approval ,Job Performance -- Approve or Disapprove,
Philippines ,SWS,Social Weather Stations,Performance,"Please tell me how satisfied or dissatisfied you are in the performance of [NAME] as President of the Philippines: Very Satisfied, Somewhat Satisfied, Undecided if Satisfied or Dissatisfied, Somewhat Dissatisfied, Very Dissatisfied",
Philippines ,WRNUMERO,WR Numero,Performance,How would you describe the current conduct of President Bongbong Marcos' administration in the Philippines?,
Poland_Gov,CSES,Comparative Study of Electoral Systems,performance,"Now thinking about the performance of the [government in [CAPITAL]/president] in general, how good or bad a job do you think the [government/president in [CAPITAL]] has done over the past [NUMBER OF YEARS SINCE LAST GOVERNMENT TOOK OFFICE, BEFORE THE CURRENT ELECTION] years? Has [it/he/she] done a very good job? A good job? A bad job? A very bad job?",
Poland_Gov,GALLUPWORLD_LSHP,Gallup World Poll (leadership) ,Approval,Do you approve or disapprove of the job performance of the leadership of this country?,
Poland_Gov,GALLUPWORLD_LDR,Gallup World Poll (leader),Approval ,Do you approve or disapprove of the way the leader/head/President of this country is handling his/her job as leader/head/President?,
Poland_Gov,CBOS_PMRES,CBOS Public Opinion Research Center - PM Results,Satisfaction,How would you rate the results of the government's activities since PM Hanna Suchocka came to power? ,
Poland_PM,TNS_Kantar,TNS Kantar Market Research Gov,Perfromance/Fullfillment of Duties,"Jak, ogólnie rzecz biorąc, ocenia Pan(i) działalność rządu?",
Poland_PM,CBOS_PM,CBOS Public Opinion Research Center - PM Evaluation,Evaluation,Evaluation of PM's Goverment: Stosunek do rządu,
Poland_PM,CBOS_PMSAT,CBOS Public Opinion Research Center - PM Satisfaction,Satisfaction,"Czy jest Pan(i) zadowolony(a) z tego, że na czele rządu stoi Hanna Suchocka? Zdecydowanie tak + Raczej tak; Raczej nie + Zdecydowanie nie; Trudno powiedzieć",
Poland_PM,CBOS_PMPUB,CBOS Public Opinion Research Center - PM Act in Public Interest,Work Approval,"Do you think that the the activities of the Premier serve the public well and are consistent with the public's interests? Czy, Pana(i) zdaniem, działalność .... dobrze służy społeczeństwu i jest zgodna z jego interesami? - Premiera Tadeusza Mazowieckiego",
Poland_PM,CBOS_PMSERVE,CBOS Public Opinion Research Center - PM Serve Society,Serve Society,"Proszę teraz ocenić działalność różnych instytucji, organizacji oraz osób pełniących ważne funkcje w kraju. Czy, P. zdaniem, działalność … dobrze służy społeczeństwu? - Zdecydowanie tak + Raczej tak;  Raczej nie + Zdecydowanie nie; Trudno powiedzieć / Please now assess the activities of various institutions, organizations and people performing important functions in the country. In your opinion, does the activity ... serve society well? -",
Poland_PM,CBOS_PMFAV,CBOS Public Opinion Research Center - PM Favorability,Favorability,"Proszę powiedzieć, jaka jest Pana(i) opinia o każdej z tych osób. Czy Pana(i) opinia o ………. jest: bardzo korzystna + raczej korzystna; raczej niekorzystna + bardzo niekorzystna; Nie znam tej osoby; Trudno powiedzieć; Odmowa odpowiedzi/brak danych",
Poland_PM,CBOS_PMRETRO,CBOS Public Opinion Research Center - PM Activities in Office,Favorability,Jak by Pan(i) ocenił(a) wyniki działalności rządu premier Hanny Suchockiej od czasu objęcia przezeń władzy? Bardzo dobrze + Raczej dobrze; Raczej źle + Bardzo źle; Trudno powiedzieć,
Poland_PM,IBRIS_PM,Instytutu Badań Społecznych i Rynkowych - IBRiS Prime Minister (Work),Work Approval,Zdecydowanie dobrze; Raczej dobrze; Raczej źle; Zdecydowanie źle; Trudno powiedzieć,
Poland_PM,TNS_Kantar,TNS Kantar Market Research PM,Perfromance/Fullfillment of Duties,"(Jak się Panu(i) wydaje,) Czy PM_ dobrze wypełnia obowiązki premiera [(As it seems to you) Does PM_ fulfill the duties of the prime minister well] ?:  zdecydowanie dobrze/ tak [definitely well / yes]         raczej dobrze/tak [rather well/yes]          raczej źle/nie [rather not well/no]    zdecydowanie źle/nie [definitely not well/no]      trudno powiedzieć [hard to answer]","Telephone + direct interviews supported
computer (CAPI)"
Poland_Pres,CBOS_PRESAPP,CBOS Public Opinion Research Center - Pres Approval,Approval,"Evaluation of the Activities of the President: Good, Bad, Hard to Say; Oceny działalności prezydenta",
Poland_Pres,CBOS_PRESPUB,CBOS Public Opinion Research Center - Pres Act in Public Interest,Work Approval,Do you think that the the activities of the President serve the public well and are consistent with the public's interests?,
Poland_Pres,CBOS_PRESGOVSUPP,CBOS Public Opinion Research Center - Support Govt of Pres ,Support,"Stosunek do rządu [PRES NAME]? Zwolennicy=Supporters, Przeciwnicy=Opponents, Obojętni=Indifferent",
Poland_Pres,IBRIS_PRES,Ibris - Presidential Activities,Work Approval,Jak ocenia pani dzialalnosc prezydenta Duda? Zdecydowanie dobrze; Raczej dobrze; Raczej źle; Zdecydowanie źle; Trudno powiedzieć,
Poland_Pres,MorningConsult,Morning Consult Global Approval Tracker,Approval,,
Poland_Pres,TNS_Kantar,TNS Kantar Market Research Pres,Perfromance/Fullfillment of Duties,(Czy Pana(i) zdaniem) Andrzej Duda dobrze wypełnia obowiązki prezydenta? [(Do you think) Andrzej Duda fills the president's duties well?]?: zdecydowanie dobrze/ tak [definitely well / yes]         raczej dobrze/tak [rather well/yes]          raczej źle/nie [rather not well/no]    zdecydowanie źle/nie [definitely not well/no]      trudno powiedzieć [hard to answer],"Telephone + direct interviews supported
computer (CAPI)"
Portugal_Gov,AXIMAGE,Barómetro político,Performance,"Em relação ao Governo, como avalia a atuação do Governo como um todo, nos últimos 30 dias? O Governo tem atuado:
In relation to the Government, how do you evaluate the performance of the Government as a whole, in the last 30 days? The Government has acted:",
Portugal_Gov,CSES,Comparative Study of Electoral Systems,performance,"Now thinking about the performance of the [government in [CAPITAL]/president] in general, how good or bad a job do you think the [government/president in [CAPITAL]] has done over the past [NUMBER OF YEARS SINCE LAST GOVERNMENT TOOK OFFICE, BEFORE THE CURRENT ELECTION] years? Has [it/he/she] done a very good job? A good job? A bad job? A very bad job?",
Portugal_Gov,CSES-GOV-PT,CSES (Portuguese Government),Performance,"CSES 1: Agora pensando no desempenho do governo EM GERAL, na sua opinião, como avaliaria o trabalho do governo ao longo dos três últimos anos? 
CSES 2: Agora pensando no DESEMPENHO GERAL do governo de Pedro Santana Lopes, na sua opinião, como avaliaria o trabalho desse governo?
CSES 3: Pensando no DESEMPENHO GERAL do governo de José Sócrates, como avaliaria o trabalho desse governo?
CSES 4: Pensando no DESEMPENHO GERAL do governo PSD-CDS, como avaliaria o trabalho desse governo?",Telephone/Face-to-Face
Portugal_Gov,CESOP/UCP,Sondagem social e política,Performance,"Em geral, como avalia o desempenho do Governo? Acha que tem sido muito mau, mau, razoável, bom ou
muito bom?
In general, how do you evaluate the performance of the Government? Do you think it has been very bad, bad, fair, good or
very good?",
Portugal_Gov,EUROEXPANSAO-EXPRESSO-GOV,Sondagem Euroexpansao - Jornal Expresso Government,Satisfaction,,Telephone
Portugal_Gov,EUROSONDAGEM_GOV,"Eurosondagem (Government, 2008-2018)",Performance,"Do you think the performance of the Government, in its whole, has been:",Telephone
Portugal_Gov,GALLUPWORLD_LSHP,Gallup World Poll (leadership) ,Approval,Do you approve or disapprove of the job performance of the leadership of this country?,
Portugal_Gov,GALLUPWORLD_LDR,Gallup World Poll (leader),Approval ,Do you approve or disapprove of the way the leader/head/President of this country is handling his/her job as leader/head/President?,
Portugal_Gov,ICS-ISCTE,SONDAGEM POLÍTICA,Performance,"""Pensando no desempenho geral do actual governo, como avaliaria esse desempenho? Diria que o governo está a fazer um trabalho…""
""Thinking about the general performance of the current government, how to evaluate the performance? I would say that the government is doing a job…""",
Portugal_Gov,INTERCAMPUS,Barómetro CMTV,Performance,"Vou pedir-lhe para avaliar a atuação de o governo, de acordo com a mesma escala de 5 respostas possíveis que lhe vou ler: 1. ATUAÇÃO MUITO NEGATIVA, 2. ATUAÇÃO NEGATIVA, 3. ATUAÇÃO NEM NEGATIVA NEM POSITIVA, 4. ATUAÇÃO POSITIVA, 5. ATUAÇÃO MUITO POSITIVA
I will ask you to rate the performance of the government, according to the same scale of 5 possible answers that I am going to read you: 1. VERY NEGATIVE PERFORMANCE, 2. NEGATIVE PERFORMANCE, 3. NEITHER NEGATIVE NOR POSITIVE PERFORMANCE, 4. POSITIVE PERFORMANCE , 5. VERY POSITIVE PERFORMANCE",
Portugal_Gov,PITAGORICA,BARÓMETRO TVI / CNN PORTUGAL,Approval,Que avaliação faz do governo liberado por António Costa até o momento? What evaluation of the government headed by... as of today?,
Portugal_Gov,UCP/CESOP,Sondagem social e política,Performance,"Em geral, como avalia o desempenho do Governo? Acha que tem sido muito mau, mau, razoável, bom ou muito bom?
In general, how do you evaluate the performance of the Government? Do you think it has been very bad, bad, fair, good or very good?",
Portugal_PM,AXIMAGE_PM,Barómetro político,Performance,"Como avalia a atuação de António Costa enquanto Primeiro-Ministro e chefe do Governo nos últimos 30 dias. Tem atuado:
How do you evaluate António Costa's performance as Prime Minister and Head of Government in the last 30 days. Has acted:",
Portugal_PM,EUROEXPANSAO-EXPRESSO-PM,Sondagem Euroexpansao - Jornal Expresso Prime Minister,Satisfaction,,Telephone
Portugal_PM,EUROSONDAGEM_PM,"Eurosondagem (Prime-Minister, 2001-2018)",Performance,"Do you think the performance of the Prime-Minister, [NAME OF CURRENT PRIME MINISTER], has been:",Telephone
Portugal_PM,INTERCAMPUS_PM,Barómetro CMTV,Performance,"Vou pedir-lhe para avaliar a atuação de o primeiro ministro, de acordo com a mesma escala de 5 respostas possíveis que lhe vou ler: 1. ATUAÇÃO MUITO NEGATIVA, 2. ATUAÇÃO NEGATIVA, 3. ATUAÇÃO NEM NEGATIVA NEM POSITIVA, 4. ATUAÇÃO POSITIVA, 5. ATUAÇÃO MUITO POSITIVA
I will ask you to rate the performance of the prime minister, according to the same scale of 5 possible answers that I am going to read you: 1. VERY NEGATIVE PERFORMANCE, 2. NEGATIVE PERFORMANCE, 3. NEITHER NEGATIVE NOR POSITIVE PERFORMANCE, 4. POSITIVE PERFORMANCE , 5. VERY POSITIVE PERFORMANCE",
Portugal_PM,MARKTEST_PM,"Marktest (Prime-Minister, 2001-2013)",Performance,"In your own opinion, would you say that the performance of Prime-Minister [NAME] has been POSITIVE or NEGATIVE?",Telephone
Portugal_PM,METRIS_PM,,,,
Portugal_PM,PITAGORICA,BARÓMETRO TVI / CNN PORTUGAL,Approval,Na sua opinião aprova ou desaprova a forma como o Primeiro-Ministro está a governar o país? Do you approve or disapprove the way in which the PM governs the country?,
Portugal_Pres,AXIMAGE,Barómetro político,Performance,"Falemos agora da atuação do Presidente da República. Na sua opinião, nos últimos 30 dias, tem atuado:
Now let's talk about the role of the President of the Republic. In his opinion, in the last 30 days, he has acted:",
Portugal_Pres,EUROEXPANSAO-EXPRESSO-PRES,Sondagem Euroexpansao - Jornal Expresso President,Satisfaction,,Telephone
Portugal_Pres,EUROSONDAGEM_PRES,"Eurosondagem (President, 2001-2018)",Performance,"Do you think the performance of the President, [NAME OF CURRENT PRESIDENT], has been:",Telephone
Portugal_Pres,MARKTEST_PRES,"Marktest (President, 2001-2013)",Performance,"In your own opinion, would you say that the performance of President [NAME] has been POSITIVE or NEGATIVE?",Telephone
Portugal_Pres,INTERCAMPUS,Barómetro CMTV,Performance,"Vou pedir-lhe para avaliar a atuação de o presidente  da República, de acordo com a mesma escala de 5 respostas possíveis que lhe vou ler: 1. ATUAÇÃO MUITO NEGATIVA, 2. ATUAÇÃO NEGATIVA, 3. ATUAÇÃO NEM NEGATIVA NEM POSITIVA, 4. ATUAÇÃO POSITIVA, 5. ATUAÇÃO MUITO POSITIVA
I will ask you to rate the performance of the president, according to the same scale of 5 possible answers that I am going to read you: 1. VERY NEGATIVE PERFORMANCE, 2. NEGATIVE PERFORMANCE, 3. NEITHER NEGATIVE NOR POSITIVE PERFORMANCE, 4. POSITIVE PERFORMANCE , 5. VERY POSITIVE PERFORMANCE",
Portugal_Pres,UCP/CESOP,Sondagem Social e Política,Performance,"Como avalia o primeiro mandato do Presidente?
How do you rate the President's first mandato?",
Romania_Gov,AtlasIntelEval,AtlasIntel,Evaluation,"Cum evaluezi performanța actuală a președintelui Klaus Iohannis, a premierului Marcel Ciolacu și a Guvernului României?",
Romania_Gov,AtlasIntel,AtlasIntel,Approval,"Aprobi sau dezaprobi performanța actuală a președintelui Klaus Iohannis, a premierului Marcel Ciolacu și a Guvernului României?",
Romania_Gov,AVANGARDE,Avangarde,,,
Romania_Gov,CSES,Comparative Study of Electoral Systems,Performance,"Now thinking about the performance of the [government in [CAPITAL]/president] in general, how good or bad a job do you think the [government/president in [CAPITAL]] has done over the past [NUMBER OF YEARS SINCE LAST GOVERNMENT TOOK OFFICE, BEFORE THE CURRENT ELECTION] years? Has [it/he/she] done a very good job? A good job? A bad job? A very bad job?",
Romania_Gov,CURS_INST,CURS  (Government Confidence) ,Confidence,"Question: ""How much confidence do you have in the following political institutions?"" %APPROVE: Much/Very much; %DISAPPROVE: Little/Very little",
Romania_Gov,INSCOP,INSCOP,trust,Câtă încredere aveți în următoarele instituții politice?//How much trust do you have in the following political institutions?,
Romania_Gov,IRES_POSTELEC,IRES (Trust) ,Trust,Câtă încredere aveți în următoarele instituții?// How much trust do you have in the following institutions?,
Romania_PM,AtlasIntelEval,AtlasIntel,Evaluation,"Cum evaluezi performanța actuală a președintelui Klaus Iohannis, a premierului Marcel Ciolacu și a Guvernului României?",
Romania_PM,AtlasIntel,AtlasIntel,Approval,"Aprobi sau dezaprobi performanța actuală a președintelui Klaus Iohannis, a premierului Marcel Ciolacu și a Guvernului României?",
Romania_PM,AtlasIntelImagen,AtlasIntel,Image,Ai o părere pozitivă sau negativă despre următorii politicieni?,
Romania_PM,AVANGARDE_PMTRUST,Avangarde - Prime Minister Trust,Trust,,
Romania_PM,AVANGARDE_PMOPINION,Avangarde - President Opinion,Opinion,"În continuare vă vom citi o listă de politicieni și personalități din România. Vă rugăm să ne spuneți ce părere aveți despre fiecare în parte: Parare buna, parere proasta/ Below we will read you a list of politicians and personalities from Romania. Please let us know what you think each one: Good opinion, bad opinion",
Romania_PM,BCS_PMTRUST,Bureau for Social Research - Trust in Political Personalities,Trust,,
Romania_PM,CSCI_PMSAT,Info-Politics Studies and Research Center - Prime Minister Satisfaction,Satisfaction,"Cat de multumit sunteti de activitatea premierului Romaniei, [NAME]? Foarte multumit, Destul de multumit, Destul de nemultumit, Foarte nemultumit",
Romania_PM,CSCI_PMTRUST,Info-Politics Studies and Research Center - Prime Minister Trust 4 response choices,Trust,Incredere multa si foarte multa,
Romania_PM,CSCI_PMTRUST5,Info-Politics Studies and Research Center - Prime Minister Trust 5 response choices,Trust,"Câtă încredere aveţi în...[NAME] Puţină Foarte, puţină, Aşa şi aşa, Multă, Foarte multă ",
Romania_PM,CURS,CURS  (Confidence) ,Confidence,"Question: ""How much confidence do you have in the following political personalities?"" %APPROVE: Much/Very much; %DISAPPROVE: Little/Very little",
Romania_PM,CURS_INST,CURS  (Premiership Confidence) ,Confidence,"Question: ""How much confidence do you have in the following political institutions?"" %APPROVE: Much/Very much; %DISAPPROVE: Little/Very little",
Romania_PM,CURS_OPIN,CURS  (Opinion) ,Opinion,Ce parere aveti despres umatoarele personalitati politice? Foarte Buna/buna v. proasta/foarte proasta,
Romania_PM,GALLUP,Gallup (Confidence),Confidence,"Question: ""How much confidence do you have in the following political personalities?"" %APPROVE: Much/Very much; %DISAPPROVE: Little/Very little",
Romania_PM,ICCV,ICCV (Confidence),Confidence,"Question: ""How much confidence do you have in the following political personalities?"" %APPROVE: Much/Very much; %DISAPPROVE: Little/Very little",
Romania_PM,IMAS,IMAS(Confidence),Confidence,"Question: ""How much confidence do you have in the following political personalities?"" %APPROVE: Much/Very much; %DISAPPROVE: Little/Very little",
Romania_PM,INSCOP,INSCOP,trust,Câtă încredere aveți în următoarele instituții politice?//How much trust do you have in the following political institutions?,
Romania_PM,IRES_POSTELEC,IRES (Trust),Trust,Câtă încredere aveți în următoarele personalități?//How much confidence do you have in the following personalities?,
Romania_PM,IRES_BALANCE,"IRES (The Political Balance of 2014, Trust) ",trust,"How much do you trust... [president, government, pm]? ",
Romania_PM,IRES_APPROVAL,IRES Approval,Approval,Approval v. Disapproval,
Romania_PM,IRSOP,IRSOP (Confidence),Confidence,"Question: ""How much confidence do you have in the following political personalities?"" %APPROVE: Much/Very much; %DISAPPROVE: Little/Very little",
Romania_PM,LUAS,LUAS (Confidence) ,Confidence,"Question: ""How much confidence do you have in the following political personalities?"" %APPROVE: Much/Very much; %DISAPPROVE: Little/Very little",
Romania_PM,MMT,MMT (Confidence) ,Confidence,"Question: ""How much confidence do you have in the following political personalities?"" %APPROVE: Much/Very much; %DISAPPROVE: Little/Very little",
Romania_Pres,AtlasIntel,AtlasIntel,Approval,"Aprobi sau dezaprobi performanța actuală a președintelui Klaus Iohannis, a premierului Marcel Ciolacu și a Guvernului României?",
Romania_Pres,AtlasIntelEval,AtlasIntel,Evaluation,"Cum evaluezi performanța actuală a președintelui Klaus Iohannis, a premierului Marcel Ciolacu și a Guvernului României?",
Romania_Pres,AtlasIntelImagen,AtlasIntel,Image,Ai o părere pozitivă sau negativă despre următorii politicieni?,
Romania_Pres,AVANGARDE_PRESTRUST,Avangarde - President Trust,Trust,,
Romania_Pres,AVANGARDE_PRESOPINION,Avangarde - President Opinion,Opinion,"În continuare vă vom citi o listă de politicieni și personalități din România. Vă rugăm să ne spuneți ce părere aveți despre fiecare în parte: Parare buna, parere proasta/ Below we will read you a list of politicians and personalities from Romania. Please let us know what you think each one: Good opinion, bad opinion",
Romania_Pres,BCS_PRESTRUST,Bureau for Social Research - Trust in Political Personalities,Confidence,,
Romania_Pres,CSCI_PRESSAT,Info-Politics Studies and Research Center - President Satisfaction,Satisfaction,"Cat de multumit sunteti de activitatea presedintelui Romaniei, [NAME]? Foarte multumit, Destul de multumit, Destul de nemultumit, Foarte nemultumit",
Romania_Pres,CSCI_PRESTRUST,Info-Politics Studies and Research Center - President Trust 4 response choices,Trust,Incredere multa si foarte multa,
Romania_Pres,CSCI_PRESTRUST5,Info-Politics Studies and Research Center - President Trust 5 response choices,Trust,"Câtă încredere aveţi în...[NAME] Puţină Foarte, puţină, Aşa şi aşa, Multă, Foarte multă ",
Romania_Pres,CURS,CURS Poll,Approval,,
Romania_Pres,CURS_INST,CURS  (Presidency Confidence) ,Confidence,"Question: ""How much confidence do you have in the following political institutions?"" %APPROVE: Much/Very much; %DISAPPROVE: Little/Very little",
Romania_Pres,INSCOP,INSCOP,trust,Câtă încredere aveți în următoarele instituții politice?//How much trust do you have in the following political institutions?,
Romania_Pres,IRI_SAT,International Republican Institute (Satisfacton) ,Satisfaction,Are you satisfied with the way President Iohannis has handled his job as President of Romania?,
Romania_Pres,IRES_POSTELEC,IRES Post election romanian politcs (Trust) ,Trust,How much trust do you have in the following institutions/personalities?,
Romania_Pres,IRES_BALANCE,"IRES (The Political Balance of 2014, Trust) ",trust,"How much do you trust... [president, government, pm]? ",
Romania_Pres,IRES_SOCIETY,IRES (Romanian Society Limited Trust) ,trust,"How much trust do you have in...[president, government]",
Romania_Pres,IRES_APPROVAL,IRES Approval,Approval,Approval v. Disapproval,
Romania_Pres,LARICS_TRUST, Laboratory for Information Warfare Analysis and Strategic Communication (LARICS),Trust,,
Russian Federation_GOV,CSES,Comparative Study of Electoral Systems,Performance,"Now thinking about the performance of the [government in [CAPITAL]/president] in general, how good or bad a job do you think the [government/president in [CAPITAL]] has done over the past [NUMBER OF YEARS SINCE LAST GOVERNMENT TOOK OFFICE, BEFORE THE CURRENT ELECTION] years? Has [it/he/she] done a very good job? A good job? A bad job? A very bad job?",
Russian Federation_GOV,FOMGov,FOM: Public Opinion Foundation -- Government,Approval,"How do you think the Russian government is working today - rather good or rather bad? включительно вопрос задавался в формулировке: «Как, по Вашему мнению, сегодня работает российское правительство – хорошо или плохо?",
Russian Federation_GOV,GALLUPWORLD_LSHP,Gallup World Poll (leadership) ,Approval,Do you approve or disapprove of the job performance of the leadership of this country?,
Russian Federation_GOV,GALLUPWORLD_LDR,Gallup World Poll (leader),Approval ,Do you approve or disapprove of the way the leader/head/President of this country is handling his/her job as leader/head/President?,
Russian Federation_GOV,Levada,Levada Public Opinion Research Center,Approval,"In general, do you approve or disapprove the activity of Russian government? - Вы в целом одобряете или не одобряете деятельность правительства России?",face-to-face
Russian Federation_PM,FOMPM,FOM: Public Opinion Foundation -- Prime Minister,Approval,"In your opinion, is the head of government Mikhail Mishustin working in his post rather well or rather badly? На ваш взгляд, глава правительства Михаил Мишустин работает на своём посту скорее хорошо или скорее плохо?",
Russian Federation_PM,Levada/HSE,Levada/HSE/VTsIOM United Database,Approval,"In general, do you approve or disapprove the activity of X as PM of Russia? - Вы в целом одобряете или не одобряете деятельность [X] на посту премьер-министра России?",face-to-face
Russian Federation_PM,VCIOMPMTRUST,VCIOM Trust -- Prime Minister,Trust,"Please tell me, do you trust or do not trust...? ""I definitely trust + I rather trust"" / кажите, пожалуйста, Вы доверяете или не доверяете …?» (один ответ, % от опрошенных)",
Russian Federation_Pres,FOMPres,FOM: Public Opinion Foundation -- President,Approval,"Do you think that President V. Putin works in his post rather well or rather badly? Как Вы считаете, президент В. Путин работает на своём посту скорее хорошо или скорее плохо?",face-to-face
Russian Federation_Pres,Levada/HSE,Levada/HSE/VTsIOM United Database,Approval,"In general, do you approve or disapprove the activity of X as President of Russia? - Вы в целом одобряете или не одобряете деятельность [X] на посту президента России?",face-to-face
Russian Federation_Pres,VICOM,Russian Center for Public Opinion Research (VICOM),approval ,“On the whole do you approve or disapprove of the perfor- mance of [the President’s name]?”,
Russian Federation_Pres,VCIOMPRESTRUST,Russian Center for Public Opinion Research (VICOM),Trust,"Please tell me, do you trust or do not trust...? ""I definitely trust + I rather trust"" / кажите, пожалуйста, Вы доверяете или не доверяете …?» (один ответ, % от опрошенных)",
Russian Federation_Pres,VCIOMPRESAPP,Russian Center for Public Opinion Research (VICOM),Approval,Do you generally approve or disapprove of the President of the Russian Federation?,Telephone
Rwanda,GALLUPWORLD_LSHP,Gallup World Poll (leadership) ,Approval,Do you approve or disapprove of the job performance of the leadership of this country?,
Rwanda,GALLUPWORLD_LDR,Gallup World Poll (leader),Approval ,Do you approve or disapprove of the way the leader/head/President of this country is handling his/her job as leader/head/President?,
Saint Kitts and Nevis,Times Caribbean Online,Times Caribbean Online,Favorability,,
Sao Tome and Principe,Afrobarometer,Afrobarometer,Performance,"Do you approve or disapprove of the way that the following people have performed their jobs over the past twelve months, or haven’t you heard enough about them to say?",
Saudi Arabia,ARABBAROMETER10,Arab Barometer Wave 1/2/(some of 3) *based on a ten point scale*,Satisfaction,"Using a similar 10-point scale, where 1 means very unsatisfied and 10 means very satisfied, indicate how satisfied you are with the performance of the current [respondent’s country] government",
Senegal,Afrobarometer,Afrobarometer,Performance,"Do you approve or disapprove of the way that the following people have performed their jobs over the past twelve months, or haven’t you heard enough about them to say?",
Senegal,GALLUPWORLD_LSHP,Gallup World Poll (leadership) ,Approval,Do you approve or disapprove of the job performance of the leadership of this country?,
Senegal,GALLUPWORLD_LDR,Gallup World Poll (leader),Approval ,Do you approve or disapprove of the way the leader/head/President of this country is handling his/her job as leader/head/President?,
Serbia,FAKTORPLUS,HOGFAKTORPLUS,Work approval,"Da li odobravate ono što radi i govori X...? Da, Ne, Nemam stav (Do you approve what X says and works? Yes, No, I have no opinion)",
Serbia,IPSOS,IPSOSHOGOPI,Image,Exact wording of the question is not available,
Serbia,IPSOSSUN,HOGIPSOSSUN,SUN,Exact wording of the question is not available,
Serbia_Gov,FAKTORPLUSSUP,HOGFAKTORPLUSSUP,SUN,Exact wording of the question is not available,
Serbia_Gov,GALLUPWORLD_LSHP,Gallup World Poll (leadership) ,Approval,Do you approve or disapprove of the job performance of the leadership of this country?,
Serbia_Gov,GALLUPWORLD_LDR,Gallup World Poll (leader),Approval ,Do you approve or disapprove of the way the leader/head/President of this country is handling his/her job as leader/head/President?,
Serbia_Gov,IRI-Performance,International Republican Institute ,Approval ,How would you rate the performance of the national government?,
Serbia_PM,IRI_Trust,International Republican Institute PM Office Trust,Trust,"To what extent do you trust or distrust each of the following institutions? Prime Minister's Office: Trust a great deal, trust somewhat, distrust somewhat, distrust a great deal",
Serbia_Pres,IRI_Trust,International Republican Institute Pres Office Trust,Trust,"To what extent do you trust or distrust each of the following institutions? President's Office: Trust a great deal, trust somewhat, distrust somewhat, distrust a great deal",
Serbia_Pres,FAKTORPLUS,FAKTORPLUS President Satisfaction ,Satisfaction,"U kojoj ste meri zadovoljni radom predsednika Srbije Tomislava Nikolića za više od dve godine njegovog mandata? U potpunosti, Delimično, Ne, Bez odgovora (To which extent are you satisfied from the work of the President of Serbia Tomislav Nikolić for the past two years of his mandate? I am fully satisfied, I am partlz satisfied, I am not satisfied, No answer)",
Sierra Leone,Afrobarometer,Afrobarometer,Performance,"Do you approve or disapprove of the way that the following people have performed their jobs over the past twelve months, or haven’t you heard enough about them to say?",
Sierra Leone,GALLUPWORLD_LSHP,Gallup World Poll (leadership) ,Approval,Do you approve or disapprove of the job performance of the leadership of this country?,
Sierra Leone,GALLUPWORLD_LDR,Gallup World Poll (leader),Approval ,Do you approve or disapprove of the way the leader/head/President of this country is handling his/her job as leader/head/President?,
Sierra Leone,IRIPresTrust,International Republican Institute President Trust,Trust,"To what extent do you trust or distrust each of the following institutions? President's Office: Trust a great deal, trust somewhat, distrust somewhat, distrust a great deal",
Singapore,ASIANBAROMETER,Asian Barometer,Satisfaction,"How satisfied or dissatisfied are you with [name of president etc ruling current] government? Very sat, somewhat sat, somewhat dissat, very dissat",
Singapore,GALLUPWORLD_LSHP,Gallup World Poll (leadership) ,Approval,Do you approve or disapprove of the job performance of the leadership of this country?,
Singapore,GALLUPWORLD_LDR,Gallup World Poll (leader),Approval ,Do you approve or disapprove of the way the leader/head/President of this country is handling his/her job as leader/head/President?,
Slovakia,CSES,Comparative Study of Electoral Systems,Performance,"Now thinking about the performance of the [government in [CAPITAL]/president] in general, how good or bad a job do you think the [government/president in [CAPITAL]] has done over the past [NUMBER OF YEARS SINCE LAST GOVERNMENT TOOK OFFICE, BEFORE THE CURRENT ELECTION] years? Has [it/he/she] done a very good job? A good job? A bad job? A very bad job?",
Slovakia,GALLUPWORLD_LSHP,Gallup World Poll (leadership) ,Approval,Do you approve or disapprove of the job performance of the leadership of this country?,
Slovakia,GALLUPWORLD_LDR,Gallup World Poll (leader),Approval ,Do you approve or disapprove of the way the leader/head/President of this country is handling his/her job as leader/head/President?,
Slovenia,CSES,Comparative Study of Electoral Systems,Performance,"Now thinking about the performance of the [government in [CAPITAL]/president] in general, how good or bad a job do you think the [government/president in [CAPITAL]] has done over the past [NUMBER OF YEARS SINCE LAST GOVERNMENT TOOK OFFICE, BEFORE THE CURRENT ELECTION] years? Has [it/he/she] done a very good job? A good job? A bad job? A very bad job?",
Slovenia,GALLUPWORLD_LSHP,Gallup World Poll (leadership) ,Approval,Do you approve or disapprove of the job performance of the leadership of this country?,
Slovenia,GALLUPWORLD_LDR,Gallup World Poll (leader),Approval ,Do you approve or disapprove of the way the leader/head/President of this country is handling his/her job as leader/head/President?,
Slovenia,NINAMEDIA,NINAMEDIA Current Issues,Approval,How do you assess the work of the government- as successful or unsuccessful?,
Somaliland Region,GALLUPWORLD_LSHP,Gallup World Poll (leadership) ,Approval,Do you approve or disapprove of the job performance of the leadership of this country?,
Somaliland Region,GALLUPWORLD_LDR,Gallup World Poll (leader),Approval ,Do you approve or disapprove of the way the leader/head/President of this country is handling his/her job as leader/head/President?,
South Africa,Afrobarometer,Afrobarometer,Performance,"Do you approve or disapprove of the way that the following people have performed their jobs over the past twelve months, or haven’t you heard enough about them to say?",
South Africa,CSES,Comparative Study of Electoral Systems,Performance,"Now thinking about the performance of the [government in [CAPITAL]/president] in general, how good or bad a job do you think the [government/president in [CAPITAL]] has done over the past [NUMBER OF YEARS SINCE LAST GOVERNMENT TOOK OFFICE, BEFORE THE CURRENT ELECTION] years? Has [it/he/she] done a very good job? A good job? A bad job? A very bad job?",
South Africa,GALLUPWORLD_LSHP,Gallup World Poll (leadership) ,Approval,Do you approve or disapprove of the job performance of the leadership of this country?,
South Africa,GALLUPWORLD_LDR,Gallup World Poll (leader),Approval ,Do you approve or disapprove of the way the leader/head/President of this country is handling his/her job as leader/head/President?,
South Africa,MorningConsult,Morning Consult,Approval,,
South Korea,ASIANBAROMETER,Asian Barometer,Satisfaction,"How satisfied or dissatisfied are you with [name of president etc ruling current] government? Very sat, somewhat sat, somewhat dissat, very dissat",
South Korea,CSES,Comparative Study of Electoral Systems (government assessment),Performance,"Now thinking about the performance of the government in [capital]/president in general, how good or bad a job do you think the government/president in [capital] has done over the past [number of years between the previous and the present election OR change in govt.] years. Has it/he/she done a very good job? A good job? A bad job? A very bad job?",Face-to-face Interview
South Korea,Embrain,Embrain,Approval,Do you think the President is performing his or her job well overall?,Telephone (RDD)
South Korea,GALLUP-KOREA,Gallup Korea,Approval,Do you think the President is performing his or her job as president well?,Telephone (RDD)
South Korea,GALLUPWORLD_LSHP,Gallup World Poll (leadership) ,Approval ,Do you approve or disapprove of the job performance of the leadership of this country?,Telephone (RDD)
South Korea,GALLUPWORLD_LDR,Gallup World Poll (leader),Approval ,Do you approve or disapprove of the way the leader/head/President of this country is handling his/her job as leader/head/President?,
South Korea,GongJung ,Gong Jong,Approval,How do you think President [name] is performing his or her job well?,Telephone (RDD)
South Korea,Hangil,Hangil Research,Approval,How do you think President [name] is performing his or her job well?,Telephone (RDD)
South Korea,HRC,Hankook Research Center (HRC),Approval,Do you think President [name] is performing his or her job well?,Telephone (RDD)
South Korea,Ipsos,Ipsos Korea,Approval,Do you think President [name] is performing his or her job well?,Telephone (RDD)
South Korea,JOONGANG-ILBO,Joong-Ang Ilbo,Approval,"Do you think the President is performing his or her job well, or not?",Telephone (RDD)
South Korea,JOWON C&I,JoWon C&I,Approval,"Do you think the President [name] is performing his or her job as President well, or not?",Telephone (RDD)
South Korea,KANTAR-KOREA,TNS Korea,Approval,Do you think the President is performing his or her job as president well?,Telephone (RDD)
South Korea,KRi,Korea Research International (KRi),Approval,"Do you think the President [name] is performing his or her job as President well, or not?",Telephone (RDD)
South Korea,KSOI,Korea Society Opinion Institute,Approval,Do you think President (name of President) is doing good job as president?,Telephone (RDD)
South Korea,MorningConsult,Morning Consult,Approval,,
South Korea,Metrix,Metrix Corporation,Approval,How do you think President [name] is performing his or her job well overall?,Telephone (RDD)
South Korea,NBS,National Barometer Survey,Approval,Do you think the President [Name]  is performing his or her job well?,Telephone (RDD)
South Korea,Opinion Korea,Opinion Korea,Approval,Do you think the President [Name]  is performing his or her job well or not?,Telephone (RDD)
South Korea,R&R,Research & Research,Approval,"Do you think the President is performing his or her job as President well, or not?",Telephone (RDD)
South Korea,R&SEARCH,R&Search,Approval,How much do you think President (name of President) is performing his or her job as president well?,Telephone (RDD)
South Korea,REALMETER,Realmeter,Approval,How much do you think President (name of President) has performed his or her job as president well?,Telephone (RDD)
South Korea,RESEARCHVIEW,Research View,Approval,Do you think the President is performing his or her job well?,Telephone (RDD)
South Korea,SA Consulting,SA Consulting,Approval,How do you think the President’s job performance?,Telephone (RDD)
South Korea,STI,Social Trend Institute (STI),Approval,How do you think the President’s job performance?,Telephone (RDD)
South Korea,The Opinion,The Opinion,Approval,Do you think the President [Name]  is performing his or her job well?,Telephone (RDD)
Spain,ASEP-JDS Gov,"ASEP-JDS ""La Opinión Pública de los Españoles"" Govt",Approval,"En general, y tomando en cuenta la labor general del Gobierno, ¿está Vd. muy satisfecho, algo satisfecho, indiferente, algo insatisfecho o muy insatisfecho de como lo está haciendo el Gobierno?.",
Spain,CIMASIGMADOSAPP,Barómetro Iberoamericano de Gobernabilidad (Gestión),Gestión,¿Usted aprueba o desaprueba la gestión del Presidente?,
Spain,CIMASIGMADOSDESEMP,Barómetro Iberoamericano de Gobernabilidad (Desempeño),Desempeño,"Usted diría que la forma como viene desempeñando su trabajo el Presidente es muy buena, buena, ni buena ni mala, mala o muy mala?",
Spain,CIS-ACT,Centro de Investigaciones Sociologicas (Performance),Approval,"En general, ¿aprueba o desaprueba la actuación de Felipe González como Presidente del Gobierno?",
Spain,CIS-ASSES,Centro de Investigaciones Sociologicas (Assessment),Performance/Assessment,"Por otro lado, le agradecería que me indicara si conoce a cada uno/a de los/as siguientes líderes políticos/as y qué valoración le merece. Puntúelos/as de 1 a 10, sabiendo que el 1 significa que lo/a valora 'muy mal' y el 10 que lo/a valora 'muy bien'. 1 (1-5=neg; 6-10=pos)",
Spain,CIS-CONF,Centro de Investigaciones Sociologicas (Confidence),Confidence,"El Presidente del Gobierno Marinano Rajoy ¿le inspira personalmente, mucha confianza, bastante confianza, poca o ninguna confianza?",
Spain,CIS-LABOR,Centro de Investigaciones Sociologicas (Job),Approval,¿Cuál de las siguientes frases expresa mejor su opinión sobre lo que ha hecho hasta ahora Felipe González como Presidente del Gobierno? Apruebo incondicionalmente su labor; En conjunto lo ha heacho bastante bien; Lo ha hecho medianamente sin cometer demasiados errores; Ha cometido muchos errores que se podían haber evitado; Desapruebo completamente su labor,
Spain,CSES,Comparative Study of Electoral Systems,Performance,"Now thinking about the performance of the [government in [CAPITAL]/president] in general, how good or bad a job do you think the [government/president in [CAPITAL]] has done over the past [NUMBER OF YEARS SINCE LAST GOVERNMENT TOOK OFFICE, BEFORE THE CURRENT ELECTION] years? Has [it/he/she] done a very good job? A good job? A bad job? A very bad job?",
Spain,DEMOSCOPIA,Demoscopia DW Barómetro - Approval,Approval,Valoración de líderes políticos,
Spain,EES-GOV,European Election Survey,Approval,Let us now come back to [country]. Do you approve or disapprove the government's record to date? ,
Spain,ESS,European Social Survey,Satisfaction,"Now thinking about the [country] government, how satisfied are you with the way it is doing its job?",
Spain,INSTOPINA,PULSÓMETRO INSTITUTO OPINA CADENA SER,,,
Spain,IPSOSFAV,IPSOS Favorability,Favorability ,,
Spain,IPSOSPERF,IPSOS Performance,Performance,,
Spain,METROSCOPIAAPP,Metroscopia Barómetro del Clima Social de España (Approval),Approval,¿APRUEBA O DESAPRUEBA LA Gestión DE MARIANO RAJOY COMO PRESIDENTE DEL GOBIERNO? ,
Spain,METROSCOPIACONF,Metroscopia Barómetro del Clima Social de España (Confidence),Confidence,"¿Le inspira confianza el Presidente del Gobierno, Mariano Rajoy? Si o no?",
Spain,METROSCOPIALABOR,Metroscopia Barómetro del Clima Social de España (Approval Pres Labor),Approval,Valoración de la labor de los principales líderes políticos,
Spain,MorningConsult,Morning Consult,approval,,
Spain,PUBLICOAPP,Publico Publiscopio (Approval),Gestión,,
Spain,PUBLICOCONF,Publico Publiscopio (Confidence),Confidence,,
Spain,SIMPLELOGICA,Simple Lógica (Approval),Approval,¿Aprueba o desaprueba la acutación de ...?,
Spain,SOCIOMETRICA,SocioMétrica (Approval),Approval,¿Aprueba o suspende la acutación de los principales lideres politcos?,
Spain,YouGovEuroTrack_Gov,YouGov Eurotrack/Handelsblatt Government Approval,Approval,"""Do you approve or disapprove of the government's record to date?"" ",
Sri Lanka,GALLUPWORLD_LSHP,Gallup World Poll (leadership) ,Approval,Do you approve or disapprove of the job performance of the leadership of this country?,
Sri Lanka,GALLUPWORLD_LDR,Gallup World Poll (leader),Approval ,Do you approve or disapprove of the way the leader/head/President of this country is handling his/her job as leader/head/President?,
Sudan,Afrobarometer,Afrobarometer,Performance,"Do you approve or disapprove of the way that the following people have performed their jobs over the past twelve months, or haven’t you heard enough about them to say?",
Sudan,ARABBAROMETER10,Arab Barometer Wave 1/2/(some of 3) *based on a ten point scale*,satisfaction,"Using a similar 10-point scale, where 1 means very unsatisfied and 10 means very satisfied, indicate how satisfied you are with the performance of the current [respondent’s country] government",
Sudan,ARABBAROMETER11,"Arab Barometer waves 3-5, using an 11 pt scale",satisfaction,"Suppose that there was a scale from 0-10 to measure the extent of your satisfaction with the government, in which 1 means that you were absolutely unsatisfied with its performance and 10 means that you were completely satisfied.",
Suriname,GALLUPWORLD_LSHP,Gallup World Poll (leadership) ,Approval,Do you approve or disapprove of the job performance of the leadership of this country?,
Suriname,GALLUPWORLD_LDR,Gallup World Poll (leader),Approval ,Do you approve or disapprove of the way the leader/head/President of this country is handling his/her job as leader/head/President?,
Sweden,CSES,Comparative Study of Electoral Systems,Performance,"Now thinking about the performance of the [government in [CAPITAL]/president] in general, how good or bad a job do you think the [government/president in [CAPITAL]] has done over the past [NUMBER OF YEARS SINCE LAST GOVERNMENT TOOK OFFICE, BEFORE THE CURRENT ELECTION] years? Has [it/he/she] done a very good job? A good job? A bad job? A very bad job?",
Sweden,GALLUPWORLD_LSHP,Gallup World Poll (leadership) ,Approval,Do you approve or disapprove of the job performance of the leadership of this country?,
Sweden,GALLUPWORLD_LDR,Gallup World Poll (leader),Approval ,Do you approve or disapprove of the way the leader/head/President of this country is handling his/her job as leader/head/President?,
Sweden,MorningConsult,Morning Consult Global Approval Tracker,Approval,,
Sweden,SOM,Som Government Approval,Approval,How well do you think the government is doing its job?,
Sweden,YouGovEuroTrack_Gov,YouGov Eurotrack/Handelsblatt Government Approval ,Approval,"""Do you approve or disapprove of the government's record to date?"" ",
Switzerland,CSES,Comparative Study of Electoral Systems,Performance,"Now thinking about the performance of the [government in [CAPITAL]/president] in general, how good or bad a job do you think the [government/president in [CAPITAL]] has done over the past [NUMBER OF YEARS SINCE LAST GOVERNMENT TOOK OFFICE, BEFORE THE CURRENT ELECTION] years? Has [it/he/she] done a very good job? A good job? A bad job? A very bad job?",
Switzerland,GALLUPWORLD_LSHP,Gallup World Poll (leadership),,,
Switzerland,GALLUPWORLD_LDR,Gallup World Poll (leader),Approval ,Do you approve or disapprove of the way the leader/head/President of this country is handling his/her job as leader/head/President?,
Switzerland,GFSBERN,GFS.Bern (Trust in Government) ,Trust,"“I will now read to you two views that you can hear about our government quite often. Which do you agree with most? 1) I can usually rely on the government at the Federal Palace.
It acts in all conscience for the good of all. 2) In the Federal House decisions are more and more taken against and less and less for the people. The government no longer knows our concerns and desires.” We use the share of respondents who answered with option 1.",
Switzerland,MorningConsult,Morning Consult Global Approval Tracker,Approval,,
Taiwan_Pres,ASIANBAROMETER,Asian Barometer,Satisfaction,"How satisfied or dissatisfied are you with [name of president etc ruling current] government? Very sat, somewhat sat, somewhat dissat, very dissat",
Taiwan_Pres,CSES,Comparative Study of Electoral Systems (government assessment),Performance,"Now thinking about the performance of the government in [capital]/president in general, how good or bad a job do you think the government/president in [capital] has done over the past [number of years between the previous and the present election OR change in govt.] years. Has it/he/she done a very good job? A good job? A bad job? A very bad job?",
Taiwan_Pres,TPOF,Taiwan Public Opinion Foundation,Satisfaction,Are you satistifed with President's [name] performance?,
Taiwan_Pres,TVBS,Taiwanese Commercial Television Broadcasting Company,Satisfaction,Are you satistifed with President's [name] performance?,
Taiwan_PM,TVBS,Taiwanese Commercial Television Broadcasting Company,Satisfaction,Are you satisfied with the Premier's [name] performance?,
Tanzania,Afrobarometer,Afrobarometer,Performance,"Do you approve or disapprove of the way that the following people have performed their jobs over the past twelve months, or haven’t you heard enough about them to say?",
Thailand,ASIANBAROMETER,Asian Barometer,Satisfaction ,"How satisfied or dissatisfied are you with [name of president etc ruling current] government? Very sat, somewhat sat, somewhat dissat, very dissat",
Thailand,CSES,Comparative Study of Electoral Systems,Performance,"Now thinking about the performance of the [government in [CAPITAL]/president] in general, how good or bad a job do you think the [government/president in [CAPITAL]] has done over the past [NUMBER OF YEARS SINCE LAST GOVERNMENT TOOK OFFICE, BEFORE THE CURRENT ELECTION] years? Has [it/he/she] done a very good job? A good job? A bad job? A very bad job?",
TIMOR-LESTE,IRI-GOTL,International Republican Institute,Performance,How would you rate the performance of… [the current Government of Timor-Leste (GOTL)],
TIMOR-LESTE,IRI-PN,International Republican Institute,Performance,How would you rate the performance of… [the current Parliament of Timor-Leste (PN)],
TIMOR-LESTE,IRI,International Republican Institute,Performance,How would you rate the performance of… [the current President of Timor-Leste],
Togo,Afrobarometer,Afrobarometer,Performance,"Do you approve or disapprove of the way that the following people have performed their jobs over the past twelve months, or haven’t you heard enough about them to say?",
Trinidad & Tobago_GOV,SBS,Solutions by Simulation/Nigel Henry,Approval,,
Trinidad & Tobago_PM,SBS,Solutions by Simulation/Nigel Henry,Approval,Do you approve or dissapprove of the job that Dr. Keith Rowley is doing as Prime Minister?,
Guyana_Pres,BisramNACTA,Vishnu Bisram/NACTA,Approval ,,
Tunisia_Gov,ARABBAROMETER10,Arab Barometer Wave 1/2/(some of 3) *based on a ten point scale*,satisfaction,"Using a similar 10-point scale, where 1 means very unsatisfied and 10 means very satisfied, indicate how satisfied you are with the performance of the current [respondent’s country] government",
Tunisia_Gov,ARABBAROMETER11,"Arab Barometer waves 3-5, using an 11 pt scale",satisfaction,"Suppose that there was a scale from 0-10 to measure the extent of your satisfaction with the government, in which 1 means that you were absolutely unsatisfied with its performance and 10 means that you were completely satisfied.",
Tunisia_Gov,ARABBAROMETERTRUST,"Arab Barometer Wave 6, using a question that has four choices",Trust,"I’m going to name a number of institutions. For each one, please tell me how much trust you have in them. Government (Council of Ministers). Choices: A great deal of trust, Quite a lot of trust, Not a lot of trust, No trust at all",
Tunisia_Gov,GALLUPWORLD_LSHP,Gallup World Poll (leadership) ,Approval,Do you approve or disapprove of the job performance of the leadership of this country?,
Tunisia_Gov,GALLUPWORLD_LDR,Gallup World Poll (leader),Approval ,Do you approve or disapprove of the way the leader/head/President of this country is handling his/her job as leader/head/President?,
Tunisia_Gov,IRI,International Republican Institute ,Performance,"How would you rate the performance of the government? (Very Good, Somewhat Good, Somewhat Bad, Very Bad)",
Tunisia_PM,IRI,International Republican Institute ,Opinion,"Please tell me if you have a favorable or unfavorable opinion of the individual? (Favorable, Somewhat Favorable, Somewhat Unfavorable, Unfavorable) ",
Tunisia_Pres,Afrobarometer,Afrobarometer,Performance,"Do you approve or disapprove of the way that the following people have performed their jobs over the past twelve months, or haven’t you heard enough about them to say?",
Tunisia_Pres,IRI,International Republican Institute ,Opinion,"Please tell me if you have a favorable or unfavorable opinion of the individual? (Favorable, Somewhat Favorable, Somewhat Unfavorable, Unfavorable) ",
Turkey_Gov,CSES,Comparative Study of Electoral Systems,Performance,"Now thinking about the performance of the [government in [CAPITAL]/president] in general, how good or bad a job do you think the [government/president in [CAPITAL]] has done over the past [NUMBER OF YEARS SINCE LAST GOVERNMENT TOOK OFFICE, BEFORE THE CURRENT ELECTION] years? Has [it/he/she] done a very good job? A good job? A bad job? A very bad job?",
Turkey_Gov,GALLUPWORLD_LSHP,Gallup World Poll (leadership) ,Approval,Do you approve or disapprove of the job performance of the leadership of this country?,
Turkey_Gov,GALLUPWORLD_LDR,Gallup World Poll (leader),Approval ,Do you approve or disapprove of the way the leader/head/President of this country is handling his/her job as leader/head/President?,
Turkey_Gov,GENAR,Genar (success of government),Success,Evaluation of success of AKP government (no specification of the question),
Turkey_Gov,GENARSATISFACTION,Genar (satisfaction with government),Satisfaction,Are you satisfied with the government?,
Turkey_Gov,PEWGOVINFLUENCE,Pew Research Center (Government influence),Opinion,"Here is a list of groups, organizations and institutions. For each, please tell me what kind of influence the group is having on the way things are going in our country. Is the influence of the Government very good, somewhat good, somewhat bad or very bad in our country?",
Turkey_PM,A&G,A and G Research Company,Approval,,
Turkey_PM,GALLUPAPPROVAL,Gallup,Approval,Do you approve or disapprove of the way Recep Tayyip Erdogan is handing his job as prime minister?,
Turkey_PM,KONSENSUS_PM,Konsensus Başbakan/cumhurbaşkanı Erdoğan'ın siyasi performansı (Political performance of president/prime minister Erdoğan),Performance,"As far as you followed, can you state to what extent you like or dislike performence of Prime Minister Recep Tayyip Erdoğan?",
Turkey_PM,MAK,Mak Hükümet başarısı (success of government),Success,Do you find the 63rd government led by Prime Minister Ahmet Davutoğlu? (Ahmet DAVUTOĞLU Başbakanlığındaki 63. TC Hükümetini başarılı buluyor musunuz?),
Turkey_PM,METROPOLL_PM,Metropoll Liderlerin Görev Onayı (Leaders' Job Approval),Approval,"Considering in general, are you approving or disapproving the way R. Tayyip Erdogan is handling his job as Prime Minister/President / Genel olarak düşündüğünüzde R. Tayyip Erdoğan'ın Başbakanlık/Cumhurbaşkanlığı Görevini Yapış Tarzını Onaylıyor musunuz?",Telephone
Turkey_PM,PEWPMFAVOURABILITY,Pew Research Center (Prime Minister favorability),Favorability ,Favourable vx. Unfavorable opinion ofo ,
Turkey_PM,PEWPMINFLUENCE,Pew Research Center (Prime Minister influence),Opinion,"Here is a list of groups, organizations and institutions. For each, please tell me what kind of influence the group is having on the way things are going in our country. Is the influence of the Prime Minister/President very good, somewhat good, somewhat bad or very bad in our country?",
Turkey_perf,KONSENSUS_Perf,Konsensus Başbakan/cumhurbaşkanı Erdoğan'ın siyasi performansı (Political performance of president/prime minister Erdoğan),Performance,"As far as you followed, can you state to what extent you like or dislike performence of President Recep Tayyip Erdoğan?",
Turkey_PM,PEWPRESFAVOURABILITY,Pew Research Center (President favorability),Favorability ,Favourable vx. Unfavorable opinion of President,
Turkey_Pres,KONSENSUS_Pres,KONSENSUS_Pres,Approval,"Do you approve or disapprove of the way President Recep Tayyip Erdogan is running Turkey these days? Bugünlerde, Cumhurbaşkanı Recep Tayyip Erdoğan’ın Türkiye’yi yönetme şeklini onaylıyor musunuz, onaylamıyor musunuz?",
Turkey_Pres,METROPOLL_Pres,Metropoll Liderlerin Görev Onayı (Leaders' Job Approval),Approval,"Considering in general, are you approving or disapproving the way R. Tayyip Erdogan is handling his job as Prime Minister/President / Genel olarak düşündüğünüzde R. Tayyip Erdoğan'ın Başbakanlık/Cumhurbaşkanlığı Görevini Yapış Tarzını Onaylıyor musunuz?",Telephone
Turkey_Pres,TURKIYERAPORU,Türkiye Raporu (success of the leader),Success,How successful do you find the leader?,
Turkey_TRUST,EUROBAROMETERTRUST,Eurobarometer (Trust in government),Trust,"I would like to ask you a question about how much trust you have in certain institutions. For each of the following institutions, please tell me if you tend to trust it or tend to trust it. (The government)",
Turkey_TRUST,GALLUPGOVTRUST,Gallup Government Trust,Trust,"In Turkey, do you have confidence in each of the following, or not? National Government",
Turkey_TRUST,GENARTRUST,Genar (trust in government),Trust,Evaluation of trust to government (no specification of the question),
Turkey_TRUST,GENARTRUSTPM,Genar (trust in prime minister),Trust,Do you trust Prime Minister Recep Tayyip Erdoğan?,
Turkey_TRUST,IRICONFIDENCE,International Republican Institute (Confidence),Confidence,"On a scale from 1 to 4 where 1 is worst and 4 is best, how much confidence do you have in each of the following institutions? Mean scale ratings",
Turkey_TRUST,IRITRUST,International Republican Institute (trust),Trust,"On a scale from 1 to 10, where 1 is worst and 10 is best, how much do
you trust each of the following institutions? Mean scale ratings",
Turkey_TRUST,KONDA,Konda Hükümete Güven (Trust in Government),Trust,"Q:""To the Government..."" A:1.I trust very much; 2. I trust somewhat...",
Turkey_Pres,SarosResearch,President's approval,Approval,"How successful do you think the president is? ""Genel olarak Cumhurbaşkanı Recep Tayyip Erdoğan’ı başarılı buluyor musunuz?""

",
Turkey_Gov,SarosResearch,Government Approval,Approval,"How do you like the government performance in general? ""Hükümetin performansını genel olarak nasıl buluyorsunuz?"" 
",
Uganda,Afrobarometer,Afrobarometer,Performance,"Do you approve or disapprove of the way that the following people have performed their jobs over the past twelve months, or haven’t you heard enough about them to say?",
Uganda,GALLUPWORLD_LSHP,Gallup World Poll (leadership) ,Approval,Do you approve or disapprove of the job performance of the leadership of this country?,
Uganda,GALLUPWORLD_LDR,Gallup World Poll (leader),Approval ,Do you approve or disapprove of the way the leader/head/President of this country is handling his/her job as leader/head/President?,
Ukraine,RAZUMPR,"Razumkov Centre (President, 2017)",Trust,Зараз я називатиму окремі соціальні інституції. Якою мірою Ви їм довіряєте? (Президент України),face-to-face
Ukraine_Gov,GALLUPAPP,Gallup,Approval,Job Approval of Ukrainian Country Leaders (exact wording not available),face-to-face
Ukraine_Gov,GALLUPWORLD_LSHP,Gallup World Poll (leadership) ,Approval,Do you approve or disapprove of the job performance of the leadership of this country?,
Ukraine_Gov,GALLUPWORLD_LDR,Gallup World Poll (leader),Approval ,Do you approve or disapprove of the way the leader/head/President of this country is handling his/her job as leader/head/President?,
Ukraine_Gov,NDIPERF,"National Democratic Institute (Government, 2020)",Performance,How would you rate the current government's performance so far?,Telephone
Ukraine_Gov,NDITRUST,National Democratic Institute Trust,Trust,"To what extent, if at all, do you trust the following? Fully trust, trust, neither trust nor distrust, do not trust, do not trust at all",
Ukraine_Gov,RAZUMGOVTRUST,Razumkov Centre (Govt. Trust),Trust,Now I will name individual social institutions. To what extent do you trust them?,face-to-face
Ukraine_PM,IRIPM,"GfK Ukraine (Prime-minister, 2014-2018)",Approval,Do you approve or disapprove of the activities of the Cabinet of Ministers under the leadership of Volodymyr Hroisman?,face-to-face
Ukraine_PM,NDIAFFECT,National Democratic Institute Affect,Affect,"Of the following people, please tell me if you like or dislike...",
Ukraine_PM,NDITRUST,National Democratic Institute Trust,Trust,"To what extent, if at all, do you trust the following? Fully trust, trust, neither trust nor distrust, do not trust, do not trust at all",
Ukraine_PM,IRI ,I,Approval,Do you approve or disapprove of the activities of President of Ukraine [Name]?,
Ukraine_Pres,IBIF,IBIF UKRAINE: Studying Identity & Political Behaviour in Ukraine,Approval,Do you approve or disapprove of the actions of the following politicians: Volodymyr Zelensky as President?,face-to-face
Ukraine_Pres,IPSOS,IPSOS (President),Approval,How strongly do you approve or disapprove of the way President Volodymyr Zelensky is doing his job as President? ,Telephone
Ukraine_Pres,IRIPR,"IRI-GfK Ukraine (President, 2014-2018)",Approval,Do you approve or disapprove of the activities of the President of Ukraine Petro Poroshenko?,face-to-face
Ukraine_Pres,INFOSAPTRUST,Info Sapiens,Trust,наскілвки ви довіряєте серед усіх респондентів,
Ukraine_Pres,KIISAPP,Kyiv International Institute of Sociology (Approve),Approval,"In general, you approve or do not approve of the activities of the President of Ukraine Volodymyr Zelenskyi?",face-to-face
Ukraine_Pres,KIISAFF,Kyiv International Institute of Sociology (Affect),Attitude,"Which of these politicians or social and political figures do you know? How do you generally feel about this politician - positively, negatively or neutrally?",
Ukraine_Pres,KIISTRUST,Kyiv International Institute of Sociology (Trust),Trust,,
Ukraine_Pres,MOBILISE,MOBILISE,Approval,"Some people like the way political leaders act in their positions, others don’t. And what about you, do you fully approve, rather approve, rather disapprove, or do not approve of Volodymyr Zelensky as President at all?",CAPI switched to Telephone/CATI in October 2020
Ukraine_Pres,NDIPERF,National Democratic Institute Peformance,Performance,How would you rate the President's performance so far?,Telephone
Ukraine_Pres,NDITRUST,National Democratic Institute Trust,Trust,"To what extent, if at all, do you trust the following? Fully trust, trust, neither trust nor distrust, do not trust, do not trust at all",
Ukraine_Pres,NDIAFFECT,National Democratic Institute Affect,Affect,"Of the following people, please tell me if you like or dislike...",
Ukraine_Pres,ORBFAV,Opinion Research Business,Favorability ,Please rate your attitude towards the following people: Volodymyr Zelensky,Telephone
Ukraine_Pres,RATINGSGROUP,Rating Sociological Group (Trust),Trust,,Telephone
Ukraine_Pres,RAZUMPRTRUST,Razumkov Centre (Trust Pres.),Trust,Now I will name individual social institutions. To what extent do you trust them?,face-to-face
Ukraine_Pres,RAZUMZELTRUST,Razumkov Centre (Trust Zelenskyy),Trust,Now I will name individual social institutions. To what extent do you trust them?,face-to-face
Ukraine_Pres,RAZUMPRSUP,"Razumkov Centre (Support, 2000-2021)",Support,"Як Ви оцінюєте наявні результати діяльності Володимира Зеленського на посаді Президента України? (динаміка, 2000-2021)",face-to-face
United Kingdom,BESCMSGOVT,"British Eleciton Study, Continous Monitoring Study (Government)",Approval,"""Do you approve or disapprove of the government's record to date?"" ",
United Kingdom,BESCMSPM,"British Eleciton Study, Continous Monitoring Study (Prime Minister)",Satisfaction,"""Are you satisfied or dissatisfied with [name] as Prime Minister?""",
United Kingdom,COMRESPM,Communicate Research (Prime Minister) ,Approval ,"""David Camerson is turning out to be a good Prime Minister"" Agree or Disagree ",
United Kingdom,CSES,Comparative Study of Electoral Systems (government assessment),Performance,"Now thinking about the performance of the [government in [CAPITAL]/president] in general, how good or bad a job do you think the [government/president in [CAPITAL]] has done over the past [NUMBER OF YEARS SINCE LAST GOVERNMENT TOOK OFFICE, BEFORE THE CURRENT ELECTION] years? Has [it/he/she] done a very good job? A good job? A bad job? A very bad job?",
United Kingdom,DELTAPOLL,DeltaPoll (PM Job),Performance,"For each of the following party leaders, do you think they are doing very well in their job, quite well, quite badly or very badly? The Prime Minister, Boris Johnson",online
United Kingdom,GALLUPGOVT,Gallup (Government) ,Approval,"""In general, do you approve or disapprove of the government's record to date?""",
United Kingdom,GALLUPPM,Gallup (Prime Minister),Satisfaction,"""Are you satisfied or dissatisfied with [name] as Prime Minister?""",
United Kingdom,GALLUPWORLD_LSHPGOV,Gallup World Poll (leadership),Approval ,Do you approve or disapprove of the job performance of the leadership of this country?,
United Kingdom,GALLUPWORLD_LDR,Gallup World Poll (leader),Approval ,Do you approve or disapprove of the way the leader/head/President of this country is handling his/her job as leader/head/President?,
United Kingdom,IPSOSMORIGOVT,IPSOS Mori (Government) ,Satisfaction,"""Are you satisfied or dissatisfied with the way the Government is running the country?""","face to face, switch to phone after June 2008"
United Kingdom,IPSOSMORIPM,IPSOS Mori (Prime Minister) ,Satisfaction,"""Are you satisfied or dissatisfied with the way that [name] is doing his/her job as Prime Minister?""","face to face, switch to phone after June 2008"
United Kingdom,MorningConsult,Morning Consult,Approval,,
United Kingdom,NOPGOVT,National Opinion Polls (Government),Satisfaction,Are you satisfied or dissatisfied with the way the Government is running the country?,
United Kingdom,NOPPM,National Opinion Polls (Prime Minister),Satisfaction,,
United Kingdom,OPINIUMPM,Opinium (Prime Minister),Approval,"To what extent do you approve or disapprove of the way Boris Johnson is handling his job as Prime Minister? Strongly Approve, Somewhat Approve, Neither Approve nor Disapprove, Somewhat Disapprove, Strongly Disapprove",
United Kingdom,REDFIELDWILTON,Redfield & Wilton Strategies,Approval ,"To what extent, if at all, do you approve or disapprove of the overall job performance of Prime Minister Boris Johnson since he became Prime Minister?",
United Kingdom,SAVANTACOMRES,Savanta Communication Research (Prime Minister Favourability),Favorability ,"To what extent do you feel favourably or unfavourably towards each of the following? Strongly favourable, Somewhat favourable, Neither favourable or unfavourable, Somewhat unfavourable, Strongly unfavourable",
United Kingdom,SURVATION,Survation (Prime Minister Favourability),Favorability ,"To what extent do you think favourably or unfavourably towards the following? Strongly favourable, Somewhat favourable, Neither favourable or unfavourable, Somewhat unfavourable, Strongly unfavourable",
United Kingdom,YouGovEuroTrack_Gov,YouGov Eurotrack/Handelsblatt Government Approval,Approval ,"""Do you approve or disapprove of the government's record to date?"" ",
United Kingdom,YOUGOVGOVT,YouGov (Government) ,Approval ,“Do you approve or disapprove of the Government’s record to date?”,  
United Kingdom,YOUGOVPMFAVRBLTY,YouGov (Prime Minister- Favorability Series) ,Favorability ,"""Do you have a favorable or unfavorable view of [name]?""",
United Kingdom,YOUGOVPMLDRAPP,YouGov (Prime Minister-Leader Approval Series),Approval,"""Do you think that Boris Johnson is doing well or badly as Prime Minister? Very well + fairly well, fairly badly + very badly?"" ",
United Kingdom,YOUGOVPMSAT,YouGov (Prime Minister- Satisfaction Series),Satisfaction,"""Are you satisfied or dissatisfied with [name] as Prime Minister?""",
United Kingdom,YOUGOVST,YouGov/Sunday Times ,,,
United Kingdom,YOUGOVTLGPM,YouGov/Daily Telegraph (Prime Minister) ,Satisfaction ,"""Are you satisfied or dissatisfied with [name] as Prime Minister?""",
United States,ABACUS,Abacus Data,Approval,Do you approve or disapprove of the job Donald Trump is doing as president?,
United States,ABC,ABC News,Approval ,,
United States,ABCWP,ABC News & Washington Post,Approval ,Q1. Do you approve or disapprove of the way Donald Trump is handling his job as president? Do you approve/disapprove strongly or somewhat?,
United States,AP,Associated Press,Approval ,,
United States,ARG_adult,American Research Group-Adult Sample,Approval,,
United States,ARG_registered,American Research Group-Registered Voter Sample,Approval,Do you approve or disapprove of the way Donald Trump is handling his job as president?,
United States,Ashcroft,Lord Ashcroft Polls,Approval,,
United States,AtlasIntel,Atlas Intel,Approval,Do you approve or disapprove of the job Donald Trump is doing as president?,
United States,basswood,Basswood Research,Approval,Do you approve or disapprove of the job Donald Trump is doing as president?,
United States,Benenson,Benenson Strategy Group/GS Strategy Group,Approval,Do you approve or disapprove of the job Donald Trump is doing as president?,
United States,BLOOM,Bloomberg News,Approval ,,
United States,CBSNYT,CBS & New York Times,Approval ,,
United States,Change,Change Research,Approval,,
United States,Civiqs,Civiqs,Approval,,
United States,CLIMATENEXUS,Climate Nexus,Approval,Do you approve or disapprove of the job Donald Trump is doing as president?,
United States,CNBC,CNBC/Hart Research/Public Opinion Strategies,Approval,Do you approve or disapprove of the job Donald Trump is doing as president?,
United States,CNN/ORC,CNN & ORC International,Approval ,,
United States,CNN/SRSS,CNN and SRSS,Approval,A1. Do you approve or disapprove of the way Donald Trump is handling his job as president?,
United States,CNNTIME,CNN & Time Magazine,Approval ,,
United States,COOK,The Cook Political Report,Approval ,,
United States,CSES,Comparative Study of Electoral Systems,Performance,"Now thinking about the performance of the [government in [CAPITAL]/president] in general, how good or bad a job do you think the [government/president in [CAPITAL]] has done over the past [NUMBER OF YEARS SINCE LAST GOVERNMENT TOOK OFFICE, BEFORE THE CURRENT ELECTION] years? Has [it/he/she] done a very good job? A good job? A bad job? A very bad job?",
United States,Diageo,Diageo,Approval ,,
United States,Echelon,Echelon Insights,Approval,Do you approve or disapprove of the way Donald Trump is handling his job as President?,
United States,FOX,Fox News,Approval ,,
United States,Gal/CNN/USA,USA Today/CNN/Gallup Poll,Approval ,,
United States,GALLUP,Gallup,Approval ,,
United States,GALLUPWORLD_LDR,Gallup World Poll (leader),Approval ,Do you approve or disapprove of the way the leader/head/President of this country is handling his/her job as leader/head/President?,
United States,GBAO,GBAO,Approval,"Do you strongly approve, somewhat approve, somewhat disapprove, or strongly disapprove of the job Donald Trump is doing as President?",
United States,GBUSA,GBUSA,Approval ,,
United States,georgetown,Georgetown University/Battleground,Approval,,
United States,GQR,GQR Research,Approval,,
United States,Gravis,Gravis Marketing,Approval,,
United States,GREEN,Greenberg,Approval ,,
United States,gsc,Global Strategy Group,Approval,,
United States,gsc_gbao,Global Strategy Group/GBAO (Navigator Research),Approval,Do you approve or disapprove of the way Donald Trump is handling his job as president?,
United States,gw,George Washington University/Battleground,Approval,,
United States,HARRIS,Harris Poll,Approval ,,
United States,HarrisX,HarrisX-The Hill,Approval,Do you approve or disapprove of the job Donald Trump is doing as President of the United States?,
United States,HART,Hart Research Associates,Approval,,
United States,Hofstra,Hofstra University,Approval,,
United States,IBD/TIPP,Investor's Business Daily & TIPP Online,Approval ,,
United States,IPSOS,IPSOS,Approval ,,
United States,IVBCSM,IVBCSM,Approval ,,
United States,KAISER,Kaiser,Approval ,,
United States,LAT,Los Angeles Times,Approval ,,
United States,MARIST,Marist Poll,Approval ,,
United States,Marquette,Marquette Law School,Approval,,
United States,MCLAUGHLIN,McLaughlin & Associates,Approval,,
United States,MISC,MISC,Approval ,,
United States,MONMOUTH,Monmounth University,Approval ,,
United States,MorningConsult,Morning Consult,Approval,,
United States,NBCWSJ,NBC News & Wall Street Journal,Approval ,,
United States,NES,American National Election Study,Approval ,,
United States,NEWSWEEK,Newsweek,Approval ,,
United States,NJOURNAL,N. Journal,Approval ,,
United States,NPR,National Public Radio,Approval ,,
United States,ODFOX,ODFOX,Approval ,,
United States,Opinium,Opinium,Approval,,
United States,OPTIMUS_ADULT,Optimus-Adult Sample,Approval,Do you approve or disapprove of the way Donald Trump is handling his job as president?,
United States,OPTIMUS_LIKELY,Optimus-Likely Voter Sample,Approval,Do you approve or disapprove of the way Donald Trump is handling his job as president?,
United States,PENN,Mark Penn,Approval ,,
United States,PEW,Pew Research Center,Approval ,,
United States,PPP,Public Policy Polling,Approval,,
United States,PRPI,Public Religion Research Institute,Approval,,
United States,PSRA,Princeton Survey Research Associates,Approval ,,
United States,PSRANEW,Princeton Survey Research Associates & Newsweek,Approval ,,
United States,QUINN,Quinnipiac University,Approval ,,
United States,rassmussen,Rasmussen Reports/Pulse Opinion Research,Approval,,
United States,REALCLEAR,RealClear Opinion Research,Approval,,
United States,REDFIELD,Redfield & Wilton Strategies,Approval,,
United States,researchco,Research Co.,Approval,,
United States,RMGResearch,RMG Research,Approval,,
United States,Roanoke,Reconnect Research/Roanoke College,Approval,,
United States,selzer,Selzer & Co.,Approval,,
United States,siena,Siena College/The New York Times Upshot,Approval,,
United States,stleo,Saint Leo University,Approval,,
United States,SUFFOLK,Suffolk University,Approval ,,
United States,SurveyMonkey,SurveyMonkey,Approval,,
United States,SurveyUSA,SurveyUSA,Approval,,
United States,TargetSmart,TargetSmart,Approval,,
United States,TARR,TARR,Approval ,,
United States,TIME,Time Magazine,Approval ,,
United States,UCLA,Democracy Fund + UCLA Nationscape,Approval,,
United States,USATODAY,USA Today,Approval ,,
United States,WASHP,Washington Post,Approval ,,
United States,whitman,Whitman Insight Strategies,Approval,,
United States,winston,Winston Group,Approval,,
United States,WIRTH,WIRTH,Approval ,,
United States,YANKP,YANKP,Approval ,,
United States,YCS,YCS,Approval ,,
United States,ZOGBY,Zogby,Approval ,,
Uruguay,AGORA,Ágora,Aprobación,"Aprueba, Regular, Desaprueba",
Uruguay,CBIMAG,CB Consultora (Image),Image,"Imagen: Muy buena + Buena, Mala + Muy Mala",
Uruguay,CIFRA,CIFRA - González y Raga asociados (Aprobación),Aprobación,¿Aprueba o desaprueba el desempeño del Presidente (Ej: Jose Mujica)? Aprueba/Ni aprueba ni desaprueba/Desaprueba,"face-to face, telephone or Internet."
Uruguay,CIFRASIMP,CIFRA - González y Raga asociados (Simpatía),Simpatía,¿(NOMBRE DEL PRESIDENTE) le despierta simpatía o antipatía? (o ni simpatía ni antipatía),face-to face other telephone
Uruguay,CIMAAPP,Barómetro Iberoamericano de Gobernabilidad (Gestión),Gestión,¿Usted aprueba o desaprueba la gestión del Presidente?,Telephone and cellphone.
Uruguay,CIMADESEMP,Barómetro Iberoamericano de Gobernabilidad (Desempeño),Desempeño,"Usted diría que la forma como viene desempeñando su trabajo el Presidente es muy buena, buena, ni buena ni mala, mala o muy mala?",Telephone and cellphone.
Uruguay,CSES,Comparative Study of Electoral Systems,Desempeño,"¿Qué opinión tiene del desempeño del presidente (nombre y apellido) en estos cinco años? 1 Muy buena, 2 Buena, 3 Mala, 4 Muy Mala y 78 No Contesta y No Sabe NL
",Telephone and cellphone.
Uruguay,EQUIPOSMORI,Equipos Consultores- MORI Uruguay,Desempeño,"¿Ud. aprueba o desaprueba la forma en que Tabaré Vázquez está desempeñándose como Presidente? Aprueba, Ni aprueba ni desaprueba, Deaprueba",face-to-face others telephone. And cell phones too. Since 2016 mix too
Uruguay,EQUIPOSMORIMONTEVIDEO,Equipos Mori Uruguay (Montevideo),Desempeño - Sólo en Montevideo,"¿Ud. aprueba o desaprueba la forma en que Tabaré Vázquez está desempeñándose como Presidente? Aprueba, Ni aprueba ni desaprueba, Deaprueba",face-to-face
Uruguay,FACTUM,FACTUM,Actuación,¿Usted aprueba o desaprueba la actuación de NOMBRE APELLIDO como presidente de la República?”,face-to-face since 2016 mix face and phones
Uruguay,INTERCONSULT,Interconsult Consultores,Gestión,¿Ud. aprueba o desaprueba la gestión del Presidente Tabaré Vázquez en estos x meses de gobierno?,face-to-face
Uruguay,LAPOP,AmericasBarometer (Trabajo),Trabajo,"Hablando en general acerca del gobierno actual, ¿diría usted que el trabajo que está realizando el Presidente [NAME OF CURRENT PRESIDENT] es muy bueno, bueno, ni bueno ni malo, malo, o muy malo?",face-to-face
Uruguay,LB,Latinobarometer (Gestión),Gestión,¿Usted aprueba o no aprueba la gestión del gobierno que encabeza el presidente [nombre]?,face-to-face
Uruguay,NOMADE,Nómade (Gestión),Gestión,¿Cómo evaluás la gestión de ... como Presidente de la República?,
Uruguay,OPCION,Opción Consultores (Gestión),Gestión,"¿Cómo evalúa usted la gestión del gobierno nacional encabezado por [NOMBRE]? Muy buena, buena v. ni buena ni mala v. mala, muy mala",cell phones
Uruguay,RADAR,Grupo Radar. Investigación de mercado y Opinión,Approval,,Ones Phone  other face-to face
Uzbekistan,GALLUPWORLD_LSHP,Gallup World Poll (leadership) ,Approval,Do you approve or disapprove of the job performance of the leadership of this country?,
Uzbekistan,GALLUPWORLD_LDR,Gallup World Poll (leader),Approval ,Do you approve or disapprove of the way the leader/head/President of this country is handling his/her job as leader/head/President?,
Venezuela,CBIMAG,CB Consultora (Imagen),Imagen,"Imagen: Muy buena + Buena, Mala + Muy Mala",
Venezuela,C21,Consultores 21 (Gobierno),Gobierno,"¿Cómo calificaría usted este gobierno de [NOMBRE] como, muy bueno, bueno, malo o muy malo?",
Venezuela,CIDGALLUPAPP,CIDGALLUP (Gestión),Gestión,Opinión sobre la gestión/desempeño presidencial: muy buena o buena (solo publica favorable),
Venezuela,CIMAAPP,Barómetro Iberoamericano de Gobernabilidad (Gestión),Gestión,¿Usted aprueba o desaprueba la gestión del Presidente?,
Venezuela,CIMAGES,Barómetro Iberoamericano de Gobernabilidad (Desempeño),Desempeño,"Usted diría que la forma como viene desempeñando su trabajo el Presidente es muy buena, buena, ni buena ni mala, mala o muy mala?",
Venezuela,DATANALISIS,Datanálisis (Labor),Labor,¿Cómo evalúa usted la labor del Presidente [NOMBRE] por el bienestar del país?,
Venezuela,DATINCORP,Datincorp (Gestión),Gestión,"¿Cómo evalúa usted la gestión presidencial de Nicolás Maduro? Excelente, buena, regular hacia buena v. regular hacia mala, mala, pesima",
Venezuela,DATOS,"Datos, C.A. (Labor)",Labor,"¿Cómo calificaría usted la labor que el actual gobierno está haciendo por usted personalmente? positiva, más positiva que negativa, ni positiva ni negativa, más negativa que positiva, negativa)",
Venezuela,DOXA,"Doxa, C.A.",,,
Venezuela,ECOANALITICA,"Ecoanalítica, C.A. (Gestión)",Gestión,"¿Cómo evaluaría Ud. la gestión del Presidente [NOMBRE] frente del gobierno? Buena, regular, mala",
Venezuela,EVANSMCD,"Evans/McDonough Company, Inc. (Gestión)",Gestión,"Evaluating the job performance of the government of President Hugo Chávez up to this point, has it been excellent, very good, good, somewhat good, very poor or awful?somewhat poor, poor,",
Venezuela,GALLUPWORLD_LSHP,Gallup World Poll (leadership) ,Approval,Do you approve or disapprove of the job performance of the leadership of this country?,
Venezuela,GALLUPWORLD_LDR,Gallup World Poll (leader),Approval ,Do you approve or disapprove of the way the leader/head/President of this country is handling his/her job as leader/head/President?,
Venezuela,GISXXIDES,GisXXI/Grupo Nacional de Investigaciones Sociales del Siglo XX (Desempeño),Desempeño,"¿Cómo calificaría el desempeño general del presidente [NOMBRE]: muy bueno, bueno,regular/ni bueno ni malo, malo o muy malo?",
Venezuela,GISXXIGES,GisXXI/Grupo Nacional de Investigaciones Sociales del Siglo XX (Gestión),Gestión,"Pensando en el último año, ¿cómo calificaría la gestión que ha llevado a cabo el Presidente [NOMBRE? Muy Buena/Buena v. Regular/Ni buena ni mala v. Muy Mala/Mala",
Venezuela,GQRR,Greenberg Quinlan Rosner Research (Gestión),Gestión,Do you approve or disapprove of Hugo Chávez's performance as president?,
Venezuela,HERCON,Hercon Consultores (Gestión),Gestión,"Si le tocaría evaluar la gestión del gobierno de [NOMBRE], Usted diría que es…?",
Venezuela,HINTERLACES,Hinterlaces (Gestión),Gestión,¿Cómo calificaría usted el desempeño del presidente?,
Venezuela,HINTERLACESAGRADO,Hinterlaces (Agradar),Agradar,Agrada v. ni agrada ni desagrada v. desagrada,
Venezuela,ICS,ICS/International Consulting Service (Gestión),Gestión,¿Cómo evalúa usted la actual gestión del gobierno del Presidente [NOMBRE]?,
Venezuela,IVADGES2,"IVAD/Instituto Venezolano Análisis de Datos, C.A. (Gestión)",Gestión,"¿Cómo considera usted la gestión de[Nombre] como Presidente de Venezuela? Es decir la considera: Excelente, Buena, Regular hacia Buena, Regular hacia mala, mala, pésima""",
Venezuela,IVADGES3,"IVAD/Instituto Venezolano Análisis de Datos, C.A. (Gestión)",Gestión,"¿Cómo considera usted la gestión de[Nombre] como Presidente de Venezuela? Es decir la considera: Excelente, Buena, Regular hacia Buena, Regular hacia mala, mala, pésima""",
Venezuela,KELLER,Alfredo Kelly y Asociados (Agradar),Agradar,,
Venezuela,LAPOP,AmericasBarometer (Trabajo),Trabajo,"Hablando en general acerca del gobierno actual, ¿diría usted que el trabajo que está realizando el Presidente [NAME OF CURRENT PRESIDENT] es muy bueno, bueno, ni bueno ni malo, malo, o muy malo?",
Venezuela,LB,Latinobarometer (Gestión),Gestión,¿Usted aprueba o no aprueba la gestión del gobierno que encabeza el presidente [nombre]?,
Venezuela,MERCANALISIS,Mercanálisis (Gestión),Gestión,How would you rate the performance of Hugo Chavez as president?,
Venezuela,POLINOMICS,Polinomics (Agradar),Agradar,,
Venezuela,POLINOMICSGES,Polinomics (Gestión),Gestión,,
Venezuela,VARIANZASGestión,Varianzas (Gestión),Gestión,Excelente+Muy Buena+Buena+Un Poco Buena v. Regular v. Un Poco Mala+Mala+Muy Mala+Pesima,
Venezuela,VARIANZASPERFILIMAG,Varianzas (Imagen),Imagen,Agrado v. Desagrado v.No conoce v. No sabe,
Venezuela,CIDGALLUP,CID-Gallup (Desempeño),Desempeño,"¿Diría que ha desempeñado sus labores muy bien, algo bien, ni bien ni mal, algo mal o muy mal?",
Vietnam,ASIANBAROMETER,,,,
Vietnam,GALLUPWORLD_LSHP,Gallup World Poll (leadership) ,Approval,Do you approve or disapprove of the job performance of the leadership of this country?,
Vietnam,GALLUPWORLD_LDR,Gallup World Poll (leader),Approval ,Do you approve or disapprove of the way the leader/head/President of this country is handling his/her job as leader/head/President?,
Yemen,ARABBAROMETER10,Arab Barometer wave 1/2/some of 3 *based on ten pt scale*,Satisfaction,"Using a similar 10-point scale, where 1 means very unsatisfied and 10 means very satisfied, indicate how satisfied you are with the performance of the current [respondent’s country] government",
Yemen,ARABBAROMETER11,"Arab Barometer waves 3-5, using an 11 pt scale",Satisfaction,"Suppose that there was a scale from 0-10 to measure the extent of your satisfaction with the government, in which 1 means that you were absolutely unsatisfied with its performance and 10 means that you were completely satisfied.",
Yemen,GALLUPWORLD_LSHP,Gallup World Poll (leadership) ,Approval,Do you approve or disapprove of the job performance of the leadership of this country?,
Yemen,GALLUPWORLD_LDR,Gallup World Poll (leader),Approval ,Do you approve or disapprove of the way the leader/head/President of this country is handling his/her job as leader/head/President?,
Zambia,Afrobarometer,Afrobarometer,Performance,"do you approve or disapprove of the way that the following people have performed their jobs over the past twelve months, or haven’t you heard enough about them to say?",
Zambia,GALLUPWORLD_LSHP,Gallup World Poll (leadership) ,Approval,Do you approve or disapprove of the job performance of the leadership of this country?,
Zambia,GALLUPWORLD_LDR,Gallup World Poll (leader),Approval ,Do you approve or disapprove of the way the leader/head/President of this country is handling his/her job as leader/head/President?,
Zimbabwe,Afrobarometer,Afrobarometer,Performance,"do you approve or disapprove of the way that the following people have performed their jobs over the past twelve months, or haven’t you heard enough about them to say?",
Zimbabwe,GALLUPWORLD_LSHP,Gallup World Poll (leadership) ,Approval,Do you approve or disapprove of the job performance of the leadership of this country?,
Zimbabwe,GALLUPWORLD_LDR,Gallup World Poll (leader),Approval ,Do you approve or disapprove of the way the leader/head/President of this country is handling his/her job as leader/head/President?,
New York City,QUINNIPIAC,Quinnipiac University Poll,,,
